timestamp,event,pod_name,pod_uid,priority,time_s
2026/02/03/13:55:35,apply-time,rs-000110-9gf77,e26db7fd-d2f5-449d-9e5b-2f489f3e37a9,1,19.196060
2026/02/03/13:55:35,running-time,rs-000110-9gf77,e26db7fd-d2f5-449d-9e5b-2f489f3e37a9,1,19.196060
2026/02/03/13:55:35,apply-time,rs-000110-ksncz,8454dc09-3109-4144-8252-2e9977b47722,1,19.196060
2026/02/03/13:55:35,running-time,rs-000110-ksncz,8454dc09-3109-4144-8252-2e9977b47722,1,19.196060
2026/02/03/13:55:35,apply-time,rs-000110-lfdvg,d0d33111-3108-451b-9667-84e3bbd31191,1,19.196060
2026/02/03/13:55:35,running-time,rs-000110-lfdvg,d0d33111-3108-451b-9667-84e3bbd31191,1,19.196060
2026/02/03/13:55:35,apply-time,rs-000111-w677c,d2c821aa-b885-4847-af2f-7b6f9816d778,1,19.196060
2026/02/03/13:55:35,running-time,rs-000111-w677c,d2c821aa-b885-4847-af2f-7b6f9816d778,1,19.196060
2026/02/03/13:56:05,apply-time,rs-000112-4lrtb,2694fee8-d6e2-4cf7-9bf1-5f96428bc1c4,1,49.196060
2026/02/03/13:56:05,running-time,rs-000112-4lrtb,2694fee8-d6e2-4cf7-9bf1-5f96428bc1c4,1,49.196060
2026/02/03/13:56:05,apply-time,rs-000112-hn5nx,6485602e-ec2d-4cff-b3ee-47fe1a6e24ad,1,49.196060
2026/02/03/13:56:05,running-time,rs-000112-hn5nx,6485602e-ec2d-4cff-b3ee-47fe1a6e24ad,1,49.196060
2026/02/03/13:56:05,apply-time,rs-000112-pml5g,8c909fb4-da3c-4b18-ae73-187fc5259bd3,1,49.196060
2026/02/03/13:56:05,running-time,rs-000112-pml5g,8c909fb4-da3c-4b18-ae73-187fc5259bd3,1,49.196060
2026/02/03/13:56:05,apply-time,rs-000113-4ptxp,5da3e7f0-a77c-4575-a5c2-0690d2090433,1,49.196060
2026/02/03/13:56:05,running-time,rs-000113-4ptxp,5da3e7f0-a77c-4575-a5c2-0690d2090433,1,49.196060
2026/02/03/13:56:05,apply-time,rs-000113-j6v9x,46daab1f-550a-445e-bc25-4f754bdf9296,1,49.196060
2026/02/03/13:56:05,running-time,rs-000113-j6v9x,46daab1f-550a-445e-bc25-4f754bdf9296,1,49.196060
2026/02/03/13:56:05,apply-time,rs-000113-tm5nq,0943046c-63d6-4a57-8757-beb276a0772f,1,49.196060
2026/02/03/13:56:05,running-time,rs-000113-tm5nq,0943046c-63d6-4a57-8757-beb276a0772f,1,49.196060
2026/02/03/13:56:06,apply-time,rs-000114-4f25b,14a41a88-420f-40a5-b3ca-bcc2c2825cf2,1,50.196060
2026/02/03/13:56:11,running-time,rs-000114-4f25b,14a41a88-420f-40a5-b3ca-bcc2c2825cf2,1,55.196060
2026/02/03/13:56:41,apply-time,rs-000115-4k9c8,808d3f39-26b9-4393-ad37-f37bb96efcec,1,85.196060
2026/02/03/13:56:41,running-time,rs-000115-4k9c8,808d3f39-26b9-4393-ad37-f37bb96efcec,1,85.196060
2026/02/03/13:56:41,apply-time,rs-000115-7h9s2,8f3adead-1fd0-435f-8f25-e58c9ce78996,1,85.196060
2026/02/03/13:56:41,running-time,rs-000115-7h9s2,8f3adead-1fd0-435f-8f25-e58c9ce78996,1,85.196060
2026/02/03/13:56:42,apply-time,rs-000116-2dn9c,dfca1723-6ce4-49b1-8ae4-97b67d2b70ab,1,86.196060
2026/02/03/13:56:42,running-time,rs-000116-2dn9c,dfca1723-6ce4-49b1-8ae4-97b67d2b70ab,1,86.196060
2026/02/03/13:56:42,apply-time,rs-000116-6kl7f,be18ffc2-9551-4f4b-b0b6-ce482b1f7c75,1,86.196060
2026/02/03/13:56:42,running-time,rs-000116-6kl7f,be18ffc2-9551-4f4b-b0b6-ce482b1f7c75,1,86.196060
2026/02/03/13:56:42,apply-time,rs-000117-cc92m,659c622e-951c-4a45-9573-7f61ad0cce40,1,86.196060
2026/02/03/13:56:42,running-time,rs-000117-cc92m,659c622e-951c-4a45-9573-7f61ad0cce40,1,86.196060
2026/02/03/13:56:42,apply-time,rs-000118-l6hfm,266a520b-aa67-4aaa-b58c-573bae006b65,1,86.196060
2026/02/03/13:56:42,running-time,rs-000118-l6hfm,266a520b-aa67-4aaa-b58c-573bae006b65,1,86.196060
2026/02/03/13:56:42,apply-time,rs-000119-mf2zk,c1b3df79-3110-4519-9be1-ac0173946b1b,1,86.196060
2026/02/03/13:56:42,running-time,rs-000119-mf2zk,c1b3df79-3110-4519-9be1-ac0173946b1b,1,86.196060
2026/02/03/13:56:42,apply-time,rs-000119-sc9kn,5d0cce5d-8bc5-4ffe-9aeb-fcc468829e7a,1,86.196060
2026/02/03/13:56:42,running-time,rs-000119-sc9kn,5d0cce5d-8bc5-4ffe-9aeb-fcc468829e7a,1,86.196060
2026/02/03/13:56:42,apply-time,rs-000120-7fj4v,789ce741-93db-475b-a7f6-b9a8df6fc073,1,86.196060
2026/02/03/13:56:42,running-time,rs-000120-7fj4v,789ce741-93db-475b-a7f6-b9a8df6fc073,1,86.196060
2026/02/03/13:56:42,apply-time,rs-000120-fcz4h,7d68b391-6cb1-439a-bece-da3241c7ddc5,1,86.196060
2026/02/03/13:56:42,running-time,rs-000120-fcz4h,7d68b391-6cb1-439a-bece-da3241c7ddc5,1,86.196060
2026/02/03/13:56:42,apply-time,rs-000120-spvhg,5a9874d0-944c-48b4-b67d-e977dc1a4612,1,86.196060
2026/02/03/13:56:42,running-time,rs-000120-spvhg,5a9874d0-944c-48b4-b67d-e977dc1a4612,1,86.196060
2026/02/03/13:56:43,apply-time,rs-000121-7phq2,c11c3720-21cd-4218-a97d-fec848550839,1,87.196060
2026/02/03/13:56:43,apply-time,rs-000121-92hxs,1b494eec-fa6e-428e-b79b-be133911518a,1,87.196060
2026/02/03/13:57:09,running-time,rs-000121-7phq2,c11c3720-21cd-4218-a97d-fec848550839,1,112.196060
2026/02/03/13:57:09,running-time,rs-000121-92hxs,1b494eec-fa6e-428e-b79b-be133911518a,1,112.196060
2026/02/03/13:57:19,apply-time,rs-000123-dcz22,c3d9f624-88be-449c-8b7d-4ca826b3d34d,1,123.196060
2026/02/03/13:57:19,running-time,rs-000123-dcz22,c3d9f624-88be-449c-8b7d-4ca826b3d34d,1,123.196060
2026/02/03/13:57:19,apply-time,rs-000123-fnhn5,6f776050-87e7-49b9-bfcd-b7e50f84cd24,1,123.196060
2026/02/03/13:57:19,running-time,rs-000123-fnhn5,6f776050-87e7-49b9-bfcd-b7e50f84cd24,1,123.196060
2026/02/03/13:57:21,apply-time,rs-000124-jhrvx,8fd3b809-fb3b-4b70-9707-b0f8b200f868,1,125.196060
2026/02/03/13:57:40,apply-time,rs-000125-xz27s,8fd3fbb2-2398-4ab5-b3ac-0f1e637e01fc,1,143.196060
2026/02/03/13:57:40,running-time,rs-000125-xz27s,8fd3fbb2-2398-4ab5-b3ac-0f1e637e01fc,1,143.196060
2026/02/03/13:57:40,apply-time,rs-000126-8g67f,93bae1c7-24db-4182-9e0a-4879da15d8db,1,143.196060
2026/02/03/13:57:40,apply-time,rs-000126-dvrzg,31192604-2bc5-4322-9804-b7cc3634f5ab,1,143.196060
2026/02/03/13:57:40,apply-time,rs-000126-k9zdg,d8b2db89-0bcf-4ff9-8c7b-c52daedff7ce,1,143.196060
2026/02/03/13:57:40,apply-time,rs-000127-4kkxg,9da48dc7-f23a-4d86-aacc-ab144b6640df,1,143.196060
2026/02/03/13:57:40,running-time,rs-000127-4kkxg,9da48dc7-f23a-4d86-aacc-ab144b6640df,1,143.196060
2026/02/03/13:57:40,apply-time,rs-000127-k5t7j,c9dd0f40-0f9a-416a-8fdc-63064a337c80,1,143.196060
2026/02/03/13:57:40,running-time,rs-000127-k5t7j,c9dd0f40-0f9a-416a-8fdc-63064a337c80,1,143.196060
2026/02/03/13:57:40,apply-time,rs-000127-rtpbv,1bc5a06b-18b7-47bd-b13b-2c4458d00f2d,1,143.196060
2026/02/03/13:57:40,running-time,rs-000127-rtpbv,1bc5a06b-18b7-47bd-b13b-2c4458d00f2d,1,143.196060
2026/02/03/13:57:50,apply-time,rs-000128-hljxc,b2dd3b2f-26e3-4038-a2e3-b1ac026c4f00,1,154.196060
2026/02/03/13:57:50,apply-time,rs-000128-jpqp7,ef8e894f-afb2-42bd-ac2a-07196a67f2c6,1,154.196060
2026/02/03/13:57:50,apply-time,rs-000129-c78hn,57a138f7-d198-484c-b92b-b27ec337afdc,1,154.196060
2026/02/03/13:57:50,apply-time,rs-000129-hz9bz,1aff0a3d-e2be-4a46-ad8a-ddfda8b60446,1,154.196060
2026/02/03/13:57:50,apply-time,rs-000129-srhkc,d50e6386-e0e0-4a3d-8b90-ec3d6f07b0af,1,154.196060
2026/02/03/13:57:50,apply-time,rs-000130-564pd,8d7e4313-4edd-41e5-9421-aeb696b43909,1,154.196060
2026/02/03/13:57:50,apply-time,rs-000130-5mjbl,a717265f-e7cc-4b0b-b4c9-ad16d66f9fbe,1,154.196060
2026/02/03/13:57:50,apply-time,rs-000130-zzmxn,cc3865fe-497b-4ec1-9a08-189a6feb223f,1,154.196060
2026/02/03/13:57:50,apply-time,rs-000131-d9hx5,8493ed38-9b78-4d9f-b2b5-0d8a2a34c749,1,154.196060
2026/02/03/13:57:50,apply-time,rs-000131-xrlcj,0c1ef2bb-c03c-43f3-b8c3-4bce1ef25372,1,154.196060
2026/02/03/13:57:50,apply-time,rs-000131-zkzxz,01dd484f-f6b6-423d-ae89-a663fc04646c,1,154.196060
2026/02/03/13:57:52,apply-time,rs-000132-b48cj,9cd5b826-c66d-42e9-bce5-23329aec2147,1,155.196060
2026/02/03/13:57:52,apply-time,rs-000132-dnztf,69016a43-affd-45f4-9796-0f70fabefdbc,1,155.196060
2026/02/03/13:57:52,apply-time,rs-000132-k68q7,1cc6ece1-addc-46f9-85e5-2bda217dd007,1,155.196060
2026/02/03/13:57:52,apply-time,rs-000133-k7vmz,eead9330-3ec4-48d1-9c78-ea95fc54e9c5,1,155.196060
2026/02/03/13:57:52,apply-time,rs-000134-gwlq2,ed5fe7d8-42da-429c-bf3b-a4f99fdae333,1,155.196060
2026/02/03/13:57:52,apply-time,rs-000135-s74pm,b199cd0c-0401-4610-bb48-69baf393dc2b,1,155.196060
2026/02/03/13:57:52,apply-time,rs-000136-bzjg6,70ce9faf-421c-4d98-9ee1-baa99bfb605e,1,155.196060
2026/02/03/13:57:53,apply-time,rs-000137-4ghmr,f78b1423-4dee-4760-943a-46f8c92adc86,1,157.196060
2026/02/03/13:57:53,apply-time,rs-000137-j22gt,c21687b2-75a3-4679-9c46-756ca9bf78ae,1,157.196060
2026/02/03/13:57:53,apply-time,rs-000138-575zx,5ef4f662-8c64-4097-96f0-7637ce98f57d,1,157.196060
2026/02/03/13:57:55,apply-time,rs-000139-8j8kt,a5ae3017-46b0-43d3-9c30-66d0415ea66f,1,159.196060
2026/02/03/13:57:55,apply-time,rs-000139-cxlwt,84055659-c480-4d89-9e02-52f52cf53745,1,159.196060
2026/02/03/13:57:55,apply-time,rs-000140-8d6km,9e4bdeda-dc14-4e12-9bbf-201a05765cb4,1,159.196060
2026/02/03/13:57:55,apply-time,rs-000140-dcnjf,a1c96432-1734-49f5-89c1-3fd921f3f033,1,159.196060
2026/02/03/13:57:57,running-time,rs-000126-8g67f,93bae1c7-24db-4182-9e0a-4879da15d8db,1,160.196060
2026/02/03/13:57:57,running-time,rs-000126-dvrzg,31192604-2bc5-4322-9804-b7cc3634f5ab,1,161.196060
2026/02/03/13:57:57,running-time,rs-000126-k9zdg,d8b2db89-0bcf-4ff9-8c7b-c52daedff7ce,1,160.196060
2026/02/03/13:58:15,running-time,rs-000131-d9hx5,8493ed38-9b78-4d9f-b2b5-0d8a2a34c749,1,179.196060
2026/02/03/13:58:15,running-time,rs-000131-xrlcj,0c1ef2bb-c03c-43f3-b8c3-4bce1ef25372,1,179.196060
2026/02/03/13:58:15,running-time,rs-000131-zkzxz,01dd484f-f6b6-423d-ae89-a663fc04646c,1,179.196060
2026/02/03/13:58:15,running-time,rs-000132-b48cj,9cd5b826-c66d-42e9-bce5-23329aec2147,1,179.196060
2026/02/03/13:58:15,running-time,rs-000132-dnztf,69016a43-affd-45f4-9796-0f70fabefdbc,1,179.196060
2026/02/03/13:58:15,running-time,rs-000132-k68q7,1cc6ece1-addc-46f9-85e5-2bda217dd007,1,179.196060
2026/02/03/13:58:15,running-time,rs-000134-gwlq2,ed5fe7d8-42da-429c-bf3b-a4f99fdae333,1,179.196060
2026/02/03/13:58:15,running-time,rs-000135-s74pm,b199cd0c-0401-4610-bb48-69baf393dc2b,1,179.196060
2026/02/03/13:58:52,running-time,rs-000139-8j8kt,a5ae3017-46b0-43d3-9c30-66d0415ea66f,1,215.196060
2026/02/03/13:58:52,running-time,rs-000139-cxlwt,84055659-c480-4d89-9e02-52f52cf53745,1,215.196060
2026/02/03/14:00:05,running-time,rs-000137-4ghmr,f78b1423-4dee-4760-943a-46f8c92adc86,1,288.196060
2026/02/03/14:00:05,running-time,rs-000140-dcnjf,a1c96432-1734-49f5-89c1-3fd921f3f033,1,288.196060
2026/02/03/14:00:05,apply-time,rs-000141-lj798,475fd97e-d2b0-4c25-b765-2e915c478ba6,1,288.196060
2026/02/03/14:00:05,apply-time,rs-000141-vgmq7,1c9e2e69-b5c3-4b13-a82e-0a5855a057af,1,288.196060
2026/02/03/14:00:39,running-time,rs-000141-vgmq7,1c9e2e69-b5c3-4b13-a82e-0a5855a057af,1,323.196060
2026/02/03/14:00:40,running-time,rs-000137-j22gt,c21687b2-75a3-4679-9c46-756ca9bf78ae,1,323.196060
2026/02/03/14:00:40,running-time,rs-000141-lj798,475fd97e-d2b0-4c25-b765-2e915c478ba6,1,323.196060
2026/02/03/14:01:51,apply-time,rs-000121-nzmt4,9e32df2b-b17a-4fa1-a12f-bee7878d6efe,1,394.196060
2026/02/03/14:01:51,running-time,rs-000121-nzmt4,9e32df2b-b17a-4fa1-a12f-bee7878d6efe,1,394.196060
2026/02/03/14:01:51,running-time,rs-000140-8d6km,9e4bdeda-dc14-4e12-9bbf-201a05765cb4,1,394.196060
2026/02/03/14:01:53,apply-time,rs-000142-lf7dr,ff203bc5-b428-46b6-8bb1-fe5c2d67fe90,1,397.196060
2026/02/03/14:01:53,apply-time,rs-000142-mq8j4,82e8689d-4cde-4d24-bc16-c51008c71a5f,1,397.196060
2026/02/03/14:01:53,apply-time,rs-000142-x5rkq,9145e5b2-db37-4230-88a9-50ef0b9f4b16,1,397.196060
2026/02/03/14:01:53,apply-time,rs-000143-j6bkc,88d094c6-0a3d-4469-b5eb-dbb796c88d3d,1,397.196060
2026/02/03/14:01:53,apply-time,rs-000144-6zbwt,be1c28c5-e248-4ebc-9b5b-40d3f4e35fa8,1,397.196060
2026/02/03/14:01:53,apply-time,rs-000144-9h58j,74d1e36f-5de7-4a43-b734-9fde39e4d08b,1,397.196060
2026/02/03/14:01:54,apply-time,rs-000145-kp6q5,a2ec9c6b-79d0-4e42-9fe2-661b74046ad6,1,397.196060
2026/02/03/14:01:54,apply-time,rs-000145-t5kgh,1f380884-6cdb-43fa-be25-ef7b128666fc,1,397.196060
2026/02/03/14:01:54,apply-time,rs-000145-zr5cb,f508539f-9e3b-4326-a67a-6e4a2102e13d,1,397.196060
2026/02/03/14:01:54,apply-time,rs-000146-8h8bc,6ead123b-32f1-4837-87af-4cfbda44733d,1,397.196060
2026/02/03/14:01:54,apply-time,rs-000147-f7mqb,b4fffd4e-0439-40c2-b158-777d9ec02bf6,1,397.196060
2026/02/03/14:01:54,apply-time,rs-000147-lcv75,88eed9f7-d89e-4054-a140-bffd926623ea,1,397.196060
2026/02/03/14:02:11,running-time,rs-000145-t5kgh,1f380884-6cdb-43fa-be25-ef7b128666fc,1,415.196060
2026/02/03/14:02:11,running-time,rs-000146-8h8bc,6ead123b-32f1-4837-87af-4cfbda44733d,1,415.196060
2026/02/03/14:02:11,running-time,rs-000147-f7mqb,b4fffd4e-0439-40c2-b158-777d9ec02bf6,1,415.196060
2026/02/03/14:02:11,running-time,rs-000147-lcv75,88eed9f7-d89e-4054-a140-bffd926623ea,1,415.196060
2026/02/03/14:03:36,apply-time,rs-000148-9rmqv,6c85c527-1459-4c48-989a-7c4be9f436aa,1,500.196060
2026/02/03/14:03:36,running-time,rs-000148-9rmqv,6c85c527-1459-4c48-989a-7c4be9f436aa,1,500.196060
2026/02/03/14:03:36,apply-time,rs-000148-qjcnh,ecdd6ac4-5d91-40f1-b903-cd22b0b38a13,1,500.196060
2026/02/03/14:03:36,running-time,rs-000148-qjcnh,ecdd6ac4-5d91-40f1-b903-cd22b0b38a13,1,500.196060
2026/02/03/14:03:36,apply-time,rs-000149-56b8g,0fb78a6d-312e-4ad8-bcc4-bea39a8c7c7f,1,500.196060
2026/02/03/14:03:36,apply-time,rs-000149-9vqn6,114e8c55-54b8-4849-9263-9adb08e43e95,1,500.196060
2026/02/03/14:04:44,apply-time,rs-000150-js76d,647ebd31-c13e-402b-a6e9-dc2d35cb1052,1,567.196060
2026/02/03/14:04:44,running-time,rs-000150-js76d,647ebd31-c13e-402b-a6e9-dc2d35cb1052,1,567.196060
2026/02/03/14:04:44,apply-time,rs-000150-ss8g5,f518bab0-b21f-4ab8-902f-c21dbadd1f2e,1,567.196060
2026/02/03/14:04:44,running-time,rs-000150-ss8g5,f518bab0-b21f-4ab8-902f-c21dbadd1f2e,1,567.196060
2026/02/03/14:07:13,apply-time,rs-000151-89lh5,cd3548d5-06c2-490d-94d2-41b422a9a452,1,716.196060
2026/02/03/14:07:13,running-time,rs-000151-89lh5,cd3548d5-06c2-490d-94d2-41b422a9a452,1,716.196060
2026/02/03/14:09:11,apply-time,rs-000152-pw27s,015af624-7ecd-4b06-80ce-f9bbe27bc8bb,1,834.196060
2026/02/03/14:09:11,running-time,rs-000152-pw27s,015af624-7ecd-4b06-80ce-f9bbe27bc8bb,1,834.196060
2026/02/03/14:09:11,apply-time,rs-000153-gkzkv,f63deb91-7fb3-4b0d-8a00-f676bf0ea188,1,835.196060
2026/02/03/14:09:11,running-time,rs-000153-gkzkv,f63deb91-7fb3-4b0d-8a00-f676bf0ea188,1,835.196060
2026/02/03/14:09:11,apply-time,rs-000154-8c9x8,18aa3363-6e5f-44ad-aced-2c40b865a66e,1,835.196060
2026/02/03/14:09:11,apply-time,rs-000154-bv7k9,fc1b9686-023a-4444-8edd-93796fb6c447,1,835.196060
2026/02/03/14:09:11,apply-time,rs-000154-rr6wq,632648b1-4557-4e8b-b815-abac896b74bb,1,835.196060
2026/02/03/14:09:15,apply-time,rs-000155-5tcj2,fd46e81c-15a2-4930-a8cd-4d3fd3983402,1,839.196060
2026/02/03/14:09:15,apply-time,rs-000155-gl74v,99203302-eecd-4786-a744-1088fb0ffb23,1,839.196060
2026/02/03/14:09:15,apply-time,rs-000156-blcg2,9444ed65-b184-456d-bf89-ce899708870c,1,839.196060
2026/02/03/14:09:15,apply-time,rs-000156-jr562,6de1d947-2c48-4c02-8447-886e6418d1f2,1,839.196060
2026/02/03/14:09:15,apply-time,rs-000156-l6ll2,5b568cf3-893f-4976-a024-e0967d7c74b1,1,839.196060
2026/02/03/14:09:15,apply-time,rs-000157-pcb2t,3154dfa0-2b3c-45ca-98e8-c602339e5c26,1,839.196060
2026/02/03/14:09:15,apply-time,rs-000158-ftmhf,a4c76910-4590-4687-8030-832f6fa3e79e,1,839.196060
2026/02/03/14:09:15,apply-time,rs-000158-j5wzc,9096ecda-bbb6-4252-af54-4e4ffe6e20ef,1,839.196060
2026/02/03/14:09:29,running-time,rs-000156-blcg2,9444ed65-b184-456d-bf89-ce899708870c,1,853.196060
2026/02/03/14:09:29,running-time,rs-000156-jr562,6de1d947-2c48-4c02-8447-886e6418d1f2,1,853.196060
2026/02/03/14:09:29,running-time,rs-000156-l6ll2,5b568cf3-893f-4976-a024-e0967d7c74b1,1,853.196060
2026/02/03/14:09:43,apply-time,rs-000159-ffx6s,db08a71f-8ab5-4cba-899c-ba5c26f8b855,1,867.196060
2026/02/03/14:09:43,running-time,rs-000159-ffx6s,db08a71f-8ab5-4cba-899c-ba5c26f8b855,1,867.196060
2026/02/03/14:09:43,apply-time,rs-000159-sh8b7,0c2af087-5ea1-4176-9059-0a3dd6980f11,1,867.196060
2026/02/03/14:09:44,running-time,rs-000159-sh8b7,0c2af087-5ea1-4176-9059-0a3dd6980f11,1,867.196060
2026/02/03/14:09:44,apply-time,rs-000160-gp2bk,a3a8c28a-cc23-4edd-bc36-71f19e8dccfc,1,867.196060
2026/02/03/14:09:44,running-time,rs-000160-gp2bk,a3a8c28a-cc23-4edd-bc36-71f19e8dccfc,1,867.196060
2026/02/03/14:09:44,apply-time,rs-000160-krzns,f6909f19-27f0-4c3e-91ae-da9a582f1460,1,867.196060
2026/02/03/14:09:44,apply-time,rs-000160-tvtr2,b168b786-2ae9-4e94-8b61-2c6ea2379d43,1,867.196060
2026/02/03/14:09:44,running-time,rs-000160-tvtr2,b168b786-2ae9-4e94-8b61-2c6ea2379d43,1,867.196060
2026/02/03/14:09:44,apply-time,rs-000161-nwzk8,450e5be1-b55c-4d5a-9d1e-7f9f4837923c,1,867.196060
2026/02/03/14:09:44,apply-time,rs-000161-z4jln,ed18074c-e3cb-4e1b-a7ed-a1630d8adda5,1,867.196060
2026/02/03/14:09:49,apply-time,rs-000162-sft9h,bd5c5e73-da1b-4f95-800b-73601abc1d8d,1,873.196060
2026/02/03/14:09:49,apply-time,rs-000163-jfdnz,d9005a18-450c-4cb6-bbaf-d373c282d159,1,872.196060
2026/02/03/14:09:56,apply-time,rs-000164-h2nng,7ad18a6a-bb92-4a65-b381-844cffaa7351,1,880.196060
2026/02/03/14:09:56,apply-time,rs-000165-cxjbv,de33ed89-5d1c-4b86-a2f6-553bd6378d89,1,880.196060
2026/02/03/14:09:56,apply-time,rs-000166-54njv,677b0df2-80d7-4ca7-b097-d0ed319213ef,1,880.196060
2026/02/03/14:09:56,apply-time,rs-000166-gvwsw,c196cec5-596b-4855-9cf8-7ae55c5b2c13,1,880.196060
2026/02/03/14:09:56,apply-time,rs-000166-tm677,7580add5-2293-400f-8a26-5676c5064c51,1,880.196060
2026/02/03/14:09:56,apply-time,rs-000167-h7c5g,774d22f1-cda6-41a0-806d-7594095730c9,1,880.196060
2026/02/03/14:09:56,apply-time,rs-000167-jjx8h,5bdd9fc3-f2b0-49bf-b8a6-b040a97f097e,1,880.196060
2026/02/03/14:09:56,apply-time,rs-000168-hd4r9,87b41cc7-8a5e-4ec1-97bb-dc42c0134ad8,1,880.196060
2026/02/03/14:09:57,apply-time,rs-000169-ddxkq,ddbb1358-4877-4d0c-8a90-40fe4f4ba907,1,880.196060
2026/02/03/14:09:57,apply-time,rs-000169-kf7vz,0ba99cb0-d48f-43f6-b36a-86992642607e,1,880.196060
2026/02/03/14:09:57,apply-time,rs-000170-52wpj,80cdccf7-7274-4ab8-9d7c-4ff7b04c1298,1,880.196060
2026/02/03/14:09:57,apply-time,rs-000170-fnbpp,dcfc84c8-a6d9-48ef-896e-0fd9ae2d41b7,1,880.196060
2026/02/03/14:09:57,apply-time,rs-000170-jqs74,fc636e52-adb2-44f8-9dad-6d7233d194c0,1,880.196060
2026/02/03/14:09:58,running-time,rs-000160-krzns,f6909f19-27f0-4c3e-91ae-da9a582f1460,1,881.196060
2026/02/03/14:09:58,running-time,rs-000161-nwzk8,450e5be1-b55c-4d5a-9d1e-7f9f4837923c,1,881.196060
2026/02/03/14:09:58,running-time,rs-000161-z4jln,ed18074c-e3cb-4e1b-a7ed-a1630d8adda5,1,881.196060
2026/02/03/14:09:58,apply-time,rs-000171-d9gsc,629e4347-6794-4e12-8410-7726f106c002,1,882.196060
2026/02/03/14:09:58,apply-time,rs-000171-dtx5n,d7e16c34-9efe-4d6c-afec-0209d8a9b0ae,1,882.196060
2026/02/03/14:09:58,apply-time,rs-000171-hmd6z,0eca30cc-7305-4c06-8ba4-41ce64ffba74,1,882.196060
2026/02/03/14:09:58,apply-time,rs-000172-zpjcj,e7207888-d7ff-4109-8832-2da9b77aecc8,1,882.196060
2026/02/03/14:10:00,apply-time,rs-000173-djhcq,75029c70-4fe4-4ae5-934c-d5763e35ddde,1,883.196060
2026/02/03/14:10:14,apply-time,rs-000174-kn47l,26d256ed-166f-441c-b6b9-3923625dedd9,1,899.196060
2026/02/03/14:10:14,apply-time,rs-000174-tmc96,a897b1fa-cee7-45c9-926d-c1074f27d253,1,899.196060
2026/02/03/14:10:16,running-time,rs-000162-sft9h,bd5c5e73-da1b-4f95-800b-73601abc1d8d,1,900.196060
2026/02/03/14:10:16,running-time,rs-000165-cxjbv,de33ed89-5d1c-4b86-a2f6-553bd6378d89,1,900.196060
2026/02/03/14:10:16,running-time,rs-000167-jjx8h,5bdd9fc3-f2b0-49bf-b8a6-b040a97f097e,1,900.196060
2026/02/03/14:10:16,apply-time,rs-000175-26jv6,0023b17d-1693-47c4-97b7-b803145f3561,1,900.196060
2026/02/03/14:10:16,apply-time,rs-000175-lc8zg,54051a7c-5097-4a7a-8996-cd6253d01c39,1,900.196060
2026/02/03/14:10:16,apply-time,rs-000176-4kdxk,83da06c2-9b95-49d1-b128-415ae2a43c67,1,900.196060
2026/02/03/14:10:16,apply-time,rs-000176-bjbnl,313ed26c-9076-45c8-82f3-3197e154385a,1,900.196060
2026/02/03/14:10:17,apply-time,rs-000177-jcb9n,fea3039d-8a9e-4e22-90fe-eae82c6b5758,1,901.196060
2026/02/03/14:10:17,apply-time,rs-000177-n49k6,6ae93e5a-178d-453e-844a-217dfb03b990,1,901.196060
2026/02/03/14:10:17,apply-time,rs-000177-nkzsk,0fd2390d-8f7a-41dc-9a08-5f26ac1e1fab,1,901.196060
2026/02/03/14:10:17,apply-time,rs-000178-dgnhx,0b51f8d1-7625-456a-b055-05316a776624,1,901.196060
2026/02/03/14:10:17,apply-time,rs-000178-fgzb5,b14e02ea-9651-428d-a201-e10cc54892eb,1,901.196060
2026/02/03/14:10:17,apply-time,rs-000179-p5p2g,5192a491-a69e-4cd2-987d-5a0b4f69d7e4,1,901.196060
2026/02/03/14:10:17,apply-time,rs-000179-zj4w2,1ae8e391-6d7e-46d3-a7ec-55cb273cf9fd,1,901.196060
2026/02/03/14:10:17,apply-time,rs-000180-tndgk,c9422c86-15be-4ae3-b73b-e1f1ed6441c9,1,901.196060
2026/02/03/14:10:18,apply-time,rs-000181-5l97v,5ede7ef8-d9a9-4ca4-9009-b2d427e2ee11,1,901.196060
2026/02/03/14:10:18,apply-time,rs-000181-gknt6,dae6c365-3a48-4086-b74f-e2f5481b15f7,1,901.196060
2026/02/03/14:10:18,apply-time,rs-000181-rmpz8,87924328-44b0-4bd6-a625-22985e5a6efe,1,901.196060
2026/02/03/14:10:49,apply-time,rs-000182-b8lsq,3636d1a9-298c-454a-918c-552cfee71ef7,1,933.196060
2026/02/03/14:10:49,apply-time,rs-000182-z5kpk,db773ac8-5319-40b0-81e3-20df56c76f61,1,933.196060
2026/02/03/14:11:11,running-time,rs-000163-jfdnz,d9005a18-450c-4cb6-bbaf-d373c282d159,1,954.196060
2026/02/03/14:11:11,running-time,rs-000172-zpjcj,e7207888-d7ff-4109-8832-2da9b77aecc8,1,954.196060
2026/02/03/14:11:11,running-time,rs-000179-p5p2g,5192a491-a69e-4cd2-987d-5a0b4f69d7e4,1,954.196060
2026/02/03/14:11:11,running-time,rs-000179-zj4w2,1ae8e391-6d7e-46d3-a7ec-55cb273cf9fd,1,954.196060
2026/02/03/14:11:47,running-time,rs-000169-ddxkq,ddbb1358-4877-4d0c-8a90-40fe4f4ba907,1,990.196060
2026/02/03/14:11:47,running-time,rs-000169-kf7vz,0ba99cb0-d48f-43f6-b36a-86992642607e,1,990.196060
2026/02/03/14:11:47,running-time,rs-000181-5l97v,5ede7ef8-d9a9-4ca4-9009-b2d427e2ee11,1,990.196060
2026/02/03/14:11:47,running-time,rs-000181-gknt6,dae6c365-3a48-4086-b74f-e2f5481b15f7,1,990.196060
2026/02/03/14:11:47,running-time,rs-000181-rmpz8,87924328-44b0-4bd6-a625-22985e5a6efe,1,990.196060
2026/02/03/14:11:47,running-time,rs-000182-b8lsq,3636d1a9-298c-454a-918c-552cfee71ef7,1,990.196060
2026/02/03/14:11:47,running-time,rs-000182-z5kpk,db773ac8-5319-40b0-81e3-20df56c76f61,1,990.196060
2026/02/03/14:13:45,apply-time,rs-000183-cqwk6,d257c022-0f64-4d0f-8094-ca1885a8a9ef,1,1109.196060
2026/02/03/14:13:45,running-time,rs-000183-cqwk6,d257c022-0f64-4d0f-8094-ca1885a8a9ef,1,1109.196060
2026/02/03/14:15:39,apply-time,rs-000184-8ff5v,f88fca17-a05e-4826-97aa-a9660a2639f3,1,1223.196060
2026/02/03/14:15:39,running-time,rs-000184-8ff5v,f88fca17-a05e-4826-97aa-a9660a2639f3,1,1223.196060
2026/02/03/14:19:37,apply-time,rs-000185-bt6bd,d0a319f9-3f11-4276-b2c9-90a15794872c,1,1460.196060
2026/02/03/14:19:37,running-time,rs-000185-bt6bd,d0a319f9-3f11-4276-b2c9-90a15794872c,1,1460.196060
2026/02/03/14:19:37,apply-time,rs-000185-rz8vd,9edab05c-9263-4eab-95c4-d8b3e114557c,1,1460.196060
2026/02/03/14:19:37,running-time,rs-000185-rz8vd,9edab05c-9263-4eab-95c4-d8b3e114557c,1,1460.196060
2026/02/03/14:19:37,apply-time,rs-000185-x9f9v,c02ae495-5098-449a-90b8-5d042586d994,1,1460.196060
2026/02/03/14:19:37,running-time,rs-000185-x9f9v,c02ae495-5098-449a-90b8-5d042586d994,1,1460.196060
2026/02/03/14:23:41,apply-time,rs-000186-mvw5n,faad4faa-905a-4b0a-abfb-626e5636d65f,1,1704.196060
2026/02/03/14:23:41,running-time,rs-000186-mvw5n,faad4faa-905a-4b0a-abfb-626e5636d65f,1,1704.196060
2026/02/03/14:23:41,apply-time,rs-000186-r2jnv,e04317ef-10c2-4f2c-a562-de29c0993388,1,1704.196060
2026/02/03/14:23:41,running-time,rs-000186-r2jnv,e04317ef-10c2-4f2c-a562-de29c0993388,1,1704.196060
2026/02/03/14:23:41,apply-time,rs-000186-zd69z,62e4d359-5310-4fc4-a775-2584408eef24,1,1704.196060
2026/02/03/14:23:41,running-time,rs-000186-zd69z,62e4d359-5310-4fc4-a775-2584408eef24,1,1704.196060
2026/02/03/14:23:42,apply-time,rs-000187-xj5kr,c4714e8a-12a9-47d1-91e6-6103618f6f12,1,1706.196060
2026/02/03/14:23:42,running-time,rs-000187-xj5kr,c4714e8a-12a9-47d1-91e6-6103618f6f12,1,1706.196060
2026/02/03/14:23:42,apply-time,rs-000187-z2z2h,362b30c3-eab1-48ca-b60b-1616f112450e,1,1706.196060
2026/02/03/14:23:42,running-time,rs-000187-z2z2h,362b30c3-eab1-48ca-b60b-1616f112450e,1,1706.196060
2026/02/03/14:25:06,apply-time,rs-000188-54mc7,08f687a3-c092-4341-9b90-09d9ac857c88,1,1790.196060
2026/02/03/14:25:06,running-time,rs-000188-54mc7,08f687a3-c092-4341-9b90-09d9ac857c88,1,1790.196060
2026/02/03/14:25:06,apply-time,rs-000188-ljgpf,b3a3db3a-f49f-4576-952d-735d7961b43d,1,1790.196060
2026/02/03/14:25:06,running-time,rs-000188-ljgpf,b3a3db3a-f49f-4576-952d-735d7961b43d,1,1790.196060
2026/02/03/14:25:06,apply-time,rs-000188-npqvl,84dcf5d5-6a22-4bd6-9b5f-c571e057adf8,1,1790.196060
2026/02/03/14:25:06,running-time,rs-000188-npqvl,84dcf5d5-6a22-4bd6-9b5f-c571e057adf8,1,1790.196060
2026/02/03/14:25:06,apply-time,rs-000189-44d9z,558f27bf-ebae-4362-b704-065c72d70052,1,1789.196060
2026/02/03/14:25:06,running-time,rs-000189-44d9z,558f27bf-ebae-4362-b704-065c72d70052,1,1789.196060
2026/02/03/14:25:06,apply-time,rs-000189-d8nwl,42ea380d-1917-4125-ac6b-2d1217d6b799,1,1789.196060
2026/02/03/14:25:06,running-time,rs-000189-d8nwl,42ea380d-1917-4125-ac6b-2d1217d6b799,1,1790.196060
2026/02/03/14:25:06,apply-time,rs-000190-7fl6l,f3b738e1-4993-4205-b100-edc78bfd1573,1,1790.196060
2026/02/03/14:25:06,running-time,rs-000190-7fl6l,f3b738e1-4993-4205-b100-edc78bfd1573,1,1790.196060
2026/02/03/14:26:22,apply-time,rs-000191-7d5kl,d4fa623f-cd7f-493a-90ab-656f10737751,1,1866.196060
2026/02/03/14:26:22,running-time,rs-000191-7d5kl,d4fa623f-cd7f-493a-90ab-656f10737751,1,1866.196060
2026/02/03/14:26:22,apply-time,rs-000191-bzbwc,6bd4b9a2-6412-49c1-ae16-a7df570ecc8b,1,1866.196060
2026/02/03/14:26:22,running-time,rs-000191-bzbwc,6bd4b9a2-6412-49c1-ae16-a7df570ecc8b,1,1866.196060
2026/02/03/14:26:25,apply-time,rs-000192-lgdbd,9c8487ec-649d-4de1-842f-aaf5740560de,1,1869.196060
2026/02/03/14:26:25,apply-time,rs-000192-m8q8r,b771afbc-c998-42a7-a1c3-82705db6b5ac,1,1869.196060
2026/02/03/14:26:25,apply-time,rs-000192-xrtmx,97277582-1e5d-4652-8eae-e0101293b950,1,1869.196060
2026/02/03/14:26:26,apply-time,rs-000193-twl8x,b2465624-aea4-4462-8735-efa3f78475f1,1,1869.196060
2026/02/03/14:26:39,apply-time,rs-000134-4jdvq,cd440700-da83-4e79-ba9a-1c7a8537d212,1,1882.196060
2026/02/03/14:26:39,running-time,rs-000134-4jdvq,cd440700-da83-4e79-ba9a-1c7a8537d212,1,1882.196060
2026/02/03/14:26:39,apply-time,rs-000182-tm8df,ad167f57-cd93-4f33-86c8-be97d60113b5,1,1882.196060
2026/02/03/14:26:39,running-time,rs-000182-tm8df,ad167f57-cd93-4f33-86c8-be97d60113b5,1,1882.196060
2026/02/03/14:26:39,running-time,rs-000192-lgdbd,9c8487ec-649d-4de1-842f-aaf5740560de,1,1882.196060
2026/02/03/14:26:39,running-time,rs-000192-m8q8r,b771afbc-c998-42a7-a1c3-82705db6b5ac,1,1882.196060
2026/02/03/14:26:39,running-time,rs-000192-xrtmx,97277582-1e5d-4652-8eae-e0101293b950,1,1882.196060
2026/02/03/14:26:39,running-time,rs-000193-twl8x,b2465624-aea4-4462-8735-efa3f78475f1,1,1882.196060
2026/02/03/14:27:22,apply-time,rs-000194-czblw,9fe906a1-a8ce-4cd4-b1a4-297046e07443,1,1926.196060
2026/02/03/14:27:22,running-time,rs-000194-czblw,9fe906a1-a8ce-4cd4-b1a4-297046e07443,1,1926.196060
2026/02/03/14:27:22,apply-time,rs-000194-gjshc,95d89516-e655-467e-9d1b-d5f1a409aeb7,1,1926.196060
2026/02/03/14:27:22,running-time,rs-000194-gjshc,95d89516-e655-467e-9d1b-d5f1a409aeb7,1,1926.196060
2026/02/03/14:27:22,apply-time,rs-000194-r7f7b,9373b1d5-db89-4851-9062-a40a97d22f98,1,1926.196060
2026/02/03/14:27:22,running-time,rs-000194-r7f7b,9373b1d5-db89-4851-9062-a40a97d22f98,1,1926.196060
2026/02/03/14:27:31,apply-time,rs-000195-dwxwr,f7e8cd20-170d-4938-b8a5-330024600faf,1,1934.196060
2026/02/03/14:27:31,running-time,rs-000195-dwxwr,f7e8cd20-170d-4938-b8a5-330024600faf,1,1934.196060
2026/02/03/14:27:31,apply-time,rs-000196-xfp59,7cdcc0d3-825d-4e71-9af8-c2a87cfc0289,1,1934.196060
2026/02/03/14:27:31,running-time,rs-000196-xfp59,7cdcc0d3-825d-4e71-9af8-c2a87cfc0289,1,1934.196060
2026/02/03/14:27:31,apply-time,rs-000197-86d2n,d1eb1e31-7441-4a53-9603-d053d7482b7f,1,1934.196060
2026/02/03/14:27:31,apply-time,rs-000197-k2j4z,e51d4354-9411-484e-bee9-3debae5b9aa8,1,1934.196060
2026/02/03/14:27:31,running-time,rs-000197-k2j4z,e51d4354-9411-484e-bee9-3debae5b9aa8,1,1934.196060
2026/02/03/14:27:31,apply-time,rs-000197-wzpnn,2c0b3430-9b79-4da6-a813-4fc9c76fbad3,1,1934.196060
2026/02/03/14:27:31,running-time,rs-000197-wzpnn,2c0b3430-9b79-4da6-a813-4fc9c76fbad3,1,1934.196060
2026/02/03/14:27:45,running-time,rs-000197-86d2n,d1eb1e31-7441-4a53-9603-d053d7482b7f,1,1948.196060
2026/02/03/14:27:53,apply-time,rs-000198-ktd9l,e658f4c4-efa5-41a6-b6cf-744375eb68c1,1,1956.196060
2026/02/03/14:27:53,running-time,rs-000198-ktd9l,e658f4c4-efa5-41a6-b6cf-744375eb68c1,1,1956.196060
2026/02/03/14:27:53,apply-time,rs-000199-cpvdn,2e218cfa-d926-4412-a260-de1310c8900c,1,1956.196060
2026/02/03/14:27:53,apply-time,rs-000199-vdqsr,bc5d9cb7-3369-4d10-9831-eebfb63e97eb,1,1956.196060
2026/02/03/14:27:53,apply-time,rs-000200-xxf7w,c8758319-82eb-416d-af91-6a6121200fd1,1,1956.196060
2026/02/03/14:27:53,apply-time,rs-000201-c7mtf,1f17fefe-e615-483b-b162-98dd0f14af92,1,1956.196060
2026/02/03/14:27:53,apply-time,rs-000201-cghhq,65a6b350-2e27-4a76-8cc5-a365a31cc236,1,1956.196060
2026/02/03/14:27:53,apply-time,rs-000201-krv6l,2a23bfb1-e745-4a04-8e15-6ca2c42893f3,1,1956.196060
2026/02/03/14:27:55,apply-time,rs-000202-lf2gv,e7901f3e-383d-4e09-bfed-7fdf91b3c4a9,1,1958.196060
2026/02/03/14:27:55,apply-time,rs-000202-wshmt,43a20789-4029-4851-9b29-d5a94860d4b7,1,1958.196060
2026/02/03/14:27:55,apply-time,rs-000203-dxjm6,dfaa7c14-eff5-468c-b340-b0415383b5bc,1,1958.196060
2026/02/03/14:27:55,apply-time,rs-000203-fhf5z,43b30c81-63dc-46ca-939b-f0b4946bf711,1,1958.196060
2026/02/03/14:27:55,apply-time,rs-000203-spxdf,f54a4011-8e7a-42d1-81c8-065a0a91b453,1,1958.196060
2026/02/03/14:28:09,apply-time,rs-000204-xjwlz,e0a35620-8129-484a-b201-b460d214a9e6,1,1970.196060
2026/02/03/14:28:09,apply-time,rs-000205-mrlkk,84b7c3ea-1bfa-4d3e-871d-9c2138feede3,1,1970.196060
2026/02/03/14:28:30,running-time,rs-000200-xxf7w,c8758319-82eb-416d-af91-6a6121200fd1,1,1993.196060
2026/02/03/14:28:30,running-time,rs-000204-xjwlz,e0a35620-8129-484a-b201-b460d214a9e6,1,1993.196060
2026/02/03/14:28:30,running-time,rs-000205-mrlkk,84b7c3ea-1bfa-4d3e-871d-9c2138feede3,1,1993.196060
2026/02/03/14:30:55,apply-time,rs-000206-8mkk4,22ddcd86-1142-4ab5-a529-f5331032d011,1,2138.196060
2026/02/03/14:30:55,running-time,rs-000206-8mkk4,22ddcd86-1142-4ab5-a529-f5331032d011,1,2138.196060
2026/02/03/14:30:55,apply-time,rs-000206-djw8v,f3b250dd-f7af-4a81-a786-9cf6765a22b7,1,2138.196060
2026/02/03/14:30:55,running-time,rs-000206-djw8v,f3b250dd-f7af-4a81-a786-9cf6765a22b7,1,2138.196060
2026/02/03/14:30:55,apply-time,rs-000207-b2z65,94f72b33-c4d4-420d-9229-9fe9b9ed8d50,1,2138.196060
2026/02/03/14:30:55,running-time,rs-000207-b2z65,94f72b33-c4d4-420d-9229-9fe9b9ed8d50,1,2138.196060
2026/02/03/14:30:55,apply-time,rs-000207-cm2zx,904a96b0-be2b-4280-a085-ac8befa36615,1,2138.196060
2026/02/03/14:30:55,running-time,rs-000207-cm2zx,904a96b0-be2b-4280-a085-ac8befa36615,1,2138.196060
2026/02/03/14:30:55,apply-time,rs-000207-knkb6,d9ef7f72-b505-4c97-b34c-698b3b44fb34,1,2138.196060
2026/02/03/14:30:55,running-time,rs-000207-knkb6,d9ef7f72-b505-4c97-b34c-698b3b44fb34,1,2138.196060
2026/02/03/14:30:56,apply-time,rs-000208-fsfdf,060238b2-f664-4586-948b-ad3dd4454341,1,2139.196060
2026/02/03/14:30:56,apply-time,rs-000208-njjvk,ab90e905-6e76-49a0-aee1-7efde22e6382,1,2139.196060
2026/02/03/14:30:56,apply-time,rs-000209-4kdks,237229f6-247e-4baa-bfb8-0b1d1eea467d,1,2139.196060
2026/02/03/14:30:56,apply-time,rs-000209-7cz2w,c7670c1b-eebc-4288-8b41-e4fb0750092f,1,2139.196060
2026/02/03/14:30:57,apply-time,rs-000210-9f4rl,a0b3c5a2-72c2-4aa0-8981-667666ba97d2,1,2140.196060
2026/02/03/14:30:57,apply-time,rs-000210-9vq6f,46364ca6-bb1f-4253-8c13-b20b21b2a6e3,1,2140.196060
2026/02/03/14:30:57,apply-time,rs-000210-chkdb,4f17f3b1-8c7a-4512-aa02-6a7256e6d527,1,2140.196060
2026/02/03/14:30:58,apply-time,rs-000211-tq94t,f8931fa4-6a25-4d1c-acee-266346011f7a,1,2141.196060
2026/02/03/14:30:58,apply-time,rs-000212-nw99l,223f6973-1886-495d-9692-bd81e0ba0eda,1,2141.196060
2026/02/03/14:30:58,apply-time,rs-000213-jhg9m,86526d83-e712-49c0-ae18-7bcb6e08e6dd,1,2141.196060
2026/02/03/14:30:58,apply-time,rs-000213-nd5nn,a494d1b6-3d10-4564-81e5-d69019172f0d,1,2141.196060
2026/02/03/14:33:00,running-time,rs-000209-4kdks,237229f6-247e-4baa-bfb8-0b1d1eea467d,1,2264.196060
2026/02/03/14:33:00,running-time,rs-000209-7cz2w,c7670c1b-eebc-4288-8b41-e4fb0750092f,1,2263.196060
2026/02/03/14:36:36,apply-time,rs-000214-sln8r,f31127f1-60bd-469b-b401-520f4bf55e0f,1,2479.196060
2026/02/03/14:36:36,running-time,rs-000214-sln8r,f31127f1-60bd-469b-b401-520f4bf55e0f,1,2479.196060
2026/02/03/14:36:36,apply-time,rs-000214-stflf,7a8df0ba-4b15-4eb9-bbf0-b128872fd82e,1,2479.196060
2026/02/03/14:36:36,running-time,rs-000214-stflf,7a8df0ba-4b15-4eb9-bbf0-b128872fd82e,1,2479.196060
2026/02/03/14:36:51,apply-time,rs-000215-vhqtg,f875068d-8267-4b80-88a5-5dd82fbb7375,1,2494.196060
2026/02/03/14:36:51,running-time,rs-000215-vhqtg,f875068d-8267-4b80-88a5-5dd82fbb7375,1,2494.196060
2026/02/03/14:37:18,apply-time,rs-000216-b5hvj,2bb5ba00-3087-43a8-b047-ac18e40032c4,1,2522.196060
2026/02/03/14:37:18,apply-time,rs-000216-lqrs6,f5dfab0f-39e5-4df5-8daa-e02e947b420d,1,2522.196060
2026/02/03/14:37:18,running-time,rs-000216-lqrs6,f5dfab0f-39e5-4df5-8daa-e02e947b420d,1,2522.196060
2026/02/03/14:37:21,apply-time,rs-000217-xt47k,ac8b1811-14f8-4490-8fea-189c0d647ed8,1,2525.196060
2026/02/03/14:37:21,apply-time,rs-000218-bpd4g,2b74ab88-557c-4945-b565-a584df376579,1,2525.196060
2026/02/03/14:37:22,apply-time,rs-000219-6st9d,d819f535-6f02-41b1-86ee-c922d13dc6d0,1,2526.196060
2026/02/03/14:37:22,apply-time,rs-000219-m8p82,19068952-f847-4ae6-8ba4-736d5c98f3f2,1,2526.196060
2026/02/03/14:37:22,apply-time,rs-000219-mc6bv,e196a061-53c1-4d59-a445-c744b7f8d357,1,2526.196060
2026/02/03/14:37:22,apply-time,rs-000220-dcgbg,26499b24-89eb-4ca9-afec-788c2f8c8273,1,2526.196060
2026/02/03/14:37:22,apply-time,rs-000220-ldz8n,fa9b5633-365a-46bd-a133-b06d21ea4dab,1,2526.196060
2026/02/03/14:37:22,apply-time,rs-000220-zxhcj,be60f4b0-bad7-45b6-9ac5-79bd171607d7,1,2526.196060
2026/02/03/14:37:22,apply-time,rs-000221-9g24j,febf339d-829c-4f59-98cd-3108261e0f26,1,2526.196060
2026/02/03/14:37:22,apply-time,rs-000222-wpt2p,dbd7a26b-e3e8-4d72-8bd7-bf01ccd5da0d,1,2526.196060
2026/02/03/14:37:22,apply-time,rs-000223-28c5d,d80c00d0-6af7-4d90-b929-e34292a9bba2,1,2526.196060
2026/02/03/14:37:22,apply-time,rs-000224-5klqx,4907d9ee-db70-446c-bf4a-44abfbc4931e,1,2526.196060
2026/02/03/14:37:25,apply-time,rs-000140-c25hv,e18c0525-23d0-4281-a2c1-e8b6d9e5bf2d,1,2528.196060
2026/02/03/14:37:25,running-time,rs-000140-c25hv,e18c0525-23d0-4281-a2c1-e8b6d9e5bf2d,1,2529.196060
2026/02/03/14:37:25,running-time,rs-000216-b5hvj,2bb5ba00-3087-43a8-b047-ac18e40032c4,1,2529.196060
2026/02/03/14:37:25,running-time,rs-000217-xt47k,ac8b1811-14f8-4490-8fea-189c0d647ed8,1,2529.196060
2026/02/03/14:37:25,running-time,rs-000218-bpd4g,2b74ab88-557c-4945-b565-a584df376579,1,2529.196060
2026/02/03/14:37:25,running-time,rs-000219-6st9d,d819f535-6f02-41b1-86ee-c922d13dc6d0,1,2529.196060
2026/02/03/14:37:25,running-time,rs-000219-mc6bv,e196a061-53c1-4d59-a445-c744b7f8d357,1,2529.196060
2026/02/03/14:37:25,running-time,rs-000221-9g24j,febf339d-829c-4f59-98cd-3108261e0f26,1,2529.196060
2026/02/03/14:37:26,apply-time,rs-000225-bqrqq,dc54fd50-e831-4114-88a7-4523e5adfd39,1,2529.196060
2026/02/03/14:37:26,apply-time,rs-000225-kqqfs,e0a594ab-e160-4929-b64f-a52e7e37107b,1,2529.196060
2026/02/03/14:37:26,apply-time,rs-000225-zm62k,71f7f719-9333-4c87-a135-85f54dcfddd8,1,2529.196060
2026/02/03/14:37:26,apply-time,rs-000226-rpdw2,c19eae14-1d53-42e7-95d3-a7758dbea460,1,2529.196060
2026/02/03/14:37:26,apply-time,rs-000226-tvvpc,0475da04-d486-42b6-8f97-00ee2931fa8e,1,2529.196060
2026/02/03/14:37:26,apply-time,rs-000227-2zf4f,b3859ce5-9ac0-47f6-9194-591337774f34,1,2530.196060
2026/02/03/14:37:26,apply-time,rs-000228-jw544,0d69a684-4655-4aba-a398-6c82556a5f7f,1,2530.196060
2026/02/03/14:37:50,apply-time,rs-000229-jcsc4,c9a0dbc3-e319-46eb-b0c2-5482d32d48c6,1,2552.196060
2026/02/03/14:37:50,apply-time,rs-000229-z2v5x,da4c975a-8f2e-4307-914b-f71a5c9c96d1,1,2552.196060
2026/02/03/14:37:50,apply-time,rs-000230-6cd48,7b62f65f-bf24-469c-a92c-1c280194882b,1,2552.196060
2026/02/03/14:37:50,apply-time,rs-000230-mzvd7,18782d64-cec6-4eb6-8f75-243d6257fdfa,1,2552.196060
2026/02/03/14:37:50,apply-time,rs-000231-94flb,07cc82f3-35ba-4569-b184-41a90b186c40,1,2552.196060
2026/02/03/14:37:50,apply-time,rs-000231-qkd2c,477ce44e-fe37-4b67-a068-7ba2f6012af8,1,2552.196060
2026/02/03/14:38:01,running-time,rs-000223-28c5d,d80c00d0-6af7-4d90-b929-e34292a9bba2,1,2565.196060
2026/02/03/14:38:01,running-time,rs-000224-5klqx,4907d9ee-db70-446c-bf4a-44abfbc4931e,1,2565.196060
2026/02/03/14:38:01,running-time,rs-000228-jw544,0d69a684-4655-4aba-a398-6c82556a5f7f,1,2565.196060
2026/02/03/14:38:20,running-time,rs-000230-6cd48,7b62f65f-bf24-469c-a92c-1c280194882b,1,2583.196060
2026/02/03/14:38:31,apply-time,rs-000232-vd864,f6acff42-807a-47b3-8bd6-7d56e8b1b222,1,2594.196060
2026/02/03/14:38:31,apply-time,rs-000233-7t5gl,57c44d31-2adf-4a2f-b876-fcf7fb3da51d,1,2594.196060
2026/02/03/14:38:38,running-time,rs-000230-mzvd7,18782d64-cec6-4eb6-8f75-243d6257fdfa,1,2602.196060
2026/02/03/14:39:02,running-time,rs-000219-m8p82,19068952-f847-4ae6-8ba4-736d5c98f3f2,1,2626.196060
2026/02/03/14:39:02,running-time,rs-000222-wpt2p,dbd7a26b-e3e8-4d72-8bd7-bf01ccd5da0d,1,2626.196060
2026/02/03/14:39:02,running-time,rs-000232-vd864,f6acff42-807a-47b3-8bd6-7d56e8b1b222,1,2626.196060
2026/02/03/14:39:02,running-time,rs-000233-7t5gl,57c44d31-2adf-4a2f-b876-fcf7fb3da51d,1,2626.196060
2026/02/03/14:39:22,apply-time,rs-000234-nx9kk,43ea8f1d-2322-4148-b609-d59cf563caeb,1,2646.196060
2026/02/03/14:39:22,running-time,rs-000234-nx9kk,43ea8f1d-2322-4148-b609-d59cf563caeb,1,2647.196060
2026/02/03/14:39:22,apply-time,rs-000235-nfzt5,089712ce-371d-4769-a18a-987230ea1c41,1,2647.196060
2026/02/03/14:39:22,apply-time,rs-000235-tgq6f,5ce7530f-54af-47a1-a492-913a5c0ef443,1,2647.196060
2026/02/03/14:39:22,apply-time,rs-000235-vhd6f,5d2f3fe7-2a0e-4869-b3b0-3ded379f4cfd,1,2647.196060
2026/02/03/14:39:22,apply-time,rs-000236-9krqk,1bf586ad-09c4-4d22-b5d2-06e399630f83,1,2647.196060
2026/02/03/14:39:22,running-time,rs-000236-9krqk,1bf586ad-09c4-4d22-b5d2-06e399630f83,1,2647.196060
2026/02/03/14:39:23,apply-time,rs-000237-m9l2t,00be3632-a6b4-427c-ab3b-4f9bc245f980,1,2647.196060
2026/02/03/14:39:23,apply-time,rs-000237-mkv5b,32fbc7ed-7a02-43dd-b131-6a7dcc08b8ed,1,2647.196060
2026/02/03/14:39:23,apply-time,rs-000238-2sgbw,9df36386-1bc6-424c-81a6-d668b2d57b5a,1,2647.196060
2026/02/03/14:39:23,apply-time,rs-000238-r5zkt,a13766d0-7ab6-4ec0-b5a6-827677c15e61,1,2647.196060
2026/02/03/14:39:23,apply-time,rs-000238-stkgr,08a202e1-b5ed-42df-b138-2d925cc3fe78,1,2647.196060
2026/02/03/14:39:25,apply-time,rs-000241-9jpgf,0911a2c1-4150-4747-af27-57adbf1feaab,1,2650.196060
2026/02/03/14:39:28,apply-time,rs-000239-wxpcj,16357855-c9b1-444f-99a5-683ca5b7ccd8,1,2650.196060
2026/02/03/14:39:28,apply-time,rs-000240-mmwbz,98ff70d4-9cd5-41e2-b8ac-3be318a5bdf2,1,2650.196060
2026/02/03/14:39:28,apply-time,rs-000240-zwx7n,7648a0f0-7260-4f11-a32a-24491faf497f,1,2650.196060
2026/02/03/14:39:28,apply-time,rs-000242-47mx2,76abb934-c454-44aa-9233-453a9bf4bdb9,1,2650.196060
2026/02/03/14:39:28,apply-time,rs-000242-8s9d5,188c7cf2-0f0b-419d-aa78-6e31ea22d7f1,1,2650.196060
2026/02/03/14:39:41,running-time,rs-000237-mkv5b,32fbc7ed-7a02-43dd-b131-6a7dcc08b8ed,1,2665.196060
2026/02/03/14:39:41,running-time,rs-000238-2sgbw,9df36386-1bc6-424c-81a6-d668b2d57b5a,1,2665.196060
2026/02/03/14:40:54,running-time,rs-000240-mmwbz,98ff70d4-9cd5-41e2-b8ac-3be318a5bdf2,1,2738.196060
2026/02/03/14:40:54,running-time,rs-000240-zwx7n,7648a0f0-7260-4f11-a32a-24491faf497f,1,2738.196060
2026/02/03/14:41:21,apply-time,rs-000243-5q5lg,c5a3072a-6692-49ae-a556-e02d65c358c9,1,2765.196060
2026/02/03/14:41:21,apply-time,rs-000243-s67bt,dffcd061-09ec-4534-9ed5-17f87ba01b89,1,2765.196060
2026/02/03/14:41:21,apply-time,rs-000244-6cjzb,18deb3e6-a5c6-4a28-9a48-e894a7d02835,1,2765.196060
2026/02/03/14:41:21,apply-time,rs-000244-flbtq,4e92ea11-d360-49a8-92b8-fb5736ed5092,1,2765.196060
2026/02/03/14:41:21,apply-time,rs-000244-ln5fw,e4ddd777-2456-48ab-be7e-e092782a7bf1,1,2765.196060
2026/02/03/14:41:21,apply-time,rs-000245-vhh8t,a3611fdd-e2a2-4e28-8c21-6ff6687bf091,1,2764.196060
2026/02/03/14:41:21,apply-time,rs-000246-24x6h,a34cfc4d-109f-477f-aa90-01dde3971d89,1,2765.196060
2026/02/03/14:41:21,apply-time,rs-000246-6xhdn,8f226896-66ab-4dec-9cf8-de651f32a229,1,2765.196060
2026/02/03/14:41:21,apply-time,rs-000247-r6gpq,fa8d15db-4f46-4400-835b-77914a9b4aa5,1,2765.196060
2026/02/03/14:41:21,apply-time,rs-000247-zrdgs,25d03401-a654-4ae8-9102-ac1a91eee049,1,2765.196060
2026/02/03/14:41:21,apply-time,rs-000248-7j5n7,a5c2aa69-8f0d-44e2-ad0c-9f9f164bf94c,1,2766.196060
2026/02/03/14:41:21,apply-time,rs-000248-d7s9n,af075b29-ddb7-4a67-8c0f-808658d149f4,1,2766.196060
2026/02/03/14:41:21,apply-time,rs-000248-d7txv,fc3220e6-3ec6-4458-a6d3-fc3dde09243c,1,2766.196060
2026/02/03/14:41:21,apply-time,rs-000249-qfpzh,8b20b422-ec27-4cb9-b215-5174a14754d4,1,2766.196060
2026/02/03/14:41:21,apply-time,rs-000249-qnb9b,5dfe0704-ea4c-4b56-b110-289b91fdb6d5,1,2766.196060
2026/02/03/14:41:31,running-time,rs-000237-m9l2t,00be3632-a6b4-427c-ab3b-4f9bc245f980,1,2774.196060
2026/02/03/14:41:31,running-time,rs-000238-stkgr,08a202e1-b5ed-42df-b138-2d925cc3fe78,1,2774.196060
2026/02/03/14:41:31,running-time,rs-000245-vhh8t,a3611fdd-e2a2-4e28-8c21-6ff6687bf091,1,2774.196060
2026/02/03/14:42:06,running-time,rs-000243-5q5lg,c5a3072a-6692-49ae-a556-e02d65c358c9,1,2810.196060
2026/02/03/14:42:06,running-time,rs-000243-s67bt,dffcd061-09ec-4534-9ed5-17f87ba01b89,1,2810.196060
2026/02/03/14:42:21,apply-time,rs-000182-596r9,45de5329-bee4-4e62-b5c1-c374782aff1f,1,2824.196060
2026/02/03/14:42:21,running-time,rs-000182-596r9,45de5329-bee4-4e62-b5c1-c374782aff1f,1,2825.196060
2026/02/03/14:42:21,running-time,rs-000238-r5zkt,a13766d0-7ab6-4ec0-b5a6-827677c15e61,1,2825.196060
2026/02/03/14:42:21,running-time,rs-000248-7j5n7,a5c2aa69-8f0d-44e2-ad0c-9f9f164bf94c,1,2825.196060
2026/02/03/14:42:21,running-time,rs-000248-d7s9n,af075b29-ddb7-4a67-8c0f-808658d149f4,1,2825.196060
2026/02/03/14:42:21,running-time,rs-000248-d7txv,fc3220e6-3ec6-4458-a6d3-fc3dde09243c,1,2825.196060
2026/02/03/14:42:21,running-time,rs-000249-qfpzh,8b20b422-ec27-4cb9-b215-5174a14754d4,1,2825.196060
2026/02/03/14:42:21,running-time,rs-000249-qnb9b,5dfe0704-ea4c-4b56-b110-289b91fdb6d5,1,2825.196060
2026/02/03/14:42:33,apply-time,rs-000250-glvgz,4dfca863-a775-4dc1-b281-dae6df59833e,1,2837.196060
2026/02/03/14:42:33,apply-time,rs-000250-gv8gz,533da1f7-7413-4053-a4fd-0e2e91c7e77f,1,2837.196060
2026/02/03/14:42:33,apply-time,rs-000250-jchf9,dfeb3179-ce5b-4515-b706-40ac6e529f26,1,2837.196060
2026/02/03/14:42:33,apply-time,rs-000251-kgvvb,86de5115-9fe1-453d-bef5-0fb8bd7c56d4,1,2837.196060
2026/02/03/14:42:40,running-time,rs-000250-glvgz,4dfca863-a775-4dc1-b281-dae6df59833e,1,2844.196060
2026/02/03/14:42:40,running-time,rs-000250-gv8gz,533da1f7-7413-4053-a4fd-0e2e91c7e77f,1,2844.196060
2026/02/03/14:42:40,running-time,rs-000250-jchf9,dfeb3179-ce5b-4515-b706-40ac6e529f26,1,2844.196060
2026/02/03/14:42:41,running-time,rs-000251-kgvvb,86de5115-9fe1-453d-bef5-0fb8bd7c56d4,1,2844.196060
2026/02/03/14:44:15,apply-time,rs-000252-4h7b2,c5832b23-0bfa-4d16-8dc0-09de6473ccb1,1,2939.196060
2026/02/03/14:44:15,apply-time,rs-000253-6ztmg,f351d2a1-b526-4120-a8dc-69883efdf5de,1,2939.196060
2026/02/03/14:44:15,running-time,rs-000253-6ztmg,f351d2a1-b526-4120-a8dc-69883efdf5de,1,2939.196060
2026/02/03/14:44:15,apply-time,rs-000253-lx59k,a6b02216-06fc-4940-acce-3b85bd3dd8b5,1,2939.196060
2026/02/03/14:44:15,apply-time,rs-000254-7hccl,daab9d7e-fb79-46b2-a285-b58b9044ffbe,1,2939.196060
2026/02/03/14:44:15,apply-time,rs-000254-gkxxl,6baf8d85-59de-4ffe-9ca9-2dfc8af0807a,1,2939.196060
2026/02/03/14:44:15,running-time,rs-000254-gkxxl,6baf8d85-59de-4ffe-9ca9-2dfc8af0807a,1,2939.196060
2026/02/03/14:44:15,apply-time,rs-000254-hj6td,2cacf991-85ec-496f-9811-d5dbbdfba930,1,2939.196060
2026/02/03/14:44:15,apply-time,rs-000255-flbqh,eea267c7-2223-469b-b273-628c907ff941,1,2939.196060
2026/02/03/14:44:15,apply-time,rs-000255-zsbp6,0a1bac80-1f74-43b2-ac08-d502a0ebd049,1,2939.196060
2026/02/03/14:44:20,apply-time,rs-000256-c7bzc,f110ea75-998a-44fa-8448-1ddcc895d47a,1,2943.196060
2026/02/03/14:44:20,apply-time,rs-000256-j5nkz,1bf7d92e-5b22-40c2-b5e9-7358ec6b064f,1,2943.196060
2026/02/03/14:44:20,apply-time,rs-000257-jpsn6,478ece08-36ec-45d9-b55a-0c7d18e41e7a,1,2943.196060
2026/02/03/14:44:20,apply-time,rs-000257-l69ct,49439c02-23b7-48d2-9089-76231456a5df,1,2943.196060
2026/02/03/14:44:20,apply-time,rs-000257-qg2hc,6d2feea0-98b2-4f49-b7a5-3a7c50c6e26b,1,2943.196060
2026/02/03/14:44:51,running-time,rs-000253-lx59k,a6b02216-06fc-4940-acce-3b85bd3dd8b5,1,2975.196060
2026/02/03/14:44:51,running-time,rs-000256-c7bzc,f110ea75-998a-44fa-8448-1ddcc895d47a,1,2975.196060
2026/02/03/14:44:51,running-time,rs-000256-j5nkz,1bf7d92e-5b22-40c2-b5e9-7358ec6b064f,1,2975.196060
2026/02/03/14:44:51,running-time,rs-000257-jpsn6,478ece08-36ec-45d9-b55a-0c7d18e41e7a,1,2975.196060
2026/02/03/14:44:51,running-time,rs-000257-l69ct,49439c02-23b7-48d2-9089-76231456a5df,1,2975.196060
2026/02/03/14:44:51,running-time,rs-000257-qg2hc,6d2feea0-98b2-4f49-b7a5-3a7c50c6e26b,1,2975.196060
2026/02/03/14:46:55,apply-time,rs-000258-cd6fp,043d55a9-6230-4a25-881c-c94f8df405fd,1,3099.196060
2026/02/03/14:46:55,running-time,rs-000258-cd6fp,043d55a9-6230-4a25-881c-c94f8df405fd,1,3099.196060
2026/02/03/14:46:55,apply-time,rs-000258-jw8p2,2da9b336-c35d-4705-9f17-649d644264b7,1,3099.196060
2026/02/03/14:46:55,running-time,rs-000258-jw8p2,2da9b336-c35d-4705-9f17-649d644264b7,1,3099.196060
2026/02/03/14:46:55,apply-time,rs-000258-xkg6l,7169dd20-a548-4eb8-a904-b8ed4d222f54,1,3099.196060
2026/02/03/14:46:55,running-time,rs-000258-xkg6l,7169dd20-a548-4eb8-a904-b8ed4d222f54,1,3099.196060
2026/02/03/14:46:55,apply-time,rs-000259-84d65,cb92a7c4-4144-443f-8734-f62f1cb24e55,1,3099.196060
2026/02/03/14:46:55,running-time,rs-000259-84d65,cb92a7c4-4144-443f-8734-f62f1cb24e55,1,3099.196060
2026/02/03/14:46:55,apply-time,rs-000259-z96gl,993bd941-f3c9-42ad-8d10-b46d836b57e2,1,3099.196060
2026/02/03/14:46:55,running-time,rs-000259-z96gl,993bd941-f3c9-42ad-8d10-b46d836b57e2,1,3099.196060
2026/02/03/14:46:55,apply-time,rs-000260-gwbd2,baa3d93f-352f-4b60-aa17-7e837b24c043,1,3099.196060
2026/02/03/14:46:55,running-time,rs-000260-gwbd2,baa3d93f-352f-4b60-aa17-7e837b24c043,1,3099.196060
2026/02/03/14:46:55,apply-time,rs-000261-dmb5j,d2eebe78-2d08-4937-b836-6dc5eb98003d,1,3099.196060
2026/02/03/14:46:55,running-time,rs-000261-dmb5j,d2eebe78-2d08-4937-b836-6dc5eb98003d,1,3099.196060
2026/02/03/14:46:55,apply-time,rs-000262-tcpsg,9e25d7b7-328c-4539-9e5a-42e3766f2ce8,1,3099.196060
2026/02/03/14:46:55,running-time,rs-000262-tcpsg,9e25d7b7-328c-4539-9e5a-42e3766f2ce8,1,3099.196060
2026/02/03/14:46:55,apply-time,rs-000262-v6n59,0af5c510-58d1-497f-993d-96ac08901392,1,3099.196060
2026/02/03/14:46:55,running-time,rs-000262-v6n59,0af5c510-58d1-497f-993d-96ac08901392,1,3099.196060
2026/02/03/14:49:27,apply-time,rs-000263-6mkkg,5059b8a1-92fb-4fec-8da7-3f6de843ca85,1,3250.196060
2026/02/03/14:49:27,running-time,rs-000263-6mkkg,5059b8a1-92fb-4fec-8da7-3f6de843ca85,1,3250.196060
2026/02/03/14:49:27,apply-time,rs-000263-znmp2,1e5ec2be-f7ce-483c-8650-8efc11da79a3,1,3250.196060
2026/02/03/14:49:27,running-time,rs-000263-znmp2,1e5ec2be-f7ce-483c-8650-8efc11da79a3,1,3250.196060
2026/02/03/14:50:27,apply-time,rs-000264-kbpbk,5f1ef78d-7c83-4cb3-a955-84c3e87e1417,1,3311.196060
2026/02/03/14:50:27,running-time,rs-000264-kbpbk,5f1ef78d-7c83-4cb3-a955-84c3e87e1417,1,3311.196060
2026/02/03/14:51:04,apply-time,rs-000265-94rl4,35920288-2b0c-4a26-a979-819db9bb4f5f,1,3348.196060
2026/02/03/14:51:04,running-time,rs-000265-94rl4,35920288-2b0c-4a26-a979-819db9bb4f5f,1,3348.196060
2026/02/03/14:51:04,apply-time,rs-000265-g2w2d,dbd763c1-958c-40a2-ac27-7489161f0ae1,1,3348.196060
2026/02/03/14:51:04,running-time,rs-000265-g2w2d,dbd763c1-958c-40a2-ac27-7489161f0ae1,1,3348.196060
2026/02/03/14:51:04,apply-time,rs-000266-rnpm9,37c21246-6a1b-474e-9d18-4e01f0b0f2d2,1,3348.196060
2026/02/03/14:51:04,running-time,rs-000266-rnpm9,37c21246-6a1b-474e-9d18-4e01f0b0f2d2,1,3348.196060
2026/02/03/14:51:05,apply-time,rs-000267-djpjj,def290e7-a489-4f10-b99b-f4c0156bc4c2,1,3349.196060
2026/02/03/14:51:05,running-time,rs-000267-djpjj,def290e7-a489-4f10-b99b-f4c0156bc4c2,1,3349.196060
2026/02/03/14:51:05,apply-time,rs-000267-xt9k6,89fbc2f6-324c-45cb-8e71-0cbe7d55d965,1,3349.196060
2026/02/03/14:51:05,running-time,rs-000267-xt9k6,89fbc2f6-324c-45cb-8e71-0cbe7d55d965,1,3349.196060
2026/02/03/14:51:05,apply-time,rs-000268-2xl8l,dfb5159f-cf68-4629-a632-88e16aa58f8f,1,3349.196060
2026/02/03/14:51:05,running-time,rs-000268-2xl8l,dfb5159f-cf68-4629-a632-88e16aa58f8f,1,3349.196060
2026/02/03/14:51:05,apply-time,rs-000268-9k6rf,e56be195-78bb-4a41-8c14-90c89a5ebb55,1,3349.196060
2026/02/03/14:51:05,running-time,rs-000268-9k6rf,e56be195-78bb-4a41-8c14-90c89a5ebb55,1,3349.196060
2026/02/03/14:51:05,apply-time,rs-000268-ff4xx,70386b60-7978-4d54-b4bf-8d3295090c7e,1,3349.196060
2026/02/03/14:51:05,running-time,rs-000268-ff4xx,70386b60-7978-4d54-b4bf-8d3295090c7e,1,3349.196060
2026/02/03/14:52:17,apply-time,rs-000269-gws8d,db6c7a0f-d4a2-4334-970c-e002a6cdc412,1,3421.196060
2026/02/03/14:52:17,running-time,rs-000269-gws8d,db6c7a0f-d4a2-4334-970c-e002a6cdc412,1,3421.196060
2026/02/03/14:52:19,apply-time,rs-000270-w4zqg,f6f0b9fd-2382-47eb-b0e3-72008d4cd18a,1,3423.196060
2026/02/03/14:52:19,running-time,rs-000270-w4zqg,f6f0b9fd-2382-47eb-b0e3-72008d4cd18a,1,3423.196060
2026/02/03/14:52:19,apply-time,rs-000271-5xc74,a73a289a-47ea-415d-abeb-c6ef50081966,1,3423.196060
2026/02/03/14:52:19,running-time,rs-000271-5xc74,a73a289a-47ea-415d-abeb-c6ef50081966,1,3423.196060
2026/02/03/14:52:19,apply-time,rs-000271-zpbjh,feab41fa-ffcf-4de7-865e-5805f1b858a4,1,3423.196060
2026/02/03/14:52:19,running-time,rs-000271-zpbjh,feab41fa-ffcf-4de7-865e-5805f1b858a4,1,3423.196060
2026/02/03/14:52:20,apply-time,rs-000272-9dkk7,505b6bfa-f5ba-4842-a1f0-d826425bf82c,1,3423.196060
2026/02/03/14:52:20,running-time,rs-000272-9dkk7,505b6bfa-f5ba-4842-a1f0-d826425bf82c,1,3423.196060
2026/02/03/14:52:20,apply-time,rs-000272-m4stk,53affcca-4647-4e54-b1a8-48cf5d0dfa01,1,3423.196060
2026/02/03/14:52:20,running-time,rs-000272-m4stk,53affcca-4647-4e54-b1a8-48cf5d0dfa01,1,3423.196060
2026/02/03/14:52:22,apply-time,rs-000273-n2hl2,29e6ecd0-726d-4758-b464-012a23f3de4e,1,3425.196060
2026/02/03/14:52:22,running-time,rs-000273-n2hl2,29e6ecd0-726d-4758-b464-012a23f3de4e,1,3425.196060
2026/02/03/14:52:22,apply-time,rs-000274-69fmv,462d3664-8daf-47b8-aebd-7002e593895c,1,3425.196060
2026/02/03/14:52:22,running-time,rs-000274-69fmv,462d3664-8daf-47b8-aebd-7002e593895c,1,3425.196060
2026/02/03/14:52:55,apply-time,rs-000275-qnc4q,4c050415-e0cc-4d5a-8a15-8ff9be79c072,1,3459.196060
2026/02/03/14:52:55,running-time,rs-000275-qnc4q,4c050415-e0cc-4d5a-8a15-8ff9be79c072,1,3459.196060
2026/02/03/14:52:55,apply-time,rs-000275-xfhgf,d80df386-1929-4df7-8203-ac707f3f0933,1,3459.196060
2026/02/03/14:52:55,running-time,rs-000275-xfhgf,d80df386-1929-4df7-8203-ac707f3f0933,1,3459.196060
2026/02/03/14:52:56,apply-time,rs-000276-6984z,3a8c1b63-171a-4963-8e7b-ba7a2ffba5a3,1,3460.196060
2026/02/03/14:52:56,running-time,rs-000276-6984z,3a8c1b63-171a-4963-8e7b-ba7a2ffba5a3,1,3460.196060
2026/02/03/14:52:56,apply-time,rs-000276-dgh22,5fdc0c41-26d4-4d16-bbcd-185e976c77ee,1,3460.196060
2026/02/03/14:52:56,apply-time,rs-000276-xflfp,5a94cb45-8240-4cf4-a558-7940f9f0bb31,1,3460.196060
2026/02/03/14:52:56,apply-time,rs-000277-xsrsp,aa5712e2-26ae-4963-90a2-b045b331d671,1,3460.196060
2026/02/03/14:53:01,apply-time,rs-000238-bnd9k,034fbc42-caa5-47d2-bd1e-bfd9bdf90b09,1,3465.196060
2026/02/03/14:53:01,running-time,rs-000238-bnd9k,034fbc42-caa5-47d2-bd1e-bfd9bdf90b09,1,3465.196060
2026/02/03/14:53:01,running-time,rs-000276-dgh22,5fdc0c41-26d4-4d16-bbcd-185e976c77ee,1,3465.196060
2026/02/03/14:53:01,running-time,rs-000276-xflfp,5a94cb45-8240-4cf4-a558-7940f9f0bb31,1,3465.196060
2026/02/03/14:53:01,running-time,rs-000277-xsrsp,aa5712e2-26ae-4963-90a2-b045b331d671,1,3465.196060
2026/02/03/14:58:02,apply-time,rs-000278-7lsmf,2f168006-bbee-4239-a907-e6696f47a772,1,3766.196060
2026/02/03/14:58:02,running-time,rs-000278-7lsmf,2f168006-bbee-4239-a907-e6696f47a772,1,3766.196060
2026/02/03/14:58:15,apply-time,rs-000279-qjt8v,3e463c4a-f15f-4dd6-af8a-0023b8cf7fcd,1,3779.196060
2026/02/03/14:58:15,running-time,rs-000279-qjt8v,3e463c4a-f15f-4dd6-af8a-0023b8cf7fcd,1,3779.196060
2026/02/03/15:00:33,apply-time,rs-000280-v6vvm,6d728d4f-2fd5-408f-92cf-d4aec4970b25,1,3917.196060
2026/02/03/15:00:33,running-time,rs-000280-v6vvm,6d728d4f-2fd5-408f-92cf-d4aec4970b25,1,3917.196060
2026/02/03/15:00:35,apply-time,rs-000281-nztx5,c9b9aa93-a92e-4e48-8759-b249addfb9bf,1,3919.196060
2026/02/03/15:00:35,running-time,rs-000281-nztx5,c9b9aa93-a92e-4e48-8759-b249addfb9bf,1,3919.196060
2026/02/03/15:00:35,apply-time,rs-000282-b5767,9721b93a-08ee-4a2e-9340-d9f6300f24f7,1,3919.196060
2026/02/03/15:00:35,running-time,rs-000282-b5767,9721b93a-08ee-4a2e-9340-d9f6300f24f7,1,3919.196060
2026/02/03/15:00:35,apply-time,rs-000283-dz8tm,d1ce4c1c-7d19-4344-acaa-b1dfc532c674,1,3919.196060
2026/02/03/15:00:35,running-time,rs-000283-dz8tm,d1ce4c1c-7d19-4344-acaa-b1dfc532c674,1,3919.196060
2026/02/03/15:00:35,apply-time,rs-000283-jqltc,73d2eb9b-15ee-4f14-9e26-7f6fec0d6dac,1,3919.196060
2026/02/03/15:00:35,running-time,rs-000283-jqltc,73d2eb9b-15ee-4f14-9e26-7f6fec0d6dac,1,3919.196060
2026/02/03/15:00:35,apply-time,rs-000284-2z7t6,a31be749-16a9-46fc-8606-c562a0d13651,1,3919.196060
2026/02/03/15:00:35,running-time,rs-000284-2z7t6,a31be749-16a9-46fc-8606-c562a0d13651,1,3919.196060
2026/02/03/15:00:35,apply-time,rs-000284-662sd,4908270c-2949-4e02-ac4b-aaeb65465910,1,3919.196060
2026/02/03/15:00:35,running-time,rs-000284-662sd,4908270c-2949-4e02-ac4b-aaeb65465910,1,3919.196060
2026/02/03/15:00:35,apply-time,rs-000284-wpnh4,d17e80db-3758-48b0-bac0-ba2b184702ea,1,3919.196060
2026/02/03/15:00:35,running-time,rs-000284-wpnh4,d17e80db-3758-48b0-bac0-ba2b184702ea,1,3919.196060
2026/02/03/15:00:40,apply-time,rs-000285-5vmxj,ccaca854-2d0f-4281-b2fc-4789edb380a1,1,3924.196060
2026/02/03/15:00:40,running-time,rs-000285-5vmxj,ccaca854-2d0f-4281-b2fc-4789edb380a1,1,3924.196060
2026/02/03/15:00:40,apply-time,rs-000285-r8scm,29ee1caa-2f92-4d21-87d5-fc36d8aaf36c,1,3924.196060
2026/02/03/15:00:40,running-time,rs-000285-r8scm,29ee1caa-2f92-4d21-87d5-fc36d8aaf36c,1,3924.196060
2026/02/03/15:03:42,apply-time,rs-000286-2wrxs,4ae9fdf8-7ba4-4dcf-832e-cacba81924c1,1,4106.196060
2026/02/03/15:03:42,running-time,rs-000286-2wrxs,4ae9fdf8-7ba4-4dcf-832e-cacba81924c1,1,4106.196060
2026/02/03/15:03:42,apply-time,rs-000286-4mr98,ab7629d0-d761-44c9-b00a-9315e0437f98,1,4106.196060
2026/02/03/15:03:42,running-time,rs-000286-4mr98,ab7629d0-d761-44c9-b00a-9315e0437f98,1,4106.196060
2026/02/03/15:06:11,apply-time,rs-000287-7x29f,08192e8b-773f-4233-9a56-578ff5e0aac7,1,4255.196060
2026/02/03/15:06:11,running-time,rs-000287-7x29f,08192e8b-773f-4233-9a56-578ff5e0aac7,1,4256.196060
2026/02/03/15:06:11,apply-time,rs-000287-kjrh5,ba01c892-4951-4fe2-aa50-8cbf60f088c1,1,4255.196060
2026/02/03/15:06:11,running-time,rs-000287-kjrh5,ba01c892-4951-4fe2-aa50-8cbf60f088c1,1,4256.196060
2026/02/03/15:06:11,apply-time,rs-000287-kn2cx,2d5f863c-a638-462e-8455-021f46f3be90,1,4255.196060
2026/02/03/15:06:11,running-time,rs-000287-kn2cx,2d5f863c-a638-462e-8455-021f46f3be90,1,4256.196060
2026/02/03/15:06:25,apply-time,rs-000288-69hvw,69eb9ef4-a45c-4a1d-a4ad-8f71bfdbeaba,1,4269.196060
2026/02/03/15:06:25,running-time,rs-000288-69hvw,69eb9ef4-a45c-4a1d-a4ad-8f71bfdbeaba,1,4269.196060
2026/02/03/15:07:08,apply-time,rs-000289-5vl4j,e7244e03-c11c-4df0-a466-2a86cce904d8,1,4311.196060
2026/02/03/15:07:08,running-time,rs-000289-5vl4j,e7244e03-c11c-4df0-a466-2a86cce904d8,1,4311.196060
2026/02/03/15:07:08,apply-time,rs-000289-swqrc,c2f12414-8dc9-4ced-bb62-596fbce29db9,1,4311.196060
2026/02/03/15:07:08,running-time,rs-000289-swqrc,c2f12414-8dc9-4ced-bb62-596fbce29db9,1,4311.196060
2026/02/03/15:07:08,apply-time,rs-000290-c4wcn,aaf0f304-a436-4737-acf1-e25d88869e72,1,4311.196060
2026/02/03/15:07:08,running-time,rs-000290-c4wcn,aaf0f304-a436-4737-acf1-e25d88869e72,1,4311.196060
2026/02/03/15:07:08,apply-time,rs-000291-7nwdk,0382372d-d7fa-40f9-b80e-d2fa4fc63b88,1,4311.196060
2026/02/03/15:07:08,running-time,rs-000291-7nwdk,0382372d-d7fa-40f9-b80e-d2fa4fc63b88,1,4311.196060
2026/02/03/15:07:08,apply-time,rs-000292-2krds,c329aab0-9fcf-42df-8362-ebe14b263c61,1,4311.196060
2026/02/03/15:07:08,running-time,rs-000292-2krds,c329aab0-9fcf-42df-8362-ebe14b263c61,1,4311.196060
2026/02/03/15:07:08,apply-time,rs-000292-q4v6j,c2e2234e-76af-4cb5-b0ee-9faf3009037f,1,4311.196060
2026/02/03/15:07:08,running-time,rs-000292-q4v6j,c2e2234e-76af-4cb5-b0ee-9faf3009037f,1,4311.196060
2026/02/03/15:07:10,apply-time,rs-000293-xpv6w,15968483-478e-4a07-be05-762da0131b68,1,4313.196060
2026/02/03/15:07:10,running-time,rs-000293-xpv6w,15968483-478e-4a07-be05-762da0131b68,1,4313.196060
2026/02/03/15:07:10,apply-time,rs-000294-57qqm,02cf3cb7-e24e-4d61-8a9d-200489096b69,1,4313.196060
2026/02/03/15:07:10,running-time,rs-000294-57qqm,02cf3cb7-e24e-4d61-8a9d-200489096b69,1,4313.196060
2026/02/03/15:07:10,apply-time,rs-000294-mwtwb,2cc27d4d-a381-4589-b548-36f9c87e603d,1,4313.196060
2026/02/03/15:07:10,running-time,rs-000294-mwtwb,2cc27d4d-a381-4589-b548-36f9c87e603d,1,4313.196060
2026/02/03/15:07:10,apply-time,rs-000294-ptl5j,04318b70-e399-4289-b580-9c7eba4c8f9c,1,4313.196060
2026/02/03/15:07:10,running-time,rs-000294-ptl5j,04318b70-e399-4289-b580-9c7eba4c8f9c,1,4313.196060
2026/02/03/15:07:10,apply-time,rs-000295-9vmln,f7243399-ffe3-489d-8d2a-f20c0e839f78,1,4313.196060
2026/02/03/15:07:10,running-time,rs-000295-9vmln,f7243399-ffe3-489d-8d2a-f20c0e839f78,1,4313.196060
2026/02/03/15:07:10,apply-time,rs-000295-v9zwx,9e8b7933-32c8-42f9-bcef-309ebaafdcb9,1,4313.196060
2026/02/03/15:07:10,running-time,rs-000295-v9zwx,9e8b7933-32c8-42f9-bcef-309ebaafdcb9,1,4313.196060
2026/02/03/15:09:04,apply-time,rs-000296-2zk8d,998c6181-76f7-4fa1-a9e8-9a423050f488,1,4427.196060
2026/02/03/15:09:04,running-time,rs-000296-2zk8d,998c6181-76f7-4fa1-a9e8-9a423050f488,1,4427.196060
2026/02/03/15:09:04,apply-time,rs-000296-k8j9q,c673a6e7-10ea-41d2-887d-c2dc6a8c0adc,1,4427.196060
2026/02/03/15:09:04,running-time,rs-000296-k8j9q,c673a6e7-10ea-41d2-887d-c2dc6a8c0adc,1,4427.196060
2026/02/03/15:09:04,apply-time,rs-000296-snm8h,5903208b-f828-435c-84ac-582f2496de86,1,4427.196060
2026/02/03/15:09:04,running-time,rs-000296-snm8h,5903208b-f828-435c-84ac-582f2496de86,1,4427.196060
2026/02/03/15:09:04,apply-time,rs-000297-rkw85,1e40dfac-47d6-4e63-a3e9-bb048cc83a31,1,4427.196060
2026/02/03/15:09:04,apply-time,rs-000298-pgl6p,ac0ff1da-5b8b-4225-8c61-816493db41fe,1,4427.196060
2026/02/03/15:09:04,apply-time,rs-000298-z4bvt,2bc7db58-1bbf-48ee-9a39-9ec078cc439e,1,4427.196060
2026/02/03/15:09:04,apply-time,rs-000299-cs4tx,672382d0-0b94-4a40-a3de-d79555153e6a,1,4428.196060
2026/02/03/15:09:04,apply-time,rs-000299-dpn7h,60b0b127-212e-4210-ac42-7c0b754af056,1,4428.196060
2026/02/03/15:09:04,apply-time,rs-000299-qdwzc,78e87fe4-ea7b-4cac-af0e-f0942bc2a5e9,1,4428.196060
2026/02/03/15:09:10,apply-time,rs-000300-tpd5c,0f02a495-c0d3-4ee3-9d63-3b4bed43472c,1,4435.196060
2026/02/03/15:09:22,running-time,rs-000298-pgl6p,ac0ff1da-5b8b-4225-8c61-816493db41fe,1,4446.196060
2026/02/03/15:09:22,running-time,rs-000298-z4bvt,2bc7db58-1bbf-48ee-9a39-9ec078cc439e,1,4446.196060
2026/02/03/15:09:22,running-time,rs-000299-cs4tx,672382d0-0b94-4a40-a3de-d79555153e6a,1,4446.196060
2026/02/03/15:09:22,running-time,rs-000299-dpn7h,60b0b127-212e-4210-ac42-7c0b754af056,1,4446.196060
2026/02/03/15:09:34,apply-time,rs-000301-dw9ct,8871527a-c6a9-4d6f-9d16-c3cbdfdc6672,1,4456.196060
2026/02/03/15:09:34,apply-time,rs-000301-prnkq,8bdd4011-0424-456f-9360-957799c9ca49,1,4456.196060
2026/02/03/15:09:34,apply-time,rs-000301-vnwmk,614224d1-88f7-4f17-ae92-838917f0defd,1,4456.196060
2026/02/03/15:09:34,apply-time,rs-000302-8snpg,170efd1d-7e9b-4be0-a8e9-784dc92dfd7f,1,4456.196060
2026/02/03/15:09:34,apply-time,rs-000302-j8x5g,855d2163-954d-42fc-89d3-6313e439b7b2,1,4456.196060
2026/02/03/15:09:34,apply-time,rs-000302-mkqfx,46211170-b842-4857-a11d-d434cdc2625b,1,4456.196060
2026/02/03/15:09:34,apply-time,rs-000303-zllxl,f2ba6a38-03dd-4246-829e-dddca0b14634,1,4456.196060
2026/02/03/15:09:34,apply-time,rs-000304-gxmx7,f2564d90-4ea7-4404-8fc2-3ee43f2c2c0e,1,4456.196060
2026/02/03/15:09:34,apply-time,rs-000304-ljwfh,647b4a1c-c0b5-4819-a88e-9af037966d05,1,4456.196060
2026/02/03/15:09:34,apply-time,rs-000304-sg8rf,ce99b011-731d-4e69-b4cb-6c071b54ef9e,1,4456.196060
2026/02/03/15:09:38,apply-time,rs-000191-26mlp,9358c537-fcf1-4993-a5e4-a0e8888153a6,1,4461.196060
2026/02/03/15:09:38,apply-time,rs-000281-pf8pk,892ecada-5051-4d09-938f-2ae98106054d,1,4461.196060
2026/02/03/15:09:38,running-time,rs-000297-rkw85,1e40dfac-47d6-4e63-a3e9-bb048cc83a31,1,4462.196060
2026/02/03/15:09:38,running-time,rs-000300-tpd5c,0f02a495-c0d3-4ee3-9d63-3b4bed43472c,1,4462.196060
2026/02/03/15:09:39,running-time,rs-000191-26mlp,9358c537-fcf1-4993-a5e4-a0e8888153a6,1,4462.196060
2026/02/03/15:09:39,running-time,rs-000281-pf8pk,892ecada-5051-4d09-938f-2ae98106054d,1,4462.196060
2026/02/03/15:09:39,running-time,rs-000299-qdwzc,78e87fe4-ea7b-4cac-af0e-f0942bc2a5e9,1,4462.196060
2026/02/03/15:09:39,running-time,rs-000302-8snpg,170efd1d-7e9b-4be0-a8e9-784dc92dfd7f,1,4462.196060
2026/02/03/15:09:39,running-time,rs-000302-j8x5g,855d2163-954d-42fc-89d3-6313e439b7b2,1,4462.196060
2026/02/03/15:09:39,running-time,rs-000302-mkqfx,46211170-b842-4857-a11d-d434cdc2625b,1,4462.196060
2026/02/03/15:09:39,running-time,rs-000304-sg8rf,ce99b011-731d-4e69-b4cb-6c071b54ef9e,1,4462.196060
2026/02/03/15:10:14,running-time,rs-000304-gxmx7,f2564d90-4ea7-4404-8fc2-3ee43f2c2c0e,1,4498.196060
2026/02/03/15:10:14,running-time,rs-000304-ljwfh,647b4a1c-c0b5-4819-a88e-9af037966d05,1,4498.196060
2026/02/03/15:10:41,apply-time,rs-000305-jtq4g,429dfef6-b21a-4e16-8225-add584a321d6,1,4525.196060
2026/02/03/15:10:41,apply-time,rs-000306-l5sr7,0f77ed1b-a926-43cf-b1d1-94e3fd5061d3,1,4525.196060
2026/02/03/15:10:41,apply-time,rs-000307-9fcdf,1874a042-fdd5-454d-ba03-e312cf5f997e,1,4525.196060
2026/02/03/15:10:41,apply-time,rs-000307-fl6jm,f502d674-874b-4b19-8c06-99f47905d1cb,1,4525.196060
2026/02/03/15:10:41,apply-time,rs-000307-v49hf,d9e5aabe-f64c-484b-9952-7db046c4772e,1,4525.196060
2026/02/03/15:10:41,running-time,rs-000307-v49hf,d9e5aabe-f64c-484b-9952-7db046c4772e,1,4525.196060
2026/02/03/15:10:59,apply-time,rs-000308-7cktg,5b836c86-757d-4385-8384-29468e9c94fe,1,4542.196060
2026/02/03/15:10:59,apply-time,rs-000308-m5b6w,8d8aa036-c10d-41ce-8e3d-70e4b1ef6bf0,1,4542.196060
2026/02/03/15:10:59,apply-time,rs-000308-m5h92,e763dac9-dc4f-4341-8d0e-6ae8e10a62f1,1,4542.196060
2026/02/03/15:10:59,apply-time,rs-000309-sqf66,19280506-099c-414f-8fd2-f42ddbdc9a50,1,4542.196060
2026/02/03/15:10:59,apply-time,rs-000310-lfjnj,a1422188-bb40-4f9b-809f-c6802b5efe8e,1,4542.196060
2026/02/03/15:11:17,running-time,rs-000306-l5sr7,0f77ed1b-a926-43cf-b1d1-94e3fd5061d3,1,4561.196060
2026/02/03/15:11:36,running-time,rs-000305-jtq4g,429dfef6-b21a-4e16-8225-add584a321d6,1,4580.196060
2026/02/03/15:12:06,apply-time,rs-000299-8q7ms,1051c8ee-80ca-49de-9435-6c92d691f239,1,4609.196060
2026/02/03/15:12:06,running-time,rs-000299-8q7ms,1051c8ee-80ca-49de-9435-6c92d691f239,1,4609.196060
2026/02/03/15:12:06,running-time,rs-000303-zllxl,f2ba6a38-03dd-4246-829e-dddca0b14634,1,4609.196060
2026/02/03/15:12:06,running-time,rs-000309-sqf66,19280506-099c-414f-8fd2-f42ddbdc9a50,1,4609.196060
2026/02/03/15:14:12,apply-time,rs-000311-wj8nt,e8d5da90-c900-4aa2-b1e1-988fef27e88c,1,4736.196060
2026/02/03/15:14:12,running-time,rs-000311-wj8nt,e8d5da90-c900-4aa2-b1e1-988fef27e88c,1,4736.196060
2026/02/03/15:14:12,apply-time,rs-000311-xhwfl,91230fb0-0dbe-42f2-a513-6053aabcbf7d,1,4736.196060
2026/02/03/15:14:12,running-time,rs-000311-xhwfl,91230fb0-0dbe-42f2-a513-6053aabcbf7d,1,4736.196060
2026/02/03/15:14:18,apply-time,rs-000312-jfzr4,96a7020b-9c84-4a04-9977-175131596891,1,4742.196060
2026/02/03/15:14:18,running-time,rs-000312-jfzr4,96a7020b-9c84-4a04-9977-175131596891,1,4742.196060
2026/02/03/15:14:18,apply-time,rs-000313-dxtgm,44e601ca-833f-441d-a1fa-430f8b38f54d,1,4742.196060
2026/02/03/15:14:18,running-time,rs-000313-dxtgm,44e601ca-833f-441d-a1fa-430f8b38f54d,1,4742.196060
2026/02/03/15:14:18,apply-time,rs-000313-qnww8,e9566c58-5a6d-4a7b-817a-8a54e85c6237,1,4742.196060
2026/02/03/15:14:18,running-time,rs-000313-qnww8,e9566c58-5a6d-4a7b-817a-8a54e85c6237,1,4742.196060
2026/02/03/15:15:33,apply-time,rs-000314-ngrwp,f02ed120-eac0-4ca3-84ea-0410534ac388,1,4816.196060
2026/02/03/15:15:33,running-time,rs-000314-ngrwp,f02ed120-eac0-4ca3-84ea-0410534ac388,1,4816.196060
2026/02/03/15:15:34,apply-time,rs-000315-2nltz,7a063062-036f-48da-a8a5-dd124e28da90,1,4817.196060
2026/02/03/15:15:34,running-time,rs-000315-2nltz,7a063062-036f-48da-a8a5-dd124e28da90,1,4817.196060
2026/02/03/15:15:34,apply-time,rs-000315-nnzqf,a86ed2af-dc46-478a-9f48-47fbb53940d7,1,4817.196060
2026/02/03/15:15:34,running-time,rs-000315-nnzqf,a86ed2af-dc46-478a-9f48-47fbb53940d7,1,4817.196060
2026/02/03/15:15:34,apply-time,rs-000316-mlqd7,d7bdf288-fe0f-4910-891a-618a3636f9b3,1,4817.196060
2026/02/03/15:15:34,running-time,rs-000316-mlqd7,d7bdf288-fe0f-4910-891a-618a3636f9b3,1,4817.196060
2026/02/03/15:15:34,apply-time,rs-000317-7r8br,6bd3acc0-ab63-429e-8849-446284703e6b,1,4817.196060
2026/02/03/15:15:34,apply-time,rs-000317-8kf6n,c50d4ce6-133e-4d0e-bd8b-ee4f3a6d68b7,1,4817.196060
2026/02/03/15:15:34,apply-time,rs-000317-vkwls,8bf75cb8-f4c2-4b84-99a7-a9d83d08155b,1,4817.196060
2026/02/03/15:15:34,apply-time,rs-000318-p8glc,205d39e6-825b-4708-a2d2-605e0da3be9b,1,4817.196060
2026/02/03/15:15:34,apply-time,rs-000318-qllx7,883023f0-511f-46a1-b013-641ce9d84baa,1,4817.196060
2026/02/03/15:15:34,apply-time,rs-000318-wnrns,12983080-d40c-42d5-a3a0-8f90717b58f5,1,4817.196060
2026/02/03/15:15:50,apply-time,rs-000316-4csh5,eb650b09-9357-496e-a00c-96d2ab5ec3e3,1,4833.196060
2026/02/03/15:15:50,running-time,rs-000316-4csh5,eb650b09-9357-496e-a00c-96d2ab5ec3e3,1,4833.196060
2026/02/03/15:15:50,running-time,rs-000318-p8glc,205d39e6-825b-4708-a2d2-605e0da3be9b,1,4833.196060
2026/02/03/15:15:50,running-time,rs-000318-qllx7,883023f0-511f-46a1-b013-641ce9d84baa,1,4833.196060
2026/02/03/15:15:50,running-time,rs-000318-wnrns,12983080-d40c-42d5-a3a0-8f90717b58f5,1,4833.196060
2026/02/03/15:16:37,apply-time,rs-000319-hkch9,002fae38-b96e-48b4-b7b7-01ff3c31939a,1,4880.196060
2026/02/03/15:16:37,running-time,rs-000319-hkch9,002fae38-b96e-48b4-b7b7-01ff3c31939a,1,4880.196060
2026/02/03/15:16:37,apply-time,rs-000320-dls8s,085e522e-7066-4875-9880-ac53704b3fab,1,4880.196060
2026/02/03/15:16:37,running-time,rs-000320-dls8s,085e522e-7066-4875-9880-ac53704b3fab,1,4880.196060
2026/02/03/15:16:37,apply-time,rs-000321-5pk95,13d5d922-3f10-4a2c-9734-543bf3a41ccb,1,4880.196060
2026/02/03/15:16:37,running-time,rs-000321-5pk95,13d5d922-3f10-4a2c-9734-543bf3a41ccb,1,4880.196060
2026/02/03/15:16:37,apply-time,rs-000321-m7wjg,670549e2-b638-4635-a9ea-a427bf92a698,1,4880.196060
2026/02/03/15:16:37,running-time,rs-000321-m7wjg,670549e2-b638-4635-a9ea-a427bf92a698,1,4880.196060
2026/02/03/15:16:37,apply-time,rs-000322-2xzvl,0c9c357b-1d2e-4686-9b67-f861908c341a,1,4880.196060
2026/02/03/15:16:37,running-time,rs-000322-2xzvl,0c9c357b-1d2e-4686-9b67-f861908c341a,1,4880.196060
2026/02/03/15:16:37,apply-time,rs-000322-rt8hl,f48766f7-4aa9-4407-a4aa-1cc8b6cdf04b,1,4880.196060
2026/02/03/15:16:37,running-time,rs-000322-rt8hl,f48766f7-4aa9-4407-a4aa-1cc8b6cdf04b,1,4880.196060
2026/02/03/15:22:28,apply-time,rs-000323-hjzv6,6419225e-0d9b-492c-88eb-df097dc480d0,1,5232.196060
2026/02/03/15:22:28,running-time,rs-000323-hjzv6,6419225e-0d9b-492c-88eb-df097dc480d0,1,5232.196060
2026/02/03/15:22:28,apply-time,rs-000323-k5xv5,ba1196ce-15d0-4fac-b813-8f61d1d1f3f6,1,5232.196060
2026/02/03/15:22:28,running-time,rs-000323-k5xv5,ba1196ce-15d0-4fac-b813-8f61d1d1f3f6,1,5232.196060
2026/02/03/15:22:28,apply-time,rs-000323-kqsdw,848e3961-9c18-4997-b820-3f19067fb1a3,1,5232.196060
2026/02/03/15:22:28,running-time,rs-000323-kqsdw,848e3961-9c18-4997-b820-3f19067fb1a3,1,5232.196060
2026/02/03/15:22:28,apply-time,rs-000324-2ds4s,e07b83e2-03ba-4b5d-8d20-fe0da4cd9e8d,1,5232.196060
2026/02/03/15:22:28,running-time,rs-000324-2ds4s,e07b83e2-03ba-4b5d-8d20-fe0da4cd9e8d,1,5232.196060
2026/02/03/15:22:28,apply-time,rs-000324-8q9df,a7754fa4-2f26-4d05-ad4b-0c38f12aac54,1,5232.196060
2026/02/03/15:22:28,running-time,rs-000324-8q9df,a7754fa4-2f26-4d05-ad4b-0c38f12aac54,1,5232.196060
2026/02/03/15:22:28,apply-time,rs-000324-zftng,298ab17b-ed14-4e9a-9989-62087d2f8ce2,1,5232.196060
2026/02/03/15:22:28,running-time,rs-000324-zftng,298ab17b-ed14-4e9a-9989-62087d2f8ce2,1,5232.196060
2026/02/03/15:22:30,apply-time,rs-000325-4t8wg,ab05c0e7-bf92-4437-9b67-1be657d2ba3d,1,5234.196060
2026/02/03/15:22:30,apply-time,rs-000325-6c8sm,9f078832-e4a9-494e-b3cb-34d3dfbd8762,1,5234.196060
2026/02/03/15:22:30,apply-time,rs-000325-gqdx2,9af4e4fd-9038-4949-871f-8cc3951ba804,1,5234.196060
2026/02/03/15:22:31,running-time,rs-000325-4t8wg,ab05c0e7-bf92-4437-9b67-1be657d2ba3d,1,5234.196060
2026/02/03/15:22:31,running-time,rs-000325-6c8sm,9f078832-e4a9-494e-b3cb-34d3dfbd8762,1,5234.196060
2026/02/03/15:22:31,running-time,rs-000325-gqdx2,9af4e4fd-9038-4949-871f-8cc3951ba804,1,5234.196060
2026/02/03/15:22:49,apply-time,rs-000326-s6hm4,774a9ff2-574e-4c9a-b9b7-3d3a261e7893,1,5252.196060
2026/02/03/15:22:49,running-time,rs-000326-s6hm4,774a9ff2-574e-4c9a-b9b7-3d3a261e7893,1,5252.196060
2026/02/03/15:22:54,apply-time,rs-000327-b8xp2,05c5ca7c-3385-45eb-869b-396dab4e7060,1,5258.196060
2026/02/03/15:22:54,running-time,rs-000327-b8xp2,05c5ca7c-3385-45eb-869b-396dab4e7060,1,5258.196060
2026/02/03/15:22:54,apply-time,rs-000327-t85vs,5148a79c-1ff5-4111-b433-cdc005f8133e,1,5258.196060
2026/02/03/15:22:54,running-time,rs-000327-t85vs,5148a79c-1ff5-4111-b433-cdc005f8133e,1,5258.196060
2026/02/03/15:28:46,apply-time,rs-000328-ckvcq,cb646799-6b20-460f-902c-8615200855ed,1,5610.196060
2026/02/03/15:28:46,running-time,rs-000328-ckvcq,cb646799-6b20-460f-902c-8615200855ed,1,5610.196060
2026/02/03/15:28:46,apply-time,rs-000328-zflss,366d9d2b-9801-4b4f-9a2c-e3691405525f,1,5610.196060
2026/02/03/15:28:46,running-time,rs-000328-zflss,366d9d2b-9801-4b4f-9a2c-e3691405525f,1,5610.196060
2026/02/03/15:28:46,apply-time,rs-000329-nkl92,7056aa9e-5d02-477a-91fa-c7afac7ced90,1,5610.196060
2026/02/03/15:28:46,running-time,rs-000329-nkl92,7056aa9e-5d02-477a-91fa-c7afac7ced90,1,5610.196060
2026/02/03/15:28:46,apply-time,rs-000329-wq9nk,82279338-5df7-4b77-8726-5af630bcda7e,1,5610.196060
2026/02/03/15:28:46,running-time,rs-000329-wq9nk,82279338-5df7-4b77-8726-5af630bcda7e,1,5610.196060
2026/02/03/15:28:46,apply-time,rs-000330-4tnb9,203d5b77-2487-40d4-8873-c2b48b2e3217,1,5610.196060
2026/02/03/15:28:46,apply-time,rs-000330-jmgqc,4d83059c-5e3e-408b-929c-2556b9b7c0f7,1,5610.196060
2026/02/03/15:28:46,apply-time,rs-000330-slhqf,0221ef21-c0f7-4cb6-a34f-aeb4cdac7779,1,5610.196060
2026/02/03/15:28:46,apply-time,rs-000331-94vr2,0b505d0a-0e9f-489f-8ade-f2e943f41bfa,1,5610.196060
2026/02/03/15:28:46,apply-time,rs-000331-ctk9v,4c188a59-baa0-40b3-b53d-b03ddc8ac56f,1,5610.196060
2026/02/03/15:28:46,running-time,rs-000331-ctk9v,4c188a59-baa0-40b3-b53d-b03ddc8ac56f,1,5610.196060
2026/02/03/15:28:46,apply-time,rs-000332-7kq8z,c7cc3ce1-d89f-4f56-bb72-51f30ec65cf3,1,5610.196060
2026/02/03/15:28:47,running-time,rs-000330-4tnb9,203d5b77-2487-40d4-8873-c2b48b2e3217,1,5610.196060
2026/02/03/15:28:47,running-time,rs-000330-jmgqc,4d83059c-5e3e-408b-929c-2556b9b7c0f7,1,5610.196060
2026/02/03/15:28:47,running-time,rs-000330-slhqf,0221ef21-c0f7-4cb6-a34f-aeb4cdac7779,1,5610.196060
2026/02/03/15:28:47,running-time,rs-000331-94vr2,0b505d0a-0e9f-489f-8ade-f2e943f41bfa,1,5610.196060
2026/02/03/15:28:47,running-time,rs-000332-7kq8z,c7cc3ce1-d89f-4f56-bb72-51f30ec65cf3,1,5610.196060
2026/02/03/15:28:47,apply-time,rs-000332-hmlrg,ab583ab1-6a3f-497e-b934-ddfc4ec8274f,1,5610.196060
2026/02/03/15:28:47,running-time,rs-000332-hmlrg,ab583ab1-6a3f-497e-b934-ddfc4ec8274f,1,5610.196060
2026/02/03/15:28:47,apply-time,rs-000332-th94j,5aeaceab-171b-4cc4-9f65-748233e72fa9,1,5610.196060
2026/02/03/15:28:47,running-time,rs-000332-th94j,5aeaceab-171b-4cc4-9f65-748233e72fa9,1,5610.196060
2026/02/03/15:28:47,apply-time,rs-000333-h6cqf,ce68ed14-e18b-4f93-aa45-779eefe250f8,1,5610.196060
2026/02/03/15:28:47,running-time,rs-000333-h6cqf,ce68ed14-e18b-4f93-aa45-779eefe250f8,1,5610.196060
2026/02/03/15:28:48,apply-time,rs-000334-gwh7b,403e5d75-cabf-409a-92ed-fea243af737e,1,5611.196060
2026/02/03/15:28:48,running-time,rs-000334-gwh7b,403e5d75-cabf-409a-92ed-fea243af737e,1,5611.196060
2026/02/03/15:28:48,apply-time,rs-000334-lbj5m,10e6aa36-813e-4923-996c-ccbf51878a38,1,5611.196060
2026/02/03/15:28:48,running-time,rs-000334-lbj5m,10e6aa36-813e-4923-996c-ccbf51878a38,1,5611.196060
2026/02/03/15:30:40,apply-time,rs-000335-lvnqx,54a7a56a-103c-4136-9440-ca7d35c78651,1,5723.196060
2026/02/03/15:30:40,running-time,rs-000335-lvnqx,54a7a56a-103c-4136-9440-ca7d35c78651,1,5723.196060
2026/02/03/15:30:40,apply-time,rs-000335-lxxjw,1f0ba6f9-93b9-4e63-a253-604669d55848,1,5723.196060
2026/02/03/15:30:40,running-time,rs-000335-lxxjw,1f0ba6f9-93b9-4e63-a253-604669d55848,1,5723.196060
2026/02/03/15:30:40,apply-time,rs-000335-x4xx2,2de5eb66-7e0e-4cd0-a2d7-527ad2b0a337,1,5723.196060
2026/02/03/15:30:40,running-time,rs-000335-x4xx2,2de5eb66-7e0e-4cd0-a2d7-527ad2b0a337,1,5723.196060
2026/02/03/15:32:20,apply-time,rs-000336-pkzjz,70891bf5-7c5f-4119-94d0-56be920397b7,1,5824.196060
2026/02/03/15:32:20,running-time,rs-000336-pkzjz,70891bf5-7c5f-4119-94d0-56be920397b7,1,5824.196060
2026/02/03/15:38:25,apply-time,rs-000337-j5wtg,5d4331ec-1ce5-40ab-bdeb-0dffea39bb4a,1,6188.196060
2026/02/03/15:38:25,running-time,rs-000337-j5wtg,5d4331ec-1ce5-40ab-bdeb-0dffea39bb4a,1,6188.196060
2026/02/03/15:42:08,apply-time,rs-000338-qp7bc,87bbf932-884d-4389-a9de-7705e42d69b1,1,6411.196060
2026/02/03/15:42:08,running-time,rs-000338-qp7bc,87bbf932-884d-4389-a9de-7705e42d69b1,1,6411.196060
2026/02/03/15:42:08,apply-time,rs-000339-6mrld,a1368bcb-36c1-4512-bdf2-7b7d7085b710,1,6411.196060
2026/02/03/15:42:08,running-time,rs-000339-6mrld,a1368bcb-36c1-4512-bdf2-7b7d7085b710,1,6412.196060
2026/02/03/15:42:08,apply-time,rs-000339-l5kkc,bf5964de-a6ec-43ed-a7e8-7afb11c25137,1,6411.196060
2026/02/03/15:42:08,running-time,rs-000339-l5kkc,bf5964de-a6ec-43ed-a7e8-7afb11c25137,1,6412.196060
2026/02/03/15:42:08,apply-time,rs-000339-wkv9f,5b877fe0-7afa-4ea7-874a-734343f80fe9,1,6411.196060
2026/02/03/15:42:08,running-time,rs-000339-wkv9f,5b877fe0-7afa-4ea7-874a-734343f80fe9,1,6412.196060
2026/02/03/15:42:09,apply-time,rs-000340-q22ks,cc05c35e-db31-4606-9acd-95d25c26aa04,1,6412.196060
2026/02/03/15:42:09,running-time,rs-000340-q22ks,cc05c35e-db31-4606-9acd-95d25c26aa04,1,6412.196060
2026/02/03/15:42:19,apply-time,rs-000341-58w5d,55892460-2601-455c-9234-a5118d0494b5,1,6423.196060
2026/02/03/15:42:20,running-time,rs-000341-58w5d,55892460-2601-455c-9234-a5118d0494b5,1,6423.196060
2026/02/03/15:42:20,apply-time,rs-000342-7dpqz,11d431fa-d13f-4921-867f-7957684dac7b,1,6424.196060
2026/02/03/15:42:20,running-time,rs-000342-7dpqz,11d431fa-d13f-4921-867f-7957684dac7b,1,6424.196060
2026/02/03/15:42:20,apply-time,rs-000342-b2jtc,394d8995-d249-480f-840e-4b8e1fdb761b,1,6424.196060
2026/02/03/15:42:20,running-time,rs-000342-b2jtc,394d8995-d249-480f-840e-4b8e1fdb761b,1,6424.196060
2026/02/03/15:42:20,apply-time,rs-000342-fhcbk,47ad9a33-c218-4a55-bf2c-29a6a629dfd6,1,6424.196060
2026/02/03/15:42:20,running-time,rs-000342-fhcbk,47ad9a33-c218-4a55-bf2c-29a6a629dfd6,1,6424.196060
2026/02/03/15:42:20,apply-time,rs-000343-hngmw,21101f8e-f872-42d0-8659-652c5d9d1070,1,6424.196060
2026/02/03/15:42:20,running-time,rs-000343-hngmw,21101f8e-f872-42d0-8659-652c5d9d1070,1,6424.196060
2026/02/03/15:42:20,apply-time,rs-000343-xdmv5,71fea080-1a98-4137-867d-5ecc989f81b4,1,6424.196060
2026/02/03/15:42:20,running-time,rs-000343-xdmv5,71fea080-1a98-4137-867d-5ecc989f81b4,1,6424.196060
2026/02/03/15:42:20,apply-time,rs-000344-472rk,6d9fceff-cf58-46fe-a85d-9341bc391cda,1,6424.196060
2026/02/03/15:42:20,apply-time,rs-000344-lcg94,54f8d83a-f5e5-430d-b252-aab4c90d32dc,1,6424.196060
2026/02/03/15:42:21,running-time,rs-000344-472rk,6d9fceff-cf58-46fe-a85d-9341bc391cda,1,6424.196060
2026/02/03/15:42:21,running-time,rs-000344-lcg94,54f8d83a-f5e5-430d-b252-aab4c90d32dc,1,6424.196060
2026/02/03/15:47:30,apply-time,rs-000345-jgvst,3f611322-e293-4ffc-9f75-5566aafc32e7,1,6734.196060
2026/02/03/15:47:30,running-time,rs-000345-jgvst,3f611322-e293-4ffc-9f75-5566aafc32e7,1,6734.196060
2026/02/03/15:47:30,apply-time,rs-000345-wkfdk,36bf4f0d-1867-4a16-9fc8-fd78023e16a2,1,6734.196060
2026/02/03/15:47:30,running-time,rs-000345-wkfdk,36bf4f0d-1867-4a16-9fc8-fd78023e16a2,1,6734.196060
2026/02/03/15:47:30,apply-time,rs-000345-x8cwm,75518667-dcc2-4116-9665-ded219213a28,1,6734.196060
2026/02/03/15:47:30,running-time,rs-000345-x8cwm,75518667-dcc2-4116-9665-ded219213a28,1,6734.196060
2026/02/03/15:47:30,apply-time,rs-000346-5drfb,6a1d9552-255d-421a-a0ff-c8269dbc7ac7,1,6734.196060
2026/02/03/15:47:30,running-time,rs-000346-5drfb,6a1d9552-255d-421a-a0ff-c8269dbc7ac7,1,6734.196060
2026/02/03/15:47:30,apply-time,rs-000346-lpmgx,31e5c6d2-be31-4682-87b3-764053f057bf,1,6734.196060
2026/02/03/15:47:30,running-time,rs-000346-lpmgx,31e5c6d2-be31-4682-87b3-764053f057bf,1,6734.196060
2026/02/03/15:47:30,apply-time,rs-000346-xzzf7,592d78f6-e298-4e33-a571-95c9cf7ea232,1,6734.196060
2026/02/03/15:47:30,running-time,rs-000346-xzzf7,592d78f6-e298-4e33-a571-95c9cf7ea232,1,6734.196060
2026/02/03/15:47:30,apply-time,rs-000347-ff8vs,91ccf0ce-78d2-4839-815f-6cae9c098a90,1,6734.196060
2026/02/03/15:47:30,running-time,rs-000347-ff8vs,91ccf0ce-78d2-4839-815f-6cae9c098a90,1,6734.196060
2026/02/03/15:47:35,apply-time,rs-000348-28gw8,127025b6-8926-4e0c-a833-b5149ec3b493,1,6738.196060
2026/02/03/15:47:35,running-time,rs-000348-28gw8,127025b6-8926-4e0c-a833-b5149ec3b493,1,6738.196060
2026/02/03/15:47:35,apply-time,rs-000348-vzqh9,3a49c7cd-67d3-439b-9b54-9618397dd08b,1,6738.196060
2026/02/03/15:47:35,running-time,rs-000348-vzqh9,3a49c7cd-67d3-439b-9b54-9618397dd08b,1,6738.196060
2026/02/03/15:47:35,apply-time,rs-000349-5rd8m,0b072dbc-ac65-46bb-b326-7224a5cd633f,1,6739.196060
2026/02/03/15:47:35,running-time,rs-000349-5rd8m,0b072dbc-ac65-46bb-b326-7224a5cd633f,1,6739.196060
2026/02/03/15:47:35,apply-time,rs-000349-ww5tf,ae4f1a03-b975-4268-8e1c-06d600217c89,1,6739.196060
2026/02/03/15:47:35,running-time,rs-000349-ww5tf,ae4f1a03-b975-4268-8e1c-06d600217c89,1,6739.196060
2026/02/03/15:47:35,apply-time,rs-000350-cwn6b,b84df79a-0492-40f9-91e1-30a887ece924,1,6739.196060
2026/02/03/15:47:35,running-time,rs-000350-cwn6b,b84df79a-0492-40f9-91e1-30a887ece924,1,6739.196060
2026/02/03/15:47:35,apply-time,rs-000351-5w7r8,85037616-db39-46d6-9bac-f7c87a8f59c2,1,6739.196060
2026/02/03/15:47:35,running-time,rs-000351-5w7r8,85037616-db39-46d6-9bac-f7c87a8f59c2,1,6739.196060
2026/02/03/15:47:35,apply-time,rs-000351-clgs7,a8a5bd18-10d5-42cd-8542-f42b4a78c4ab,1,6739.196060
2026/02/03/15:47:35,running-time,rs-000351-clgs7,a8a5bd18-10d5-42cd-8542-f42b4a78c4ab,1,6739.196060
2026/02/03/15:47:35,apply-time,rs-000351-jx4hg,e2677f0c-4fe7-443d-8107-b2f71e9cea7a,1,6739.196060
2026/02/03/15:47:35,running-time,rs-000351-jx4hg,e2677f0c-4fe7-443d-8107-b2f71e9cea7a,1,6739.196060
2026/02/03/15:48:27,apply-time,rs-000352-hzn98,010ee56a-4bb4-4a3c-8d9d-513568bb11aa,1,6791.196060
2026/02/03/15:48:27,running-time,rs-000352-hzn98,010ee56a-4bb4-4a3c-8d9d-513568bb11aa,1,6791.196060
2026/02/03/15:48:27,apply-time,rs-000352-vp6hx,0fcdab10-554e-4dcb-8fd5-cb6a07466b5e,1,6791.196060
2026/02/03/15:48:27,running-time,rs-000352-vp6hx,0fcdab10-554e-4dcb-8fd5-cb6a07466b5e,1,6791.196060
2026/02/03/15:48:27,apply-time,rs-000352-vsbxz,9a7aa6be-fb5c-4d5d-997b-2f342e3f01c2,1,6791.196060
2026/02/03/15:48:27,running-time,rs-000352-vsbxz,9a7aa6be-fb5c-4d5d-997b-2f342e3f01c2,1,6791.196060
2026/02/03/15:48:29,apply-time,rs-000353-8sxc9,73b27005-d26e-44bc-9b6d-73d8905a9d22,1,6792.196060
2026/02/03/15:48:29,running-time,rs-000353-8sxc9,73b27005-d26e-44bc-9b6d-73d8905a9d22,1,6792.196060
2026/02/03/15:48:29,apply-time,rs-000353-z27gr,c7159749-4957-40a9-9224-00b15dd9a0dd,1,6792.196060
2026/02/03/15:48:29,running-time,rs-000353-z27gr,c7159749-4957-40a9-9224-00b15dd9a0dd,1,6792.196060
2026/02/03/15:48:29,apply-time,rs-000354-fpwhp,cc2dca20-0664-4ba3-9b03-5efb1cac32c7,1,6793.196060
2026/02/03/15:48:29,running-time,rs-000354-fpwhp,cc2dca20-0664-4ba3-9b03-5efb1cac32c7,1,6793.196060
2026/02/03/15:48:29,apply-time,rs-000354-tw486,ee7699f5-7a8a-499b-adb0-b624d2a49b8a,1,6792.196060
2026/02/03/15:48:29,running-time,rs-000354-tw486,ee7699f5-7a8a-499b-adb0-b624d2a49b8a,1,6793.196060
2026/02/03/15:48:29,apply-time,rs-000355-4zsml,6697eec7-fe25-4b9c-b193-192595f61f42,1,6792.196060
2026/02/03/15:48:29,running-time,rs-000355-4zsml,6697eec7-fe25-4b9c-b193-192595f61f42,1,6793.196060
2026/02/03/15:48:29,apply-time,rs-000356-c5xw8,98f0dac4-4233-4e37-ab6e-4f0776b9ac62,1,6793.196060
2026/02/03/15:48:29,running-time,rs-000356-c5xw8,98f0dac4-4233-4e37-ab6e-4f0776b9ac62,1,6793.196060
2026/02/03/15:48:29,apply-time,rs-000356-wgnf9,aeb4596e-7829-4ae8-a387-f5b1615ec757,1,6793.196060
2026/02/03/15:48:29,running-time,rs-000356-wgnf9,aeb4596e-7829-4ae8-a387-f5b1615ec757,1,6793.196060
2026/02/03/15:48:32,apply-time,rs-000357-hvncs,dfd5edcb-a46b-4c6c-8cd9-6373a2cbf2aa,1,6795.196060
2026/02/03/15:48:32,running-time,rs-000357-hvncs,dfd5edcb-a46b-4c6c-8cd9-6373a2cbf2aa,1,6795.196060
2026/02/03/15:48:32,apply-time,rs-000358-5zc8g,301d909b-8fa5-49bb-ba32-e7908373b91e,1,6795.196060
2026/02/03/15:48:32,running-time,rs-000358-5zc8g,301d909b-8fa5-49bb-ba32-e7908373b91e,1,6795.196060
2026/02/03/15:48:32,apply-time,rs-000358-6wrzx,f41884bb-f5ed-410d-812a-673434029d23,1,6795.196060
2026/02/03/15:48:32,running-time,rs-000358-6wrzx,f41884bb-f5ed-410d-812a-673434029d23,1,6795.196060
2026/02/03/15:48:32,apply-time,rs-000358-zk9ph,4c06c5a9-8ce9-4d40-b77c-8985825d4929,1,6795.196060
2026/02/03/15:48:32,running-time,rs-000358-zk9ph,4c06c5a9-8ce9-4d40-b77c-8985825d4929,1,6795.196060
2026/02/03/15:48:32,apply-time,rs-000359-dkqpj,15b35875-bd3e-47b5-b28b-eb8a3185b84e,1,6795.196060
2026/02/03/15:48:32,running-time,rs-000359-dkqpj,15b35875-bd3e-47b5-b28b-eb8a3185b84e,1,6795.196060
2026/02/03/15:48:32,apply-time,rs-000359-x6tjl,ac7135f0-8f9a-4f26-8403-b8036398a821,1,6795.196060
2026/02/03/15:48:32,running-time,rs-000359-x6tjl,ac7135f0-8f9a-4f26-8403-b8036398a821,1,6795.196060
2026/02/03/15:48:32,apply-time,rs-000360-22qjl,549f6f45-0124-4409-8cb9-94a15cab520e,1,6795.196060
2026/02/03/15:48:32,running-time,rs-000360-22qjl,549f6f45-0124-4409-8cb9-94a15cab520e,1,6795.196060
2026/02/03/15:48:34,apply-time,rs-000361-4dc95,d6018384-380c-42cc-b816-891356d28eac,1,6797.196060
2026/02/03/15:48:34,running-time,rs-000361-4dc95,d6018384-380c-42cc-b816-891356d28eac,1,6797.196060
2026/02/03/15:53:18,apply-time,rs-000362-46zz5,d09436e7-f767-41de-8d0a-e6a3b1c50ead,1,7082.196060
2026/02/03/15:53:18,running-time,rs-000362-46zz5,d09436e7-f767-41de-8d0a-e6a3b1c50ead,1,7082.196060
2026/02/03/15:53:18,apply-time,rs-000362-mmhf8,efe4be58-64e0-4d13-a68c-78078acf438a,1,7082.196060
2026/02/03/15:53:18,running-time,rs-000362-mmhf8,efe4be58-64e0-4d13-a68c-78078acf438a,1,7082.196060
2026/02/03/15:53:18,apply-time,rs-000363-9sdqv,3d2af645-6e24-4d68-b84e-2b3210490fcb,1,7082.196060
2026/02/03/15:53:18,running-time,rs-000363-9sdqv,3d2af645-6e24-4d68-b84e-2b3210490fcb,1,7082.196060
2026/02/03/15:53:18,apply-time,rs-000363-lg7h2,d4bfdd4e-1733-470e-9809-27cb72ce6a66,1,7082.196060
2026/02/03/15:53:18,running-time,rs-000363-lg7h2,d4bfdd4e-1733-470e-9809-27cb72ce6a66,1,7082.196060
2026/02/03/15:53:18,apply-time,rs-000364-qn5jm,55111e17-9a4d-47be-a279-cf44b8be0bbc,1,7082.196060
2026/02/03/15:53:18,running-time,rs-000364-qn5jm,55111e17-9a4d-47be-a279-cf44b8be0bbc,1,7082.196060
2026/02/03/15:53:22,apply-time,rs-000365-7mhbm,854103e2-3c97-425e-8279-3a8e19c82c6d,1,7085.196060
2026/02/03/15:53:22,running-time,rs-000365-7mhbm,854103e2-3c97-425e-8279-3a8e19c82c6d,1,7085.196060
2026/02/03/15:53:22,apply-time,rs-000365-mxfgp,3266a45c-8749-42cb-a9e1-4231ead97688,1,7085.196060
2026/02/03/15:53:22,running-time,rs-000365-mxfgp,3266a45c-8749-42cb-a9e1-4231ead97688,1,7085.196060
