scheduler,job_name,n_seeds,T_end_s_mean,cpu_run_util_mean,mem_run_util_mean,cpu_req_util_mean,mem_req_util_mean,util_eff_run_mean,util_eff_req_mean,R_p1,R_p2,R_p3,R_p4,D_p1,D_p2,D_p3,D_p4,latency_first_admit_p05_s,latency_first_admit_p25_s,latency_first_admit_median_s,latency_first_admit_mean_s,latency_first_admit_p75_s,latency_first_admit_p95_s
default,nodes=16_prio=1_arrival=16s,2,7199.7276,0.8461,0.8298,0.881,0.8543,0.8576,0.8986,806704.8454,0.0,0.0,0.0,698.0,0.0,0.0,0.0,0.0,0.0,0.0,11.726,0.0,16.725
default,nodes=16_prio=1_arrival=8s,2,7199.9324,0.842,0.8344,0.8728,0.8587,0.8593,0.8928,809683.978,0.0,0.0,0.0,1380.5,0.0,0.0,0.0,0.0,0.0,0.0,4.028,0.0,12.5
default,nodes=16_prio=4_arrival=16s,2,7199.9518,0.818,0.8386,0.8361,0.8688,0.8652,0.8923,237216.9574,193720.9492,153910.6278,131517.0788,465.0,231.0,213.0,153.0,0.0,0.0,0.0,1.48,0.0,3.575
default,nodes=16_prio=4_arrival=8s,2,7199.9388,0.8162,0.8335,0.8403,0.8747,0.8574,0.8938,238495.7956,199478.0305,170965.5624,128601.856,793.0,426.0,378.5,268.5,0.0,0.0,0.0,0.9819,0.0,2.0
default,nodes=32_prio=1_arrival=16s,2,7199.8896,0.8635,0.8326,0.8904,0.8505,0.8676,0.8968,1612886.2372,0.0,0.0,0.0,736.0,0.0,0.0,0.0,0.0,0.0,0.0,14.3479,0.0,9.425
default,nodes=32_prio=1_arrival=8s,2,7199.713,0.8622,0.8252,0.8882,0.8421,0.8646,0.892,1617217.707,0.0,0.0,0.0,1479.0,0.0,0.0,0.0,0.0,0.0,0.0,5.7058,0.0,7.875
default,nodes=32_prio=4_arrival=16s,2,7199.9178,0.8368,0.8337,0.85,0.8507,0.8744,0.8914,531028.4852,399017.647,345086.4392,244444.3936,394.5,228.5,218.0,154.0,0.0,0.0,0.0,1.741,0.0,1.0
default,nodes=32_prio=4_arrival=8s,2,7199.5032,0.8427,0.8443,0.8552,0.8632,0.8724,0.8906,536889.4876,405526.5824,368199.1072,242952.2462,713.5,425.0,379.0,274.0,0.0,0.0,0.0,0.7643,0.0,1.0
mode=periodic8s_blocking=0_defpreempt=0,nodes=16_prio=1_arrival=16s,2,7199.3638,0.8708,0.8438,0.881,0.8542,0.8862,0.8986,815141.6983,0.0,0.0,0.0,749.0,0.0,0.0,0.0,0.0,0.0,0.0,5.5298,0.0,30.6
mode=periodic8s_blocking=0_defpreempt=0,nodes=16_prio=1_arrival=8s,2,7199.294,0.8572,0.8437,0.8727,0.8586,0.8758,0.8928,814833.9799,0.0,0.0,0.0,1469.5,0.0,0.0,0.0,0.0,0.0,0.0,3.5394,0.0,16.65
mode=periodic8s_blocking=0_defpreempt=0,nodes=16_prio=4_arrival=16s,2,7199.4846,0.8215,0.8531,0.8362,0.869,0.8762,0.8925,246398.2294,191970.6411,151219.5268,130268.7612,323.0,189.5,177.0,130.0,0.0,0.0,0.0,7.8696,1.5,38.7
mode=periodic8s_blocking=0_defpreempt=0,nodes=16_prio=4_arrival=8s,2,7198.5912,0.8192,0.8486,0.8404,0.875,0.8676,0.894,246454.7489,196240.5945,168415.367,126447.2701,534.5,331.0,292.5,216.5,0.0,0.0,0.0,6.3314,1.0,38.5
mode=periodic8s_blocking=0_defpreempt=0,nodes=32_prio=1_arrival=16s,2,7199.7666,0.8799,0.8432,0.8904,0.8504,0.886,0.8967,1624175.0252,0.0,0.0,0.0,794.5,0.0,0.0,0.0,0.0,0.0,0.0,6.6768,0.0,23.475
mode=periodic8s_blocking=0_defpreempt=0,nodes=32_prio=1_arrival=8s,2,7199.9728,0.8765,0.8326,0.8882,0.842,0.8796,0.8919,1625890.1776,0.0,0.0,0.0,1558.5,0.0,0.0,0.0,0.0,0.0,0.0,4.8924,0.0,20.0
mode=periodic8s_blocking=0_defpreempt=0,nodes=32_prio=4_arrival=16s,2,7199.5519,0.843,0.8446,0.85,0.8508,0.8844,0.8914,542292.3895,397555.7919,342971.8153,242655.0148,335.0,204.0,192.0,134.0,0.0,0.0,0.0,6.588,0.0,28.05
mode=periodic8s_blocking=0_defpreempt=0,nodes=32_prio=4_arrival=8s,2,7199.4643,0.8466,0.8526,0.8552,0.8632,0.8792,0.8906,546589.5036,403297.5548,365485.0702,241383.8808,556.0,377.0,335.0,239.5,0.0,0.0,0.0,4.3186,0.0,16.5
mode=periodic8s_blocking=0_defpreempt=1,nodes=16_prio=1_arrival=16s,2,7199.9012,0.8706,0.8438,0.881,0.8542,0.8861,0.8986,815203.3904,0.0,0.0,0.0,751.0,0.0,0.0,0.0,0.0,0.0,0.0,5.0843,0.5,26.5
mode=periodic8s_blocking=0_defpreempt=1,nodes=16_prio=1_arrival=8s,2,7199.4818,0.8569,0.843,0.8728,0.8587,0.8752,0.8928,814432.5864,0.0,0.0,0.0,1457.0,0.0,0.0,0.0,0.0,0.0,0.0,3.7297,0.5,19.9
mode=periodic8s_blocking=0_defpreempt=1,nodes=16_prio=4_arrival=16s,2,7199.6398,0.8225,0.8504,0.836,0.8688,0.8742,0.8924,240295.0028,193685.9581,153879.9106,131513.4705,573.0,231.5,213.0,153.0,0.0,0.0,0.0,1.6074,0.0,5.575
mode=periodic8s_blocking=0_defpreempt=1,nodes=16_prio=4_arrival=8s,2,7199.1867,0.8226,0.8468,0.8402,0.8746,0.8681,0.8938,243026.7141,199394.7778,170904.7458,128551.6322,985.0,426.5,378.0,268.5,0.0,0.0,0.0,1.0712,0.0,4.0
mode=periodic8s_blocking=0_defpreempt=1,nodes=32_prio=1_arrival=16s,2,7199.4894,0.8818,0.8438,0.8904,0.8504,0.8878,0.8968,1625214.9369,0.0,0.0,0.0,792.0,0.0,0.0,0.0,0.0,0.0,0.0,5.9015,0.0,25.525
mode=periodic8s_blocking=0_defpreempt=1,nodes=32_prio=1_arrival=8s,2,7198.8955,0.875,0.8306,0.8882,0.842,0.878,0.8918,1624681.2025,0.0,0.0,0.0,1558.5,0.0,0.0,0.0,0.0,0.0,0.0,5.1466,0.0,13.5
mode=periodic8s_blocking=0_defpreempt=1,nodes=32_prio=4_arrival=16s,2,7199.5334,0.8442,0.8442,0.85,0.8508,0.8844,0.8914,538437.2656,398989.7078,345059.6574,244420.69,484.0,228.5,218.0,154.0,0.0,0.0,0.0,2.0778,0.0,1.5
mode=periodic8s_blocking=0_defpreempt=1,nodes=32_prio=4_arrival=8s,2,7199.3918,0.8472,0.8518,0.8552,0.8632,0.879,0.8906,542020.4845,405499.2461,368193.586,242952.6816,806.5,424.5,377.5,274.0,0.0,0.0,0.0,0.8576,0.0,1.0
mode=periodic8s_blocking=1_defpreempt=0,nodes=16_prio=1_arrival=16s,2,7199.0259,0.8718,0.8447,0.8812,0.8543,0.8869,0.8987,815757.8611,0.0,0.0,0.0,769.5,0.0,0.0,0.0,0.0,0.0,0.0,4.8446,0.0,29.475
mode=periodic8s_blocking=1_defpreempt=0,nodes=16_prio=1_arrival=8s,2,7198.9386,0.8577,0.844,0.8728,0.8587,0.8758,0.8928,815028.801,0.0,0.0,0.0,1487.5,0.0,0.0,0.0,0.0,0.0,0.0,3.5398,1.0,19.675
mode=periodic8s_blocking=1_defpreempt=0,nodes=16_prio=4_arrival=16s,2,7199.5635,0.8219,0.8539,0.8362,0.8688,0.8766,0.8924,246718.5748,192002.6434,151322.5694,130189.772,331.0,187.0,174.0,126.0,0.0,0.0,0.0,7.1131,0.5,37.75
mode=periodic8s_blocking=1_defpreempt=0,nodes=16_prio=4_arrival=8s,2,7199.5835,0.8188,0.8498,0.8404,0.8749,0.8688,0.894,247775.2116,196266.1207,167981.8754,126182.9596,526.5,335.5,293.0,215.0,0.0,0.0,0.0,6.0239,0.5,31.925
mode=periodic8s_blocking=1_defpreempt=0,nodes=32_prio=1_arrival=16s,2,7199.5704,0.8806,0.8433,0.8904,0.8504,0.8869,0.8967,1624792.1562,0.0,0.0,0.0,791.5,0.0,0.0,0.0,0.0,0.0,0.0,6.0472,0.0,20.9
mode=periodic8s_blocking=1_defpreempt=0,nodes=32_prio=1_arrival=8s,2,7199.8338,0.8756,0.8306,0.8882,0.842,0.8786,0.8919,1625459.9098,0.0,0.0,0.0,1566.0,0.0,0.0,0.0,0.0,0.0,0.0,4.9992,0.0,14.95
mode=periodic8s_blocking=1_defpreempt=0,nodes=32_prio=4_arrival=16s,2,7199.4468,0.8424,0.8435,0.85,0.8508,0.883,0.8914,542017.9593,397438.0147,343183.7092,242250.0694,333.5,203.0,194.0,133.5,0.0,0.0,0.0,7.2344,0.0,27.2
mode=periodic8s_blocking=1_defpreempt=0,nodes=32_prio=4_arrival=8s,2,7199.685,0.8474,0.8531,0.8552,0.8632,0.8797,0.8906,546911.5311,403608.1474,365469.189,241547.1346,571.0,381.5,330.5,239.5,0.0,0.0,0.0,3.3006,0.0,17.1
mode=periodic8s_blocking=1_defpreempt=1,nodes=16_prio=1_arrival=16s,2,7199.778,0.871,0.8436,0.8811,0.8544,0.8862,0.8987,815247.8306,0.0,0.0,0.0,759.0,0.0,0.0,0.0,0.0,0.0,0.0,5.6892,0.0,33.8
mode=periodic8s_blocking=1_defpreempt=1,nodes=16_prio=1_arrival=8s,2,7199.8264,0.857,0.8434,0.8726,0.8586,0.8752,0.8927,814528.2374,0.0,0.0,0.0,1459.0,0.0,0.0,0.0,0.0,0.0,0.0,3.769,0.5,20.0
mode=periodic8s_blocking=1_defpreempt=1,nodes=16_prio=4_arrival=16s,2,7199.5312,0.824,0.8512,0.8361,0.8688,0.876,0.8923,240849.8551,193695.3348,153888.1681,131490.4306,606.5,231.0,213.0,153.5,0.0,0.0,0.0,2.0492,0.0,6.825
mode=periodic8s_blocking=1_defpreempt=1,nodes=16_prio=4_arrival=8s,2,7199.4654,0.8214,0.846,0.8402,0.8746,0.8672,0.8938,242292.5798,199368.657,170896.814,128564.4971,978.0,428.0,377.0,267.0,0.0,0.0,0.0,1.1588,0.0,4.0
mode=periodic8s_blocking=1_defpreempt=1,nodes=32_prio=1_arrival=16s,2,7199.21,0.8816,0.8439,0.8904,0.8504,0.8878,0.8968,1625311.338,0.0,0.0,0.0,789.5,0.0,0.0,0.0,0.0,0.0,0.0,6.4546,0.0,26.65
mode=periodic8s_blocking=1_defpreempt=1,nodes=32_prio=1_arrival=8s,2,7199.21,0.8752,0.8312,0.8882,0.8421,0.8782,0.8919,1625049.1988,0.0,0.0,0.0,1560.0,0.0,0.0,0.0,0.0,0.0,0.0,4.8202,0.0,14.5
mode=periodic8s_blocking=1_defpreempt=1,nodes=32_prio=4_arrival=16s,2,7199.4487,0.844,0.8445,0.85,0.8507,0.8844,0.8914,538579.3314,398975.1569,345023.5625,244418.7336,475.5,228.5,217.0,153.5,0.0,0.0,0.0,1.5246,0.0,2.0
mode=periodic8s_blocking=1_defpreempt=1,nodes=32_prio=4_arrival=8s,2,7199.8796,0.8467,0.8519,0.8552,0.8632,0.879,0.8906,541937.7527,405512.512,368168.4631,242937.5445,819.5,423.5,377.5,274.0,0.0,0.0,0.0,0.7982,0.0,2.5
mode=stablequeue2s_blocking=0_defpreempt=0,nodes=16_prio=1_arrival=16s,2,7199.4723,0.8722,0.8457,0.8811,0.8543,0.8882,0.8986,816261.2555,0.0,0.0,0.0,789.5,0.0,0.0,0.0,0.0,0.0,0.0,4.4468,0.0,20.7
mode=stablequeue2s_blocking=0_defpreempt=0,nodes=16_prio=1_arrival=8s,2,7198.4654,0.8593,0.8457,0.8726,0.8586,0.8778,0.8927,815972.7419,0.0,0.0,0.0,1538.5,0.0,0.0,0.0,0.0,0.0,0.0,2.9232,0.5,15.2
mode=stablequeue2s_blocking=0_defpreempt=0,nodes=16_prio=4_arrival=16s,2,7199.5362,0.8208,0.852,0.8362,0.8688,0.8752,0.8924,246360.2638,191927.4154,151109.2511,129910.6382,396.0,187.5,177.0,126.0,0.0,0.0,0.0,8.2766,2.5,39.0
mode=stablequeue2s_blocking=0_defpreempt=0,nodes=16_prio=4_arrival=8s,2,7199.2899,0.8224,0.8534,0.8403,0.8748,0.872,0.894,248220.9088,196704.2888,168630.831,126424.2806,613.0,342.5,296.5,215.0,0.0,0.0,0.0,5.5494,0.5,29.35
mode=stablequeue2s_blocking=0_defpreempt=0,nodes=32_prio=1_arrival=16s,2,7199.4396,0.88,0.8433,0.8904,0.8504,0.8862,0.8967,1624206.409,0.0,0.0,0.0,798.5,0.0,0.0,0.0,0.0,0.0,0.0,6.6926,0.0,16.65
mode=stablequeue2s_blocking=0_defpreempt=0,nodes=32_prio=1_arrival=8s,2,7199.7025,0.8758,0.831,0.8882,0.842,0.8788,0.8919,1625329.0342,0.0,0.0,0.0,1567.5,0.0,0.0,0.0,0.0,0.0,0.0,4.686,0.0,13.75
mode=stablequeue2s_blocking=0_defpreempt=0,nodes=32_prio=4_arrival=16s,2,7199.5906,0.8446,0.8456,0.85,0.8508,0.8855,0.8914,542762.6771,397906.7556,343640.371,242932.5973,361.0,209.5,195.5,138.5,0.0,0.0,0.0,5.3608,0.0,26.4
mode=stablequeue2s_blocking=0_defpreempt=0,nodes=32_prio=4_arrival=8s,2,7199.2684,0.8478,0.8528,0.8552,0.8633,0.8797,0.8907,547021.2257,403486.929,365546.9202,241334.4258,585.5,378.5,331.5,239.0,0.0,0.0,0.0,3.5467,0.0,11.5
mode=stablequeue2s_blocking=0_defpreempt=1,nodes=16_prio=1_arrival=16s,2,7199.786,0.8718,0.8457,0.881,0.8543,0.8881,0.8986,816024.2848,0.0,0.0,0.0,782.5,0.0,0.0,0.0,0.0,0.0,0.0,4.4902,0.5,21.7
mode=stablequeue2s_blocking=0_defpreempt=1,nodes=16_prio=1_arrival=8s,2,7199.04,0.8596,0.8455,0.8726,0.8586,0.8781,0.8927,815856.5622,0.0,0.0,0.0,1521.5,0.0,0.0,0.0,0.0,0.0,0.0,2.9008,0.5,15.5
mode=stablequeue2s_blocking=0_defpreempt=1,nodes=16_prio=4_arrival=16s,2,7199.6073,0.8248,0.8516,0.836,0.8687,0.8776,0.8923,241468.0986,193662.6776,153891.8507,131507.1089,623.0,231.5,213.0,153.5,0.0,0.0,0.0,1.7975,0.0,6.5
mode=stablequeue2s_blocking=0_defpreempt=1,nodes=16_prio=4_arrival=8s,2,7199.4899,0.8235,0.849,0.8402,0.8746,0.8702,0.8937,243333.2242,199431.7581,170916.7321,128561.4116,1062.5,428.0,378.5,269.0,0.0,0.0,0.0,0.9885,0.0,4.225
mode=stablequeue2s_blocking=0_defpreempt=1,nodes=32_prio=1_arrival=16s,2,7199.7676,0.8807,0.8438,0.8904,0.8504,0.8866,0.8967,1624806.427,0.0,0.0,0.0,786.0,0.0,0.0,0.0,0.0,0.0,0.0,5.9642,0.0,24.35
mode=stablequeue2s_blocking=0_defpreempt=1,nodes=32_prio=1_arrival=8s,2,7199.5709,0.8762,0.8321,0.8881,0.842,0.879,0.8918,1625584.2103,0.0,0.0,0.0,1572.5,0.0,0.0,0.0,0.0,0.0,0.0,5.0922,0.0,16.35
mode=stablequeue2s_blocking=0_defpreempt=1,nodes=32_prio=4_arrival=16s,2,7199.55,0.8452,0.846,0.85,0.8507,0.8854,0.8914,539638.7624,398972.604,345033.667,244414.755,496.0,228.5,218.0,154.0,0.0,0.0,0.0,1.1607,0.0,1.0
mode=stablequeue2s_blocking=0_defpreempt=1,nodes=32_prio=4_arrival=8s,2,7199.7965,0.8483,0.8522,0.8551,0.8632,0.8793,0.8906,542463.7938,405515.3964,368178.0992,242956.844,831.0,425.0,379.0,274.0,0.0,0.0,0.0,0.6946,0.0,1.0
mode=stablequeue2s_blocking=1_defpreempt=0,nodes=16_prio=1_arrival=16s,2,7199.7093,0.8726,0.8462,0.881,0.8543,0.8888,0.8986,816388.7358,0.0,0.0,0.0,779.5,0.0,0.0,0.0,0.0,0.0,0.0,4.162,0.5,24.35
mode=stablequeue2s_blocking=1_defpreempt=0,nodes=16_prio=1_arrival=8s,2,7198.5831,0.8592,0.8458,0.8726,0.8586,0.878,0.8927,815896.7104,0.0,0.0,0.0,1527.5,0.0,0.0,0.0,0.0,0.0,0.0,3.162,1.0,17.0
mode=stablequeue2s_blocking=1_defpreempt=0,nodes=16_prio=4_arrival=16s,2,7199.7298,0.8218,0.854,0.8362,0.8688,0.8768,0.8924,246940.326,191929.1566,151211.4711,130225.4405,375.0,188.5,176.5,131.5,0.0,0.0,0.0,7.1854,2.0,33.6
mode=stablequeue2s_blocking=1_defpreempt=0,nodes=16_prio=4_arrival=8s,2,7198.4854,0.8224,0.8526,0.8404,0.875,0.8715,0.894,247993.462,196851.0936,168693.5066,126405.4197,636.5,340.0,296.5,218.0,0.0,0.0,0.0,5.4352,1.0,29.7
mode=stablequeue2s_blocking=1_defpreempt=0,nodes=32_prio=1_arrival=16s,2,7199.4688,0.8816,0.8441,0.8904,0.8504,0.8876,0.8967,1625249.9827,0.0,0.0,0.0,803.5,0.0,0.0,0.0,0.0,0.0,0.0,6.1576,0.0,22.725
mode=stablequeue2s_blocking=1_defpreempt=0,nodes=32_prio=1_arrival=8s,2,7199.4876,0.8752,0.8316,0.8881,0.842,0.8782,0.8918,1625412.4898,0.0,0.0,0.0,1577.0,0.0,0.0,0.0,0.0,0.0,0.0,5.1098,0.0,13.425
mode=stablequeue2s_blocking=1_defpreempt=0,nodes=32_prio=4_arrival=16s,2,7199.3918,0.8424,0.8435,0.85,0.8508,0.8836,0.8914,542553.7924,397701.8866,343156.4748,241679.5052,343.5,207.5,194.0,136.5,0.0,0.0,0.0,7.0523,0.0,26.2
mode=stablequeue2s_blocking=1_defpreempt=0,nodes=32_prio=4_arrival=8s,2,7199.4679,0.849,0.854,0.8552,0.8633,0.8806,0.8907,547466.7322,403842.3536,365823.4858,241686.1466,584.0,387.0,335.5,242.0,0.0,0.0,0.0,3.4829,0.0,13.25
mode=stablequeue2s_blocking=1_defpreempt=1,nodes=16_prio=1_arrival=16s,2,7199.7529,0.8718,0.8461,0.8811,0.8544,0.8884,0.8986,816102.4428,0.0,0.0,0.0,787.0,0.0,0.0,0.0,0.0,0.0,0.0,4.32,0.0,27.8
mode=stablequeue2s_blocking=1_defpreempt=1,nodes=16_prio=1_arrival=8s,2,7199.6326,0.8596,0.8458,0.8727,0.8586,0.878,0.8928,816123.5268,0.0,0.0,0.0,1537.5,0.0,0.0,0.0,0.0,0.0,0.0,2.9949,0.5,18.0
mode=stablequeue2s_blocking=1_defpreempt=1,nodes=16_prio=4_arrival=16s,2,7199.5836,0.8236,0.8511,0.8361,0.8688,0.8762,0.8924,240794.6802,193651.1108,153895.7267,131512.5822,657.0,231.5,213.0,153.5,0.0,0.0,0.0,1.9162,0.0,6.0
mode=stablequeue2s_blocking=1_defpreempt=1,nodes=16_prio=4_arrival=8s,2,7199.5462,0.8236,0.8494,0.84,0.8745,0.8697,0.8936,243559.834,199385.3325,170891.1226,128550.084,1058.0,428.0,378.5,268.5,0.0,0.0,0.0,1.0791,0.0,4.5
mode=stablequeue2s_blocking=1_defpreempt=1,nodes=32_prio=1_arrival=16s,2,7199.6914,0.8814,0.8439,0.8904,0.8504,0.8875,0.8966,1625256.3513,0.0,0.0,0.0,803.5,0.0,0.0,0.0,0.0,0.0,0.0,5.5946,0.0,23.0
mode=stablequeue2s_blocking=1_defpreempt=1,nodes=32_prio=1_arrival=8s,2,7199.6554,0.8768,0.8315,0.8882,0.842,0.8798,0.8918,1626306.967,0.0,0.0,0.0,1599.5,0.0,0.0,0.0,0.0,0.0,0.0,4.8634,0.0,16.0
mode=stablequeue2s_blocking=1_defpreempt=1,nodes=32_prio=4_arrival=16s,2,7199.3724,0.8442,0.8456,0.85,0.8508,0.8847,0.8914,538984.5987,398968.0515,345014.4022,244411.3182,483.0,228.5,218.0,154.0,0.0,0.0,0.0,1.4642,0.0,1.5
mode=stablequeue2s_blocking=1_defpreempt=1,nodes=32_prio=4_arrival=8s,2,7199.2896,0.8471,0.8516,0.8552,0.8632,0.8788,0.8906,541695.887,405470.9794,368167.1258,242929.8341,826.0,425.0,379.0,274.0,0.0,0.0,0.0,0.8981,0.0,1.0
