job_name,plugin_config,n_seed,T_end_s_mean,delta_cpu_run_util_mean_mean,delta_cpu_run_util_mean_std,delta_mem_run_util_mean_mean,delta_mem_run_util_mean_std,delta_cpu_req_util_mean_mean,delta_cpu_req_util_mean_std,delta_mem_req_util_mean_mean,delta_mem_req_util_mean_std,delta_util_eff_run_mean_mean,delta_util_eff_run_mean_std,delta_util_eff_req_mean_mean,delta_util_eff_req_mean_std,delta_R_p1_mean,delta_R_p1_std,delta_R_p2_mean,delta_R_p2_std,delta_R_p3_mean,delta_R_p3_std,delta_R_p4_mean,delta_R_p4_std,delta_R_total_mean,delta_R_total_std,delta_D_p1_mean,delta_D_p1_std,delta_D_p2_mean,delta_D_p2_std,delta_D_p3_mean,delta_D_p3_std,delta_D_p4_mean,delta_D_p4_std,delta_D_total_mean,delta_D_total_std,delta_latency_mean_s_mean,delta_latency_mean_s_std,delta_latency_mean_p1_s_mean,delta_latency_mean_p1_s_std,delta_latency_mean_p2_s_mean,delta_latency_mean_p2_s_std,delta_latency_mean_p3_s_mean,delta_latency_mean_p3_s_std,delta_latency_mean_p4_s_mean,delta_latency_mean_p4_s_std
nodes=16_prio=1_arrival=16s,mode=periodic8s_blocking=0_defpreempt=0,2,7199.3549,0.0247,0.0084,0.014,0.0031,0.0,0.0001,-0.0,0.0001,0.0287,0.0068,-0.0,0.0001,8478.6709,207.4446,0.0,0.0,0.0,0.0,0.0,0.0,8478.6709,207.4446,51.0,11.3137,0.0,0.0,0.0,0.0,0.0,0.0,51.0,11.3137,-7.7968,4.4004,-7.7968,4.4004,,,,,,
nodes=16_prio=1_arrival=16s,mode=periodic8s_blocking=0_defpreempt=1,2,7199.6664,0.0245,0.0082,0.014,0.003,-0.0001,0.0,-0.0,0.0,0.0285,0.0067,-0.0001,0.0,8478.1256,482.349,0.0,0.0,0.0,0.0,0.0,0.0,8478.1256,482.349,53.0,7.0711,0.0,0.0,0.0,0.0,0.0,0.0,53.0,7.0711,-7.9206,4.4554,-7.9206,4.4554,,,,,,
nodes=16_prio=1_arrival=16s,mode=periodic8s_blocking=1_defpreempt=0,2,7199.0259,0.0257,0.0083,0.0149,0.0034,0.0001,0.0,0.0,0.0001,0.0293,0.0064,0.0,0.0,9134.1724,482.097,0.0,0.0,0.0,0.0,0.0,0.0,9134.1724,482.097,71.5,2.1213,0.0,0.0,0.0,0.0,0.0,0.0,71.5,2.1213,-8.2461,4.5907,-8.2461,4.5907,,,,,,
nodes=16_prio=1_arrival=16s,mode=periodic8s_blocking=1_defpreempt=1,2,7199.5079,0.0249,0.0083,0.0139,0.004,0.0,0.0,0.0001,0.0,0.0286,0.006,0.0,0.0,8536.6513,172.9477,0.0,0.0,0.0,0.0,0.0,0.0,8536.6513,172.9477,61.0,4.2426,0.0,0.0,0.0,0.0,0.0,0.0,61.0,4.2426,-7.6815,4.0643,-7.6815,4.0643,,,,,,
nodes=16_prio=1_arrival=16s,mode=stablequeue2s_blocking=0_defpreempt=0,2,7199.3642,0.0262,0.0064,0.0159,0.0056,0.0,0.0,0.0,0.0,0.0306,0.0044,-0.0,0.0,9585.5607,732.1811,0.0,0.0,0.0,0.0,0.0,0.0,9585.5607,732.1811,91.5,24.7487,0.0,0.0,0.0,0.0,0.0,0.0,91.5,24.7487,-8.657,4.0858,-8.657,4.0858,,,,,,
nodes=16_prio=1_arrival=16s,mode=stablequeue2s_blocking=0_defpreempt=1,2,7199.7186,0.0257,0.0066,0.0159,0.0049,0.0,0.0,0.0,0.0,0.0305,0.0046,-0.0,0.0,9312.5887,472.6863,0.0,0.0,0.0,0.0,0.0,0.0,9312.5887,472.6863,84.5,6.364,0.0,0.0,0.0,0.0,0.0,0.0,84.5,6.364,-8.7816,3.5839,-8.7816,3.5839,,,,,,
nodes=16_prio=1_arrival=16s,mode=stablequeue2s_blocking=1_defpreempt=0,2,7199.7093,0.0265,0.0082,0.0165,0.0045,0.0,0.0,-0.0,0.0,0.0313,0.0054,-0.0,0.0,9686.038,57.7682,0.0,0.0,0.0,0.0,0.0,0.0,9686.038,57.7682,81.5,6.364,0.0,0.0,0.0,0.0,0.0,0.0,81.5,6.364,-9.091,4.0336,-9.091,4.0336,,,,,,
nodes=16_prio=1_arrival=16s,mode=stablequeue2s_blocking=1_defpreempt=1,2,7199.6433,0.0257,0.0076,0.0163,0.0041,0.0,0.0001,0.0,0.0001,0.0308,0.0056,0.0,0.0001,9394.4734,222.4189,0.0,0.0,0.0,0.0,0.0,0.0,9394.4734,222.4189,89.0,4.2426,0.0,0.0,0.0,0.0,0.0,0.0,89.0,4.2426,-8.8411,3.9819,-8.8411,3.9819,,,,,,
nodes=16_prio=1_arrival=8s,mode=periodic8s_blocking=0_defpreempt=0,2,7199.294,0.0153,0.0051,0.0093,0.0021,-0.0,0.0001,-0.0,0.0,0.0165,0.0027,-0.0,0.0001,5221.6991,651.9287,0.0,0.0,0.0,0.0,0.0,0.0,5221.6991,651.9287,89.0,32.5269,0.0,0.0,0.0,0.0,0.0,0.0,89.0,32.5269,-1.1546,0.0652,-1.1546,0.0652,,,,,,
nodes=16_prio=1_arrival=8s,mode=periodic8s_blocking=0_defpreempt=1,2,7199.4818,0.0149,0.0051,0.0086,0.0012,-0.0,0.0001,0.0,0.0001,0.0159,0.0032,0.0,0.0001,4798.469,584.6147,0.0,0.0,0.0,0.0,0.0,0.0,4798.469,584.6147,76.5,23.3345,0.0,0.0,0.0,0.0,0.0,0.0,76.5,23.3345,-0.9838,0.1047,-0.9838,0.1047,,,,,,
nodes=16_prio=1_arrival=8s,mode=periodic8s_blocking=1_defpreempt=0,2,7198.9386,0.0158,0.0059,0.0096,0.0001,0.0,0.0001,0.0,0.0001,0.0165,0.0045,0.0,0.0001,5464.4854,1586.0339,0.0,0.0,0.0,0.0,0.0,0.0,5464.4854,1586.0339,107.0,2.8284,0.0,0.0,0.0,0.0,0.0,0.0,107.0,2.8284,-1.2623,0.52,-1.2623,0.52,,,,,,
nodes=16_prio=1_arrival=8s,mode=periodic8s_blocking=1_defpreempt=1,2,7199.8264,0.015,0.0049,0.009,0.0019,-0.0001,0.0,-0.0001,0.0,0.0159,0.0025,-0.0001,0.0,4855.714,621.5224,0.0,0.0,0.0,0.0,0.0,0.0,4855.714,621.5224,78.5,24.7487,0.0,0.0,0.0,0.0,0.0,0.0,78.5,24.7487,-1.0555,0.1269,-1.0555,0.1269,,,,,,
nodes=16_prio=1_arrival=8s,mode=stablequeue2s_blocking=0_defpreempt=0,2,7198.4654,0.0173,0.0056,0.0113,0.0009,-0.0001,0.0001,-0.0,0.0001,0.0186,0.0039,-0.0,0.0001,6466.6267,1403.8675,0.0,0.0,0.0,0.0,0.0,0.0,6466.6267,1403.8675,158.0,5.6569,0.0,0.0,0.0,0.0,0.0,0.0,158.0,5.6569,-1.8125,0.4371,-1.8125,0.4371,,,,,,
nodes=16_prio=1_arrival=8s,mode=stablequeue2s_blocking=0_defpreempt=1,2,7199.0401,0.0176,0.0062,0.0111,0.0002,-0.0001,0.0,-0.0001,0.0,0.0188,0.0044,-0.0,0.0001,6280.901,1816.3629,0.0,0.0,0.0,0.0,0.0,0.0,6280.901,1816.3629,141.0,12.7279,0.0,0.0,0.0,0.0,0.0,0.0,141.0,12.7279,-1.6767,0.5888,-1.6767,0.5888,,,,,,
nodes=16_prio=1_arrival=8s,mode=stablequeue2s_blocking=1_defpreempt=0,2,7198.5831,0.0173,0.0055,0.0114,0.0004,-0.0001,0.0001,-0.0001,0.0001,0.0187,0.0037,-0.0001,0.0001,6367.4552,1275.4658,0.0,0.0,0.0,0.0,0.0,0.0,6367.4552,1275.4658,147.0,18.3848,0.0,0.0,0.0,0.0,0.0,0.0,147.0,18.3848,-1.5508,0.2458,-1.5508,0.2458,,,,,,
nodes=16_prio=1_arrival=8s,mode=stablequeue2s_blocking=1_defpreempt=1,2,7199.6124,0.0176,0.0062,0.0113,0.0002,-0.0,0.0001,-0.0,0.0001,0.0187,0.0046,0.0,0.0001,6468.0586,1559.6571,0.0,0.0,0.0,0.0,0.0,0.0,6468.0586,1559.6571,157.0,32.5269,0.0,0.0,0.0,0.0,0.0,0.0,157.0,32.5269,-1.6561,0.2457,-1.6561,0.2457,,,,,,
nodes=16_prio=4_arrival=16s,mode=periodic8s_blocking=0_defpreempt=0,2,7199.4847,0.0035,0.0016,0.0144,0.0075,0.0001,0.0,0.0002,0.0,0.0109,0.0121,0.0002,0.0,9198.1399,529.1459,-1739.01,431.3394,-2683.482,85.9817,-1238.9766,208.7326,3536.6713,837.7344,-142.0,16.9706,-41.5,20.5061,-36.0,25.4558,-23.0,14.1421,-242.5,77.0746,6.0015,0.1428,1.5773,3.059,5.7157,1.1289,10.8685,2.5331,7.0615,2.5866
nodes=16_prio=4_arrival=16s,mode=periodic8s_blocking=0_defpreempt=1,2,7199.6397,0.0045,0.0002,0.0118,0.0026,-0.0,0.0001,0.0,0.0,0.009,0.0063,0.0,0.0,3089.3237,422.7549,-27.5087,26.8594,-25.4397,22.7515,2.6322,14.3451,3039.0074,387.4892,108.0,38.1838,0.5,0.7071,0.0,0.0,0.0,0.0,108.5,38.8909,0.0534,0.2465,0.0907,0.9633,0.1139,0.0971,0.0304,0.0111,0.0252,0.0168
nodes=16_prio=4_arrival=16s,mode=periodic8s_blocking=1_defpreempt=0,2,7199.5635,0.0038,0.0021,0.0153,0.0076,0.0001,0.0,0.0001,0.0,0.0114,0.0126,0.0001,0.0,9515.6114,376.3369,-1708.7206,171.4801,-2582.278,244.0412,-1319.542,49.1102,3905.0709,352.8859,-134.0,11.3137,-44.0,19.799,-39.0,22.6274,-27.0,9.8995,-244.0,63.6396,5.3899,0.2694,0.6583,2.5774,4.8053,0.268,10.5458,3.0753,7.1724,0.3086
nodes=16_prio=4_arrival=16s,mode=periodic8s_blocking=1_defpreempt=1,2,7199.5312,0.0059,0.0003,0.0126,0.0043,-0.0,0.0001,0.0,0.0,0.0109,0.0064,0.0,0.0,3648.1586,285.8259,-15.9497,13.7153,-14.1466,24.1271,-18.2373,2.9852,3599.8251,250.9686,141.5,84.1457,0.0,0.0,0.0,0.0,0.5,0.7071,142.0,83.4386,0.3619,0.1255,1.1123,0.1656,0.0927,0.0542,0.0272,0.0317,0.0422,0.0974
nodes=16_prio=4_arrival=16s,mode=stablequeue2s_blocking=0_defpreempt=0,2,7199.5363,0.0027,0.0018,0.0133,0.0075,0.0001,0.0001,0.0001,0.0002,0.01,0.0119,0.0001,0.0001,9158.5504,590.9433,-1785.1566,382.3874,-2789.8184,23.572,-1598.1312,339.3935,2985.4442,657.5092,-69.0,24.0416,-43.5,27.5772,-36.0,28.2843,-27.0,11.3137,-175.5,91.2168,6.5997,0.9167,1.7632,1.4244,5.7632,0.068,11.593,2.4148,9.1888,2.2936
nodes=16_prio=4_arrival=16s,mode=stablequeue2s_blocking=0_defpreempt=1,2,7199.6073,0.0068,0.0015,0.013,0.0084,-0.0,0.0001,-0.0,0.0,0.0123,0.009,0.0,0.0001,4263.5754,2418.0751,-49.91,38.5605,-13.2449,6.7673,-3.0818,5.2494,4197.3388,2391.5314,158.0,43.8406,0.5,0.7071,0.0,0.0,0.5,0.7071,159.0,43.8406,-0.1879,0.3667,-0.6861,1.1921,0.1032,0.0692,0.0127,0.0498,-0.0119,0.0356
nodes=16_prio=4_arrival=16s,mode=stablequeue2s_blocking=1_defpreempt=0,2,7199.7297,0.0038,0.0034,0.0154,0.0092,0.0,0.0,0.0001,0.0001,0.0116,0.0142,0.0,0.0,9731.3835,63.185,-1786.3953,226.8172,-2695.6102,195.9205,-1287.1978,472.5694,3962.1802,378.4876,-90.0,2.8284,-42.5,21.9203,-36.5,17.6777,-21.5,4.9497,-190.5,41.7193,5.6133,1.113,1.2469,1.7907,5.6645,0.2047,9.9938,3.678,6.9344,2.457
nodes=16_prio=4_arrival=16s,mode=stablequeue2s_blocking=1_defpreempt=1,2,7199.5836,0.0056,0.0019,0.0125,0.0075,0.0,0.0002,0.0001,0.0001,0.011,0.0093,0.0001,0.0001,3591.2442,2274.8073,-62.5227,101.9747,-4.3562,7.5594,2.8655,10.6872,3527.2309,2175.9603,192.0,56.5685,0.5,0.7071,0.0,0.0,0.5,0.7071,193.0,56.5685,0.1539,0.6932,0.5983,2.4397,0.0817,0.0451,0.0232,0.1093,0.0072,0.0276
nodes=16_prio=4_arrival=8s,mode=periodic8s_blocking=0_defpreempt=0,2,7198.5911,0.0031,0.0044,0.0151,0.0038,0.0001,0.0002,0.0003,0.0002,0.0102,0.0021,0.0002,0.0003,8008.3938,2324.0814,-3199.7021,38.4768,-2514.0683,373.4911,-2126.2855,1011.0136,168.3378,1648.0821,-258.5,17.6777,-95.0,29.6985,-86.0,19.799,-52.0,2.8284,-491.5,34.6482,4.9707,0.2048,5.0435,2.0006,4.97,1.2657,4.1551,0.4456,5.8132,3.5783
nodes=16_prio=4_arrival=8s,mode=periodic8s_blocking=0_defpreempt=1,2,7199.1867,0.0065,0.0002,0.0133,0.0003,-0.0001,0.0001,-0.0001,0.0001,0.0108,0.0034,-0.0001,0.0002,4558.3461,566.8075,-62.1952,31.1994,-41.7959,51.4731,-34.4307,12.8599,4419.9243,662.3399,192.0,38.1838,0.5,2.1213,-0.5,0.7071,0.0,0.0,192.0,39.598,-0.1097,0.1858,-0.5741,0.6905,0.0692,0.0164,0.0762,0.0116,0.0836,0.0332
nodes=16_prio=4_arrival=8s,mode=periodic8s_blocking=1_defpreempt=0,2,7199.5835,0.0027,0.0028,0.0162,0.0011,0.0001,0.0001,0.0002,0.0001,0.0114,0.0047,0.0002,0.0001,9292.435,1504.9218,-3201.9614,128.0246,-2974.2736,429.4891,-2411.4351,1106.8209,704.765,699.5654,-266.5,16.2635,-90.5,26.163,-85.5,13.435,-53.5,0.7071,-496.0,56.5685,4.9664,0.0475,4.2408,0.7977,5.0976,1.2963,4.3879,2.5752,6.948,3.1885
nodes=16_prio=4_arrival=8s,mode=periodic8s_blocking=1_defpreempt=1,2,7199.4654,0.0052,0.0001,0.0125,0.001,-0.0002,0.0002,-0.0001,0.0002,0.0099,0.0039,-0.0001,0.0002,3814.1634,629.3172,-96.1185,23.0407,-55.9743,35.1787,-27.4176,21.5463,3634.6529,663.0013,185.0,14.1421,2.0,2.8284,-1.5,2.1213,-1.5,2.1213,184.0,12.7279,-0.0481,0.139,-0.306,0.3951,0.0722,0.0249,0.0547,0.0311,0.0328,0.0666
nodes=16_prio=4_arrival=8s,mode=stablequeue2s_blocking=0_defpreempt=0,2,7199.2899,0.0062,0.0031,0.02,0.0032,0.0,0.0003,0.0001,0.0002,0.0146,0.0035,0.0001,0.0003,9748.7838,1336.4089,-2755.5734,427.4513,-2318.2768,242.0445,-2163.949,700.9892,2510.9846,450.0128,-180.0,5.6569,-83.5,19.0919,-82.0,18.3848,-53.5,2.1213,-399.0,45.2548,4.3976,0.4477,3.8608,0.5137,4.6258,1.6943,3.9436,0.6963,5.6788,1.8313
nodes=16_prio=4_arrival=8s,mode=stablequeue2s_blocking=0_defpreempt=1,2,7199.4899,0.0074,0.0014,0.0155,0.0002,-0.0001,0.0001,-0.0002,0.0,0.0129,0.0031,-0.0002,0.0,4853.8083,157.7974,-33.7049,0.4926,-37.4063,31.7042,-31.0188,8.6745,4751.6783,198.6687,269.5,9.1924,2.0,1.4142,0.0,0.0,0.5,0.7071,272.0,9.8995,-0.1304,0.1455,-0.4821,0.5735,-0.0091,0.0263,0.0287,0.0022,0.0031,0.031
nodes=16_prio=4_arrival=8s,mode=stablequeue2s_blocking=1_defpreempt=0,2,7198.4704,0.0063,0.0032,0.0192,0.0031,0.0002,0.0002,0.0002,0.0002,0.0142,0.003,0.0002,0.0002,9551.4583,1835.3883,-2586.2409,236.9116,-2229.8018,109.6472,-2165.9143,1184.5794,2569.5013,523.5445,-156.5,30.4056,-86.0,12.7279,-82.0,15.5563,-50.5,3.5355,-375.0,55.1543,4.2477,0.7081,3.5326,0.353,4.3332,0.5003,3.5533,0.1535,6.3916,4.1997
nodes=16_prio=4_arrival=8s,mode=stablequeue2s_blocking=1_defpreempt=1,2,7199.5462,0.0074,0.0025,0.0159,0.003,-0.0003,0.0003,-0.0002,0.0003,0.0124,0.0012,-0.0002,0.0003,5078.4216,790.5056,-81.7058,34.202,-64.0512,88.8186,-43.5278,45.6462,4889.1368,621.8388,265.0,1.4142,2.0,2.8284,0.0,0.0,0.0,0.0,267.0,4.2426,-0.0334,0.3068,-0.2265,1.0321,0.0368,0.0554,0.0408,0.0114,0.0395,0.0452
nodes=32_prio=1_arrival=16s,mode=periodic8s_blocking=0_defpreempt=0,2,7199.7629,0.0164,0.0074,0.0105,0.0048,-0.0001,0.0001,-0.0001,0.0001,0.0184,0.007,-0.0001,0.0001,11316.8821,1514.6993,0.0,0.0,0.0,0.0,0.0,0.0,11316.8821,1514.6993,58.5,4.9497,0.0,0.0,0.0,0.0,0.0,0.0,58.5,4.9497,-9.8837,2.7043,-9.8837,2.7043,,,,,,
nodes=32_prio=1_arrival=16s,mode=periodic8s_blocking=0_defpreempt=1,2,7199.4895,0.0183,0.0087,0.0112,0.0034,-0.0001,0.0001,-0.0001,0.0001,0.0202,0.0083,-0.0001,0.0001,12414.804,2727.2317,0.0,0.0,0.0,0.0,0.0,0.0,12414.804,2727.2317,56.0,1.4142,0.0,0.0,0.0,0.0,0.0,0.0,56.0,1.4142,-9.6554,3.4851,-9.6554,3.4851,,,,,,
nodes=32_prio=1_arrival=16s,mode=periodic8s_blocking=1_defpreempt=0,2,7199.5703,0.0172,0.0088,0.0106,0.0043,-0.0,0.0,-0.0,0.0,0.0193,0.0082,-0.0,0.0,11978.6532,2311.2909,0.0,0.0,0.0,0.0,0.0,0.0,11978.6532,2311.2909,55.5,12.0208,0.0,0.0,0.0,0.0,0.0,0.0,55.5,12.0208,-9.9466,2.8997,-9.9466,2.8997,,,,,,
nodes=32_prio=1_arrival=16s,mode=periodic8s_blocking=1_defpreempt=1,2,7199.21,0.0182,0.0083,0.0112,0.0047,-0.0,0.0001,-0.0,0.0001,0.0202,0.0079,-0.0,0.0001,12575.6046,2082.3457,0.0,0.0,0.0,0.0,0.0,0.0,12575.6046,2082.3457,53.5,10.6066,0.0,0.0,0.0,0.0,0.0,0.0,53.5,10.6066,-9.4226,3.209,-9.4226,3.209,,,,,,
nodes=32_prio=1_arrival=16s,mode=stablequeue2s_blocking=0_defpreempt=0,2,7199.4397,0.0165,0.0084,0.0106,0.0044,-0.0001,0.0001,-0.0001,0.0001,0.0186,0.0077,-0.0001,0.0001,11416.7471,2178.5692,0.0,0.0,0.0,0.0,0.0,0.0,11416.7471,2178.5692,62.5,2.1213,0.0,0.0,0.0,0.0,0.0,0.0,62.5,2.1213,-9.3147,3.1425,-9.3147,3.1425,,,,,,
nodes=32_prio=1_arrival=16s,mode=stablequeue2s_blocking=0_defpreempt=1,2,7199.7216,0.0172,0.0074,0.0111,0.0043,-0.0001,0.0001,-0.0001,0.0001,0.019,0.0073,-0.0001,0.0001,11948.7295,1634.7715,0.0,0.0,0.0,0.0,0.0,0.0,11948.7295,1634.7715,50.0,5.6569,0.0,0.0,0.0,0.0,0.0,0.0,50.0,5.6569,-10.6451,3.5037,-10.6451,3.5037,,,,,,
nodes=32_prio=1_arrival=16s,mode=stablequeue2s_blocking=1_defpreempt=0,2,7199.4688,0.0181,0.0073,0.0114,0.0049,-0.0001,0.0001,-0.0,0.0001,0.0201,0.007,-0.0001,0.0001,12456.7371,1107.8053,0.0,0.0,0.0,0.0,0.0,0.0,12456.7371,1107.8053,67.5,14.8492,0.0,0.0,0.0,0.0,0.0,0.0,67.5,14.8492,-9.6708,2.2312,-9.6708,2.2312,,,,,,
nodes=32_prio=1_arrival=16s,mode=stablequeue2s_blocking=1_defpreempt=1,2,7199.6914,0.0178,0.0095,0.0112,0.0037,-0.0001,0.0,-0.0001,0.0,0.0199,0.0092,-0.0001,0.0,12413.4365,3319.944,0.0,0.0,0.0,0.0,0.0,0.0,12413.4365,3319.944,67.5,4.9497,0.0,0.0,0.0,0.0,0.0,0.0,67.5,4.9497,-10.1337,3.718,-10.1337,3.718,,,,,,
nodes=32_prio=1_arrival=8s,mode=periodic8s_blocking=0_defpreempt=0,2,7199.7111,0.0144,0.0059,0.0075,0.0018,-0.0001,0.0,-0.0001,0.0,0.015,0.0066,-0.0001,0.0,8620.3076,2045.1516,0.0,0.0,0.0,0.0,0.0,0.0,8620.3076,2045.1516,79.5,31.8198,0.0,0.0,0.0,0.0,0.0,0.0,79.5,31.8198,-2.0931,0.3201,-2.0931,0.3201,,,,,,
nodes=32_prio=1_arrival=8s,mode=periodic8s_blocking=0_defpreempt=1,2,7198.8955,0.0129,0.0063,0.0055,0.001,-0.0001,0.0,-0.0001,0.0001,0.0135,0.007,-0.0001,0.0,7656.7213,2597.3995,0.0,0.0,0.0,0.0,0.0,0.0,7656.7213,2597.3995,80.5,6.364,0.0,0.0,0.0,0.0,0.0,0.0,80.5,6.364,-1.6961,0.1928,-1.6961,0.1928,,,,,,
nodes=32_prio=1_arrival=8s,mode=periodic8s_blocking=1_defpreempt=0,2,7199.5828,0.0135,0.0057,0.0055,0.0006,-0.0001,0.0,-0.0,0.0,0.014,0.0064,-0.0001,0.0,8222.5918,2177.6877,0.0,0.0,0.0,0.0,0.0,0.0,8222.5918,2177.6877,87.0,9.8995,0.0,0.0,0.0,0.0,0.0,0.0,87.0,9.8995,-2.0084,1.1732,-2.0084,1.1732,,,,,,
nodes=32_prio=1_arrival=8s,mode=periodic8s_blocking=1_defpreempt=1,2,7199.1154,0.013,0.0032,0.0061,0.0023,-0.0001,0.0,-0.0,0.0,0.0136,0.0038,-0.0,0.0,7953.6972,86.9622,0.0,0.0,0.0,0.0,0.0,0.0,7953.6972,86.9622,82.0,5.6569,0.0,0.0,0.0,0.0,0.0,0.0,82.0,5.6569,-1.6465,0.3895,-1.6465,0.3895,,,,,,
nodes=32_prio=1_arrival=8s,mode=stablequeue2s_blocking=0_defpreempt=0,2,7199.4311,0.0136,0.0038,0.0059,0.0026,-0.0001,0.0,-0.0001,0.0,0.0143,0.0045,-0.0001,0.0,8123.5867,66.7127,0.0,0.0,0.0,0.0,0.0,0.0,8123.5867,66.7127,88.5,31.8198,0.0,0.0,0.0,0.0,0.0,0.0,88.5,31.8198,-1.7546,0.2371,-1.7546,0.2371,,,,,,
nodes=32_prio=1_arrival=8s,mode=stablequeue2s_blocking=0_defpreempt=1,2,7199.5709,0.014,0.0071,0.007,0.0009,-0.0002,0.0,-0.0001,0.0,0.0145,0.008,-0.0002,0.0,8398.0082,2561.8485,0.0,0.0,0.0,0.0,0.0,0.0,8398.0082,2561.8485,93.5,23.3345,0.0,0.0,0.0,0.0,0.0,0.0,93.5,23.3345,-1.6905,0.7297,-1.6905,0.7297,,,,,,
nodes=32_prio=1_arrival=8s,mode=stablequeue2s_blocking=1_defpreempt=0,2,7199.4875,0.013,0.0028,0.0064,0.0026,-0.0002,0.0001,-0.0001,0.0,0.0136,0.0034,-0.0002,0.0001,8242.8825,869.5038,0.0,0.0,0.0,0.0,0.0,0.0,8242.8825,869.5038,98.0,24.0416,0.0,0.0,0.0,0.0,0.0,0.0,98.0,24.0416,-1.4515,1.231,-1.4515,1.231,,,,,,
nodes=32_prio=1_arrival=8s,mode=stablequeue2s_blocking=1_defpreempt=1,2,7199.6555,0.0146,0.0047,0.0064,0.0003,-0.0001,0.0,-0.0001,0.0,0.0152,0.0056,-0.0001,0.0,9101.9093,1681.7628,0.0,0.0,0.0,0.0,0.0,0.0,9101.9093,1681.7628,120.5,30.4056,0.0,0.0,0.0,0.0,0.0,0.0,120.5,30.4056,-2.6358,1.2527,-2.6358,1.2527,,,,,,
nodes=32_prio=4_arrival=16s,mode=periodic8s_blocking=0_defpreempt=0,2,7199.5519,0.0062,0.0009,0.0109,0.0049,0.0,0.0,0.0,0.0,0.01,0.0062,0.0,0.0,11291.4931,1503.0944,-1441.4011,778.8439,-2100.1198,632.4356,-1777.1521,1608.6853,5972.8201,1516.8705,-59.5,0.7071,-24.5,4.9497,-26.0,4.2426,-19.5,2.1213,-129.5,6.364,4.2878,2.7657,0.5802,1.5253,5.1001,3.9106,4.8036,2.829,9.0134,9.8377
nodes=32_prio=4_arrival=16s,mode=periodic8s_blocking=0_defpreempt=1,2,7199.5334,0.0074,0.0016,0.0105,0.0047,-0.0,0.0,0.0,0.0,0.01,0.0054,-0.0,0.0,7438.0386,1990.7986,-8.665,0.9374,-7.5354,18.1246,-10.2812,19.6572,7411.5569,1988.3286,89.5,9.1924,0.0,0.0,0.0,0.0,0.5,0.7071,90.0,8.4853,-0.1175,0.7639,-0.2773,2.4179,-0.0151,0.0278,0.0442,0.0052,0.0519,0.021
nodes=32_prio=4_arrival=16s,mode=periodic8s_blocking=1_defpreempt=0,2,7199.4468,0.0056,0.0014,0.0098,0.0038,0.0001,0.0,0.0001,0.0001,0.0085,0.0056,0.0001,0.0,11025.1754,1550.9627,-1554.857,376.5847,-1881.2541,466.7843,-2178.0571,2083.8668,5411.0071,1376.2731,-61.0,29.6985,-25.5,7.7782,-24.0,1.4142,-20.0,1.4142,-130.5,34.6482,5.1351,3.144,1.5326,1.5971,5.5452,1.3502,4.3758,1.2273,12.1862,13.5873
nodes=32_prio=4_arrival=16s,mode=periodic8s_blocking=1_defpreempt=1,2,7199.4487,0.0073,0.0001,0.0108,0.0028,0.0,0.0,0.0,0.0,0.0101,0.0039,0.0,0.0,7586.3725,39.9451,-17.5403,18.5657,-41.9791,8.0955,-9.527,4.0411,7517.3261,17.3249,81.0,38.1838,0.0,0.0,-1.0,1.4142,0.0,0.0,80.0,36.7696,-0.569,0.7782,-1.8629,2.4417,0.0563,0.0988,0.0719,0.0205,0.0601,0.0285
nodes=32_prio=4_arrival=16s,mode=stablequeue2s_blocking=0_defpreempt=0,2,7199.5906,0.0079,0.001,0.012,0.0044,0.0,0.0,0.0,0.0001,0.0111,0.0056,-0.0,0.0001,11759.2183,1210.2632,-1095.469,432.0319,-1427.9043,523.304,-1500.2003,1234.6036,7735.6447,979.6763,-33.5,20.5061,-19.0,2.8284,-22.5,4.9497,-15.0,7.0711,-90.0,5.6569,3.1198,3.5635,-0.293,3.8282,3.9564,2.8277,3.1551,0.0332,8.087,7.7056
nodes=32_prio=4_arrival=16s,mode=stablequeue2s_blocking=0_defpreempt=1,2,7199.5446,0.0083,0.0007,0.0123,0.0025,-0.0,0.0,-0.0,0.0,0.011,0.0044,-0.0,0.0,8638.613,954.535,-29.3118,26.8872,-29.4402,0.9985,-15.1384,17.5718,8564.7225,909.0775,101.5,43.1335,0.0,0.0,0.0,0.0,-0.5,0.7071,101.0,42.4264,-0.8195,0.7899,-2.5949,2.1839,0.0049,0.0315,0.0321,0.0183,0.0364,0.0428
nodes=32_prio=4_arrival=16s,mode=stablequeue2s_blocking=1_defpreempt=0,2,7199.3917,0.0056,0.003,0.0098,0.0071,0.0001,0.0001,0.0001,0.0001,0.0091,0.008,0.0001,0.0001,11565.4494,803.7181,-1290.1916,572.9834,-1902.1591,334.832,-2746.1328,3193.8792,5626.9659,3297.9764,-51.0,9.8995,-21.0,1.4142,-24.0,4.2426,-17.0,5.6569,-113.0,1.4142,5.0536,5.7108,-0.8047,4.4951,4.5338,2.6136,4.7261,2.3745,16.7959,21.4296
nodes=32_prio=4_arrival=16s,mode=stablequeue2s_blocking=1_defpreempt=1,2,7199.3723,0.0074,0.0021,0.012,0.0037,-0.0,0.0001,-0.0,0.0001,0.0103,0.0061,-0.0,0.0001,7997.9327,2238.9588,-24.6658,29.3272,-40.3407,3.8071,-13.2148,28.8788,7919.7114,2184.5599,88.5,36.0624,0.0,0.0,0.0,0.0,0.5,0.7071,89.0,36.7696,-0.7574,1.3395,-2.2104,4.009,-0.0042,0.0187,0.0097,0.0201,0.0048,0.0592
nodes=32_prio=4_arrival=8s,mode=periodic8s_blocking=0_defpreempt=0,2,7199.0136,0.0039,0.0009,0.0083,0.0018,0.0001,0.0001,0.0,0.0001,0.0068,0.0042,0.0,0.0001,9711.961,1204.3962,-2228.6919,941.6196,-2706.747,1180.3665,-1564.7514,922.7779,3211.7707,5.188,-157.5,48.7904,-48.0,21.2132,-44.0,29.6985,-34.5,0.7071,-284.0,98.9949,3.1338,0.5672,2.1032,2.181,3.0442,1.1459,3.9604,0.1353,4.0173,2.6943
nodes=32_prio=4_arrival=8s,mode=periodic8s_blocking=0_defpreempt=1,2,7199.2279,0.0045,0.0005,0.0076,0.0001,0.0,0.0,0.0,0.0,0.0066,0.0016,0.0,0.0,5143.8046,265.1534,-21.8631,49.7523,2.9669,19.1271,5.1547,35.3125,5130.0632,160.9614,93.0,33.9411,-0.5,0.7071,-1.5,2.1213,0.0,0.0,91.0,35.3553,-0.0872,0.417,-0.4248,1.3613,0.0202,0.0286,0.053,0.018,0.0954,0.0086
nodes=32_prio=4_arrival=8s,mode=periodic8s_blocking=1_defpreempt=0,2,7199.2914,0.0047,0.0012,0.0088,0.0009,0.0001,0.0001,0.0,0.0001,0.0073,0.0032,0.0,0.0001,10013.7024,680.4608,-1930.0113,365.0349,-2736.4988,1042.6127,-1409.508,369.3257,3937.6843,357.8611,-142.5,51.6188,-43.5,12.0208,-48.5,31.8198,-34.5,0.7071,-269.0,96.1665,2.5442,0.5487,1.1518,2.8672,2.5893,0.044,3.1251,0.7722,4.17,1.122
nodes=32_prio=4_arrival=8s,mode=periodic8s_blocking=1_defpreempt=1,2,7199.4261,0.004,0.002,0.0075,0.0008,-0.0,0.0001,-0.0,0.0001,0.0066,0.0007,-0.0,0.0001,5024.1349,928.7617,-36.5864,42.9366,-48.2395,121.5307,-25.6081,31.0477,4913.7009,1124.2767,106.0,31.1127,-1.5,2.1213,-1.5,2.1213,0.0,0.0,103.0,35.3553,-0.077,0.3774,-0.4356,1.1592,0.0398,0.0027,0.1061,0.0824,0.079,0.0158
nodes=32_prio=4_arrival=8s,mode=stablequeue2s_blocking=0_defpreempt=0,2,7199.0755,0.0051,0.0009,0.0086,0.001,0.0001,0.0,0.0001,0.0,0.0073,0.003,0.0001,0.0,10155.8256,1247.4512,-2027.5147,413.7996,-2635.9808,1561.3853,-1608.64,279.1904,3883.69,448.5433,-128.0,69.2965,-46.5,19.0919,-47.5,37.4767,-35.0,7.0711,-257.0,132.9361,2.436,0.3378,0.8778,1.468,2.3119,0.0921,3.0087,0.031,4.8384,0.7038
nodes=32_prio=4_arrival=8s,mode=stablequeue2s_blocking=0_defpreempt=1,2,7199.3791,0.0056,0.0,0.0079,0.0005,-0.0,0.0,-0.0001,0.0,0.0069,0.0011,-0.0001,0.0,5556.5538,230.2991,-28.987,6.5758,-34.0149,15.8804,-3.5808,23.0682,5489.9711,197.9264,117.0,55.1543,0.0,0.0,0.0,0.0,0.0,0.0,117.0,55.1543,-0.1284,0.3566,-0.4689,1.1948,0.0072,0.02,0.0231,0.0172,0.0055,0.0024
nodes=32_prio=4_arrival=8s,mode=stablequeue2s_blocking=1_defpreempt=0,2,7199.2565,0.0063,0.0017,0.0096,0.0012,0.0001,0.0,0.0001,0.0,0.0082,0.0034,0.0001,0.0,10584.3299,1298.1213,-1683.1337,136.8145,-2371.1796,1207.5163,-1263.8079,266.5062,5266.2087,220.2967,-129.5,53.033,-38.0,9.8995,-43.5,30.4056,-32.0,0.0,-243.0,93.3381,2.3663,0.5685,0.5109,1.8854,2.7934,0.1259,3.6594,0.9998,3.5072,1.0618
nodes=32_prio=4_arrival=8s,mode=stablequeue2s_blocking=1_defpreempt=1,2,7199.1773,0.0044,0.0015,0.0072,0.0016,0.0,0.0,-0.0,0.0,0.0063,0.0001,-0.0,0.0001,4827.1172,1505.4226,-44.3021,37.2409,-17.9293,6.4382,-14.374,3.2937,4750.5118,1539.5189,112.5,31.8198,0.0,0.0,0.0,0.0,0.0,0.0,112.5,31.8198,-0.2157,0.4777,-0.7889,1.5513,0.0188,0.007,0.0382,0.0113,0.0226,0.0319
