file,function,line,expected_test_name,matched_tests,has_test,checked
pkg/mypriorityoptimizer/loop_helpers.go,buildPendingSnapshot,287,TestBuildPendingSnapshot,"[""TestBuildPendingSnapshot"",""TestBuildPendingSnapshot_NoUsableNodes"",""TestBuildPendingSnapshot_NodesErrorPropagated"",""TestBuildPendingSnapshot_PodsErrorPropagated""]",1,0
pkg/mypriorityoptimizer/loop_helpers.go,cloneUIDSet,249,TestCloneUIDSet,"[""TestCloneUIDSet_Independence"",""TestCloneUIDSet_Nil""]",1,0
pkg/mypriorityoptimizer/loop_helpers.go,isAlreadyComputedForPendingSet,271,TestIsAlreadyComputedForPendingSet,"[""TestIsAlreadyComputedForPendingSet_BestAttemptNil"",""TestIsAlreadyComputedForPendingSet_NonOptimalStatus"",""TestIsAlreadyComputedForPendingSet_OptimalWithNoImprovementErr"",""TestIsAlreadyComputedForPendingSet_OptimalWithNoPendingPodsErr"",""TestIsAlreadyComputedForPendingSet_OptimalWithOtherError""]",1,0
pkg/mypriorityoptimizer/loop_helpers.go,isSameUIDSet,230,TestIsSameUIDSet,"[""TestIsSameUIDSet_DifferentElements"",""TestIsSameUIDSet_DifferentLengths"",""TestIsSameUIDSet_NilVsNil"",""TestIsSameUIDSet_NilVsNonNil"",""TestIsSameUIDSet_SameElements""]",1,0
pkg/mypriorityoptimizer/loop_helpers.go,optimizeBackgroundLoop,63,TestOptimizeBackgroundLoop,"[""TestOptimizeBackgroundLoop_SkipsWhenPluginNotReady"",""TestOptimizeBackgroundLoop_StartsRunForStablePendingSet""]",1,0
pkg/mypriorityoptimizer/loop_helpers.go,startLoops,51,TestStartLoops,"[""TestStartLoops_DoesNothingWhenNotReady"",""TestStartLoops_LaunchesInterludeLoopWhenModeInterlude"",""TestStartLoops_LaunchesPeriodicLoopWhenModePeriodic""]",1,0
pkg/mypriorityoptimizer/loop_interlude.go,loopInterlude,9,TestLoopInterlude,"[""TestLoopInterlude_UsesConfiguredValues"",""TestLoopInterlude_UsesDefaultsWhenNonPositive""]",1,0
pkg/mypriorityoptimizer/loop_periodic.go,loopPeriodic,9,TestLoopPeriodic,"[""TestLoopPeriodic_DefaultIntervalWhenTooSmall"",""TestLoopPeriodic_UsesConfiguredInterval""]",1,0
pkg/mypriorityoptimizer/optimization_flow.go,runOptimizationFlow,45,TestRunOptimizationFlow,"[""TestRunOptimizationFlow_ActivePlanAlreadyInProgress_NonAsync"",""TestRunOptimizationFlow_Async_ActivePlanInProgressAtApply"",""TestRunOptimizationFlow_NoImprovingSolution"",""TestRunOptimizationFlow_NoPendingScheduled"",""TestRunOptimizationFlow_OptimizationInProgress"",""TestRunOptimizationFlow_PlanActivationError"",""TestRunOptimizationFlow_PlanContextError"",""TestRunOptimizationFlow_PlanNotApplicable"",""TestRunOptimizationFlow_PlanRegistrationError"",""TestRunOptimizationFlow_SuccessfulPlan""]",1,0
pkg/mypriorityoptimizer/plan_activation.go,planActivation,24,TestPlanActivation,"[""TestPlanActivation_EvictErrorStopsFlow"",""TestPlanActivation_NilPlan"",""TestPlanActivation_NoMovesOrEvicts_OnlyActivatePlannedPods"",""TestPlanActivation_WaitPodsGoneErrorStopsActivate"",""TestPlanActivation_WithTargets_Success""]",1,0
pkg/mypriorityoptimizer/plan_completion_watch.go,planCompletionWatch,47,TestPlanCompletionWatch,"[""TestPlanCompletionWatch_ActivePlanClearedStopsWatcher"",""TestPlanCompletionWatch_CancelledContextDoesNotSettlePlan"",""TestPlanCompletionWatch_PlanCompletesSuccessfully"",""TestPlanCompletionWatch_TimeoutMarksPlanFailed""]",1,0
pkg/mypriorityoptimizer/plan_completion_watch.go,startPlanCompletionWatch,37,TestStartPlanCompletionWatch,"[""TestStartPlanCompletionWatch_NilActivePlan"",""TestStartPlanCompletionWatch_SpawnsWatcher""]",1,0
pkg/mypriorityoptimizer/plan_computation.go,planComputation,24,TestPlanComputation,"[""TestPlanComputation_NoEnabledSolvers"",""TestPlanComputation_SolverError"",""TestPlanComputation_UsableAndImproving"",""TestPlanComputation_UsableButNotImproving""]",1,0
pkg/mypriorityoptimizer/plan_context.go,planContext,10,TestPlanContext,"[""TestPlanContext_BuildSolverInputError"",""TestPlanContext_NodeListError"",""TestPlanContext_PodListError"",""TestPlanContext_Success""]",1,0
pkg/mypriorityoptimizer/plan_helpers.go,activatePlannedPods,489,TestActivatePlannedPods,"[""TestActivatePlannedPods_AllowButNoMatchingPending_NoActivation"",""TestActivatePlannedPods_Guards"",""TestActivatePlannedPods_HookAndGlobalPaths"",""TestActivatePlannedPods_NoNewlyScheduledPlacements_NoActivation""]",1,0
pkg/mypriorityoptimizer/plan_helpers.go,activatePods,436,TestActivatePods,"[""TestActivatePods_NilOrEmptySetDoesNothing"",""TestActivatePods_PruneNotFound_ConservativeOnListerErr"",""TestActivatePods_SortsLimitsAndRemovesActivated""]",1,0
pkg/mypriorityoptimizer/plan_helpers.go,buildPlan,227,TestBuildPlan,"[""TestBuildPlan_CoversBranches"",""TestBuildPlan_NilOutputReturnsEmptyPlan"",""TestBuildPlan_WithPreemptorNomination""]",1,0
pkg/mypriorityoptimizer/plan_helpers.go,buildWorkloadQuotas,336,TestBuildWorkloadQuotas,"[""TestBuildWorkloadQuotas_NilAndCounts""]",1,0
pkg/mypriorityoptimizer/plan_helpers.go,clusterFingerprint,924,TestClusterFingerprint,"[""TestClusterFingerprint_CoreProperties"",""TestClusterFingerprint_Deterministic_ExcludesPending_AndUnusableNodes"",""TestClusterFingerprint_IgnoresDeletedPods_AndNilNodes"",""TestClusterFingerprint_SortingBranches""]",1,0
pkg/mypriorityoptimizer/plan_helpers.go,collectEvictions,211,TestCollectEvictions,[],0,0
pkg/mypriorityoptimizer/plan_helpers.go,collectOldPlacements,199,TestCollectOldPlacements,[],0,0
pkg/mypriorityoptimizer/plan_helpers.go,computePlanPodCounts,786,TestComputePlanPodCounts,"[""TestComputePlanPodCounts"",""TestComputePlanPodCounts_ClampsNegative"",""TestComputePlanPodCounts_IgnoresPendingEvictions_AndRunningPlacements""]",1,0
pkg/mypriorityoptimizer/plan_helpers.go,evictTargets,362,TestEvictTargets,"[""TestEvictTargets_NotFoundIgnored_NonNotFoundPropagates"",""TestEvictTargets_UsesHook""]",1,0
pkg/mypriorityoptimizer/plan_helpers.go,exportPlanToConfigMap,835,TestExportPlanToConfigMap,"[""TestExportPlanToConfigMap_DefaultPath_CreatesConfigMap"",""TestExportPlanToConfigMap_UsesHook""]",1,0
pkg/mypriorityoptimizer/plan_helpers.go,filterNodes,746,TestFilterNodes,[],0,0
pkg/mypriorityoptimizer/plan_helpers.go,getActivePlan,49,TestGetActivePlan,[],0,0
pkg/mypriorityoptimizer/plan_helpers.go,increaseWorkloadQuota,121,TestIncreaseWorkloadQuota,"[""TestIncreaseWorkloadQuota""]",1,0
pkg/mypriorityoptimizer/plan_helpers.go,indexPodsForPlan,190,TestIndexPodsForPlan,[],0,0
pkg/mypriorityoptimizer/plan_helpers.go,isPlanCompleted,552,TestIsPlanCompleted,"[""TestIsPlanCompleted_CoreCases"",""TestIsPlanCompleted_ErrorPaths"",""TestIsPlanCompleted_GetPodsErrorPropagates"",""TestIsPlanCompleted_NilPlan"",""TestIsPlanCompleted_PinnedCorrectNode_Succeeds"",""TestIsPlanCompleted_QuotaZero_IsSatisfiedBranch"",""TestIsPlanCompleted_UsesHook""]",1,0
pkg/mypriorityoptimizer/plan_helpers.go,isPlanPodMove,176,TestIsPlanPodMove,[],0,0
pkg/mypriorityoptimizer/plan_helpers.go,isPlanPodNewlyScheduled,185,TestIsPlanPodNewlyScheduled,[],0,0
pkg/mypriorityoptimizer/plan_helpers.go,isPlanPodPlacementChanged,181,TestIsPlanPodPlacementChanged,[],0,0
pkg/mypriorityoptimizer/plan_helpers.go,isPlanPodUnscheduled,170,TestIsPlanPodUnscheduled,[],0,0
pkg/mypriorityoptimizer/plan_helpers.go,isPodAllowedByPlan,708,TestIsPodAllowedByPlan,"[""TestIsPodAllowedByPlan_AndFilterNodes""]",1,0
pkg/mypriorityoptimizer/plan_helpers.go,makeNewPlacement,106,TestMakeNewPlacement,[],0,0
pkg/mypriorityoptimizer/plan_helpers.go,makePlacement,92,TestMakePlacement,[],0,0
pkg/mypriorityoptimizer/plan_helpers.go,onPlanCompleted,671,TestOnPlanCompleted,"[""TestOnPlanCompleted_CASFail_ReturnsFalseAndKeepsState"",""TestOnPlanCompleted_HookAndDefaultPaths""]",1,0
pkg/mypriorityoptimizer/plan_helpers.go,setActivePlan,309,TestSetActivePlan,"[""TestSetActivePlan_NilPlan_NoActivePlanStored"",""TestSetActivePlan_ReplacesOldAndInitializesQuotas""]",1,0
pkg/mypriorityoptimizer/plan_helpers.go,setPlanStatusInConfigMap,873,TestSetPlanStatusInConfigMap,"[""TestSetPlanStatusInConfigMap_Default_SetsAndStickyAndBadJson"",""TestSetPlanStatusInConfigMap_UsesHook""]",1,0
pkg/mypriorityoptimizer/plan_helpers.go,sortPlacementsByPod,134,TestSortPlacementsByPod,"[""TestSortPlacementsByPod""]",1,0
pkg/mypriorityoptimizer/plan_helpers.go,sortPodSetItemsByPriorityAndCreation,152,TestSortPodSetItemsByPriorityAndCreation,"[""TestSortPodSetItemsByPriorityAndCreation""]",1,0
pkg/mypriorityoptimizer/plan_helpers.go,toPlanPod,79,TestToPlanPod,[],0,0
pkg/mypriorityoptimizer/plan_helpers.go,tryClearActivePlan,59,TestTryClearActivePlan,[],0,0
pkg/mypriorityoptimizer/plan_helpers.go,tryEnterActivePlan,39,TestTryEnterActivePlan,[],0,0
pkg/mypriorityoptimizer/plan_helpers.go,tryEnterOptimizationFlow,66,TestTryEnterOptimizationFlow,[],0,0
pkg/mypriorityoptimizer/plan_helpers.go,tryLeaveActivePlan,44,TestTryLeaveActivePlan,[],0,0
pkg/mypriorityoptimizer/plan_helpers.go,tryLeaveOptimizationFlow,70,TestTryLeaveOptimizationFlow,[],0,0
pkg/mypriorityoptimizer/plan_helpers.go,waitPodsGone,387,TestWaitPodsGone,"[""TestWaitPodsGone_EmptyOrNilPodFastPath"",""TestWaitPodsGone_NotFound_UIDChange_Terminating"",""TestWaitPodsGone_UsesHookWhenNonEmpty""]",1,0
pkg/mypriorityoptimizer/plan_registration.go,planRegistration,31,TestPlanRegistration,"[""TestPlanRegistration_BuildPlanError"",""TestPlanRegistration_ExportErrorIsIgnored"",""TestPlanRegistration_NilOutput""]",1,0
pkg/mypriorityoptimizer/plugin.go,Name,16,TestName,"[""TestName"",""TestNamespaceNameHelpers""]",1,0
pkg/mypriorityoptimizer/plugin.go,New,109,TestNew,"[""TestNew_Handle_ClientError"",""TestNew_Handle_NoSolverEnabled"",""TestNew_Handle_Success"",""TestNew_NilHandlePanics""]",1,0
pkg/mypriorityoptimizer/plugin.go,newFromHandle,48,TestNewFromHandle,[],0,0
pkg/mypriorityoptimizer/plugin_config.go,buildPluginConfigSnapshot,12,TestBuildPluginConfigSnapshot,"[""TestBuildPluginConfigSnapshot_BasicFields""]",1,0
pkg/mypriorityoptimizer/plugin_config.go,persistPluginConfig,63,TestPersistPluginConfig,"[""TestPersistPluginConfig_CreatesAndUpdatesConfigMap""]",1,0
pkg/mypriorityoptimizer/plugin_readiness.go,isCacheReady,65,TestIsCacheReady,"[""TestIsCacheReady_AllNilInformers_ReturnsTrue"",""TestIsCacheReady_ContextCanceled_ReturnsFalse"",""TestIsCacheReady_NoInformers_ReturnsTrue""]",1,0
pkg/mypriorityoptimizer/plugin_readiness.go,pluginReadiness,25,TestPluginReadiness,"[""TestPluginReadiness_InformerSyncCanceled_DoesNotMarkReady"",""TestPluginReadiness_Success_MarksReady"",""TestPluginReadiness_UsableNodeNeverFound_DoesNotMarkReady"",""TestPluginReadiness_WarmupCanceled_DoesNotMarkReady""]",1,0
pkg/mypriorityoptimizer/plugin_readiness.go,waitForUsableNode,81,TestWaitForUsableNode,"[""TestWaitForUsableNode_ContextCanceled_ReturnsFalse"",""TestWaitForUsableNode_EventuallyFindsUsableNode""]",1,0
