scheduler,job_name,n_seeds,T_end_s_mean,cpu_run_util_mean,mem_run_util_mean,cpu_req_util_mean,mem_req_util_mean,util_eff_run_mean,util_eff_req_mean,R_p1,R_p2,R_p3,R_p4,D_p1,D_p2,D_p3,D_p4,latency_first_admit_mean_total_s,latency_first_admit_mean_p1_s,latency_first_admit_mean_p2_s,latency_first_admit_mean_p3_s,latency_first_admit_mean_p4_s,solver_attempts_total,best_solver_optimal_total,best_solver_feasible_total,best_solver_failed_total,plan_not_applicable_total,plan_activated_total,T_end_s_std,cpu_run_util_mean_std,mem_run_util_mean_std,cpu_req_util_mean_std,mem_req_util_mean_std,util_eff_run_mean_std,util_eff_req_mean_std,R_p1_std,R_p2_std,R_p3_std,R_p4_std,D_p1_std,D_p2_std,D_p3_std,D_p4_std,latency_first_admit_mean_total_s_std,latency_first_admit_mean_p1_s_std,latency_first_admit_mean_p2_s_std,latency_first_admit_mean_p3_s_std,latency_first_admit_mean_p4_s_std,solver_attempts_total_std,best_solver_optimal_total_std,best_solver_feasible_total_std,best_solver_failed_total_std,plan_not_applicable_total_std,plan_activated_total_std
default,nodes=16_prio=1_arrival=16s,3,7199.8499,0.8464,0.7783,0.8908,0.802,0.8574,0.9021,764616.75,0.0,0.0,0.0,758.6667,0.0,0.0,0.0,6.7595,6.7595,,,,,,,,,,0.0196,0.0119,0.0765,0.0135,0.0762,0.0093,0.0079,66016.7102,0.0,0.0,0.0,94.6761,0.0,0.0,0.0,1.9888,1.9888,,,,,,,,,
default,nodes=16_prio=1_arrival=4s,3,7199.821,0.846,0.7714,0.8832,0.7908,0.8531,0.8917,747712.3419,0.0,0.0,0.0,2844.6667,0.0,0.0,0.0,1.6344,1.6344,,,,,,,,,,0.0127,0.0102,0.0759,0.0069,0.0809,0.0072,0.0006,72973.3061,0.0,0.0,0.0,149.0779,0.0,0.0,0.0,0.2075,0.2075,,,,,,,,,
default,nodes=16_prio=1_arrival=8s,3,7199.8681,0.8484,0.7802,0.8826,0.7999,0.8591,0.8945,762346.1902,0.0,0.0,0.0,1413.0,0.0,0.0,0.0,2.6747,2.6747,,,,,,,,,,0.0546,0.0102,0.0885,0.0123,0.0896,0.0093,0.0031,74571.5012,0.0,0.0,0.0,113.5987,0.0,0.0,0.0,0.1656,0.1656,,,,,,,,,
default,nodes=16_prio=4_arrival=16s,3,7199.6916,0.8287,0.8177,0.854,0.8442,0.8607,0.8915,231869.844,176144.7401,163063.8905,133536.89,451.6667,242.3333,210.3333,148.6667,1.4295,4.6481,0.1025,0.0822,0.091,,,,,,,0.3519,0.045,0.0363,0.0488,0.0434,0.0093,0.0013,18516.5998,35239.7508,47590.0233,24729.8017,23.6126,16.0485,4.7842,7.1336,0.4979,2.0132,0.0198,0.0219,0.018,,,,,,
default,nodes=16_prio=4_arrival=4s,3,7199.8607,0.8337,0.7937,0.8641,0.8192,0.8571,0.8912,233024.0874,175505.4938,177302.2158,128579.6864,1678.3333,949.3333,788.3333,633.0,0.4942,1.4182,0.0881,0.0854,0.0723,,,,,,,0.05,0.0301,0.0424,0.0306,0.05,0.0049,0.0007,19207.4996,7350.8839,19401.2955,24840.9345,83.8424,70.6981,27.0103,29.8105,0.1026,0.3047,0.0159,0.0115,0.0045,,,,,,
default,nodes=16_prio=4_arrival=8s,3,7199.8699,0.8269,0.808,0.8537,0.8333,0.8579,0.8918,233847.8294,181740.3562,172526.725,127038.2735,825.3333,448.3333,381.3333,285.0,0.5899,1.7268,0.093,0.072,0.0969,,,,,,,0.0192,0.0417,0.0503,0.0475,0.0606,0.0091,0.0009,23553.088,32358.026,36723.1214,22035.5605,40.1442,34.5672,22.529,24.59,0.281,0.9775,0.0165,0.0047,0.018,,,,,,
default,nodes=32_prio=1_arrival=16s,3,7199.7924,0.8552,0.7983,0.892,0.8155,0.8581,0.8962,1552657.9536,0.0,0.0,0.0,815.3333,0.0,0.0,0.0,10.6703,10.6703,,,,,,,,,,0.1307,0.0169,0.0518,0.005,0.0559,0.0175,0.0065,92761.2857,0.0,0.0,0.0,107.0898,0.0,0.0,0.0,4.6182,4.6182,,,,,,,,,
default,nodes=32_prio=1_arrival=4s,3,7199.9276,0.8644,0.7865,0.891,0.8002,0.8653,0.8925,1532784.5576,0.0,0.0,0.0,2960.6667,0.0,0.0,0.0,3.2281,3.2281,,,,,,,,,,0.0319,0.0042,0.0461,0.0011,0.051,0.0031,0.0001,95555.3895,0.0,0.0,0.0,108.8189,0.0,0.0,0.0,0.9399,0.9399,,,,,,,,,
default,nodes=32_prio=1_arrival=8s,3,7199.9283,0.8626,0.7947,0.8893,0.8098,0.8639,0.8916,1559100.7669,0.0,0.0,0.0,1500.6667,0.0,0.0,0.0,4.9117,4.9117,,,,,,,,,,0.043,0.0113,0.0487,0.0014,0.0531,0.0105,0.0005,90636.2906,0.0,0.0,0.0,59.9185,0.0,0.0,0.0,1.6268,1.6268,,,,,,,,,
default,nodes=32_prio=4_arrival=16s,3,7199.8901,0.8503,0.8133,0.8649,0.8252,0.8746,0.8919,502367.246,372650.5599,336858.9044,262108.7523,416.6667,241.3333,212.6667,149.3333,1.4548,4.4191,0.084,0.0748,0.0527,,,,,,,0.0654,0.0345,0.0474,0.0386,0.0502,0.0054,0.0007,61424.087,54798.0964,68884.1978,40528.8981,19.4822,20.5318,8.5765,9.1043,0.5561,1.7064,0.0365,0.0063,0.0341,,,,,,
default,nodes=32_prio=4_arrival=4s,3,7199.8902,0.8536,0.8081,0.8731,0.8217,0.8705,0.8917,501561.7956,369685.4309,371222.5962,270487.1233,1521.3333,946.6667,782.3333,632.0,0.4377,1.234,0.0714,0.0562,0.0674,,,,,,,0.0142,0.0228,0.0501,0.0249,0.0517,0.0067,0.0015,58572.8635,33450.6623,41269.6808,39612.1163,57.7947,65.454,26.5497,27.6526,0.1266,0.3809,0.0207,0.0172,0.0079,,,,,,
default,nodes=32_prio=4_arrival=8s,3,7199.8927,0.8526,0.8185,0.8669,0.8314,0.875,0.8916,509474.3993,375193.0473,354491.6542,263086.7682,756.0,447.3333,382.0,285.6667,0.7964,2.3362,0.07,0.0671,0.0692,,,,,,,0.0451,0.0325,0.0507,0.0334,0.0545,0.0042,0.001,66407.1377,60601.2983,66118.3175,42755.8255,51.8459,33.7277,22.3756,17.2111,0.26,0.8162,0.0169,0.0087,0.0093,,,,,,
mode=periodic8s_blocking=0_defpreempt=0,nodes=16_prio=1_arrival=16s,3,7199.6303,0.8813,0.7951,0.8908,0.802,0.8919,0.9021,774675.2106,0.0,0.0,0.0,778.6667,0.0,0.0,0.0,3.7931,3.7931,,,,52.0,24.0,4.0,24.0,0.0,28.0,0.1315,0.0113,0.0766,0.0136,0.0761,0.0073,0.0079,66064.0821,0.0,0.0,0.0,70.9194,0.0,0.0,0.0,0.6415,0.6415,,,,9.4163,2.1602,2.8284,7.0711,0.0,2.9439
mode=periodic8s_blocking=0_defpreempt=0,nodes=16_prio=1_arrival=4s,3,7199.6213,0.8645,0.7757,0.883,0.7906,0.8717,0.8916,751191.8091,0.0,0.0,0.0,2813.6667,0.0,0.0,0.0,1.8087,1.8087,,,,44.6667,29.6667,3.0,12.0,0.0,32.6667,0.3889,0.0078,0.0773,0.0067,0.081,0.0017,0.0007,72403.2893,0.0,0.0,0.0,90.7904,0.0,0.0,0.0,0.5109,0.5109,,,,4.9889,4.4969,2.9439,0.8165,0.0,4.7842
mode=periodic8s_blocking=0_defpreempt=0,nodes=16_prio=1_arrival=8s,3,7199.2006,0.8695,0.789,0.8825,0.7999,0.8802,0.8944,768140.5034,0.0,0.0,0.0,1430.0,0.0,0.0,0.0,2.8794,2.8794,,,,43.0,25.0,2.6667,15.3333,0.0,27.6667,0.1759,0.0114,0.0877,0.0123,0.0896,0.0024,0.003,72485.3156,0.0,0.0,0.0,78.9472,0.0,0.0,0.0,0.2936,0.2936,,,,3.7417,4.0825,1.2472,1.2472,0.0,2.8674
mode=periodic8s_blocking=0_defpreempt=0,nodes=16_prio=4_arrival=16s,3,7199.5096,0.841,0.8313,0.8541,0.8442,0.8778,0.8915,240203.2874,174656.7346,161112.1952,132435.9437,324.0,182.6667,162.0,119.0,6.7954,8.6647,4.2595,7.0315,5.9867,54.0,26.6667,2.6667,24.6667,0.0,29.3333,0.285,0.0493,0.0407,0.0487,0.0435,0.0013,0.0013,19014.3284,35043.4524,47948.962,24758.9816,56.4978,25.9272,17.2047,9.4163,2.7525,5.077,1.5999,2.4421,2.6325,5.3541,5.1854,3.0912,4.9216,0.0,8.2597
mode=periodic8s_blocking=0_defpreempt=0,nodes=16_prio=4_arrival=4s,3,7199.6766,0.8434,0.8028,0.8647,0.8198,0.8696,0.8918,241624.276,172899.3854,174811.1522,126708.3326,1078.0,740.3333,641.3333,501.0,2.0821,2.3307,1.792,2.1719,1.8823,51.6667,39.0,1.3333,11.3333,0.0,40.3333,0.2093,0.0331,0.0472,0.0304,0.0502,0.003,0.0009,19203.4294,7143.3828,20133.6304,24673.8062,79.6492,52.1302,4.9216,10.9848,0.4226,0.7231,0.3078,0.5819,0.1566,9.5336,8.4853,0.9428,3.2998,0.0,9.4281
mode=periodic8s_blocking=0_defpreempt=0,nodes=16_prio=4_arrival=8s,3,7199.6957,0.8402,0.821,0.8543,0.8342,0.8767,0.8925,242086.9993,179892.2996,170779.0515,126192.3041,562.6667,352.3333,293.0,219.3333,3.8433,4.184,3.4046,3.2894,4.6131,64.6667,35.3333,4.3333,25.0,0.3333,39.3333,0.0681,0.048,0.0557,0.0477,0.0598,0.002,0.0005,23428.3461,32075.9613,37029.8482,22039.2923,68.5582,29.6798,36.8872,15.107,1.3007,2.0476,0.9157,0.5891,1.5406,19.4822,6.9442,1.2472,14.1421,0.4714,6.1283
mode=periodic8s_blocking=0_defpreempt=0,nodes=32_prio=1_arrival=16s,3,7199.7438,0.8812,0.8089,0.8919,0.8154,0.8855,0.8961,1566581.1656,0.0,0.0,0.0,809.0,0.0,0.0,0.0,6.4036,6.4036,,,,67.6667,16.6667,0.6667,50.3333,0.0,17.3333,0.2374,0.0055,0.0559,0.005,0.0559,0.0081,0.0065,94767.3392,0.0,0.0,0.0,75.4498,0.0,0.0,0.0,0.8484,0.8484,,,,6.2361,4.4969,0.9428,4.4969,0.0,3.6818
mode=periodic8s_blocking=0_defpreempt=0,nodes=32_prio=1_arrival=4s,3,7198.7785,0.8803,0.7922,0.8909,0.8001,0.8814,0.8923,1541664.5175,0.0,0.0,0.0,3046.6667,0.0,0.0,0.0,1.609,1.609,,,,58.6667,33.6667,0.3333,24.6667,0.0,34.0,1.0802,0.0021,0.048,0.001,0.051,0.0012,0.0002,97016.2704,0.0,0.0,0.0,97.6536,0.0,0.0,0.0,0.3567,0.3567,,,,12.5521,6.3421,0.4714,6.1824,0.0,6.6833
mode=periodic8s_blocking=0_defpreempt=0,nodes=32_prio=1_arrival=8s,3,7198.3364,0.8761,0.8006,0.8893,0.8098,0.8781,0.8916,1566750.0346,0.0,0.0,0.0,1547.0,0.0,0.0,0.0,4.2901,4.2901,,,,69.0,21.6667,0.3333,47.0,0.0,22.0,1.6615,0.0037,0.0518,0.0014,0.0531,0.0029,0.0005,92972.172,0.0,0.0,0.0,60.5145,0.0,0.0,0.0,1.1212,1.1212,,,,5.3541,4.4969,0.4714,7.2572,0.0,4.2426
mode=periodic8s_blocking=0_defpreempt=0,nodes=32_prio=4_arrival=16s,3,7199.6973,0.8591,0.8209,0.8649,0.8253,0.8859,0.8919,512926.6339,371582.6814,335147.6663,260928.9815,358.0,219.3333,187.0,130.3333,4.9281,4.8135,3.6078,5.8424,6.0528,46.3333,22.6667,1.3333,22.3333,0.0,24.0,0.2385,0.0368,0.0502,0.0386,0.0502,0.001,0.0007,60406.437,55018.0488,68752.9217,40294.1758,42.0238,24.0046,5.7155,4.9889,1.4361,1.7786,0.7295,1.8442,6.3152,8.2597,0.4714,1.2472,9.7411,0.0,1.633
mode=periodic8s_blocking=0_defpreempt=0,nodes=32_prio=4_arrival=4s,3,7199.0873,0.8638,0.8147,0.8733,0.8218,0.8817,0.8919,512670.2438,367201.5277,369228.6267,269092.0909,1196.6667,807.0,693.0,557.0,1.6327,1.5131,1.7258,1.8921,1.3654,56.3333,44.0,0.3333,12.0,0.0,44.3333,0.0657,0.0242,0.0496,0.0249,0.0517,0.0008,0.0015,57598.15,33168.5029,40869.2934,39614.0307,106.4341,80.6102,22.0907,31.8852,0.3541,0.3129,0.5458,0.751,0.2889,8.1786,2.9439,0.4714,6.532,0.0,2.8674
mode=periodic8s_blocking=0_defpreempt=0,nodes=32_prio=4_arrival=8s,3,7199.3178,0.8596,0.8246,0.8669,0.8315,0.8826,0.8917,518757.8024,373726.6552,352215.296,261644.8983,582.3333,393.6667,326.3333,247.0,2.5559,2.8408,2.1771,1.9118,3.3477,48.0,29.0,0.6667,18.3333,0.0,29.6667,0.3325,0.0324,0.0524,0.0334,0.0545,0.0023,0.001,65782.8513,60431.71,66750.3742,42475.0632,38.0029,37.7918,38.5861,18.4932,0.1715,0.6965,0.5246,0.7386,0.8303,0.8165,6.532,0.4714,5.7927,0.0,6.1283
mode=periodic8s_blocking=0_defpreempt=1,nodes=16_prio=1_arrival=16s,3,7199.4107,0.8803,0.7937,0.8907,0.8019,0.8907,0.902,773850.8681,0.0,0.0,0.0,786.0,0.0,0.0,0.0,4.6251,4.6251,,,,53.6667,23.3333,4.0,26.3333,0.0,27.3333,0.1394,0.0109,0.0758,0.0136,0.0762,0.0069,0.0079,65965.9763,0.0,0.0,0.0,93.8119,0.0,0.0,0.0,0.8213,0.8213,,,,8.9938,2.0548,3.7417,6.7987,0.0,3.3993
mode=periodic8s_blocking=0_defpreempt=1,nodes=16_prio=1_arrival=4s,3,7199.3847,0.8638,0.7762,0.8831,0.7907,0.8712,0.8917,751362.9863,0.0,0.0,0.0,2834.3333,0.0,0.0,0.0,1.5906,1.5906,,,,44.0,28.3333,1.6667,14.0,0.0,30.0,0.2786,0.0096,0.0769,0.0068,0.081,0.0035,0.0007,72319.0516,0.0,0.0,0.0,81.1638,0.0,0.0,0.0,0.3929,0.3929,,,,6.4807,3.8586,0.4714,5.3541,0.0,3.559
mode=periodic8s_blocking=0_defpreempt=1,nodes=16_prio=1_arrival=8s,3,7199.4696,0.8706,0.7891,0.8826,0.7999,0.8811,0.8945,768514.4228,0.0,0.0,0.0,1436.0,0.0,0.0,0.0,2.6309,2.6309,,,,43.3333,27.6667,2.3333,13.3333,0.0,30.0,0.0481,0.0127,0.0876,0.0124,0.0895,0.0037,0.0031,72438.7294,0.0,0.0,0.0,83.5504,0.0,0.0,0.0,0.604,0.604,,,,4.0277,2.357,2.6247,4.1096,0.0,2.1602
mode=periodic8s_blocking=0_defpreempt=1,nodes=16_prio=4_arrival=16s,3,7199.7674,0.8414,0.8294,0.854,0.8441,0.8757,0.8915,236873.4596,176086.0582,163038.5179,133527.4433,564.6667,239.6667,209.6667,148.3333,1.3936,4.3064,0.2282,0.1339,0.1474,74.0,28.0,4.0,42.0,0.0,32.0,0.1078,0.0495,0.0373,0.0487,0.0435,0.0033,0.0013,18383.6085,35197.7901,47595.2853,24738.7748,70.0016,19.9388,3.8586,6.7987,0.2908,1.2906,0.0847,0.0215,0.0196,24.0555,8.6023,3.7417,13.8804,0.0,10.6771
mode=periodic8s_blocking=0_defpreempt=1,nodes=16_prio=4_arrival=4s,3,7199.8163,0.8425,0.8005,0.864,0.8192,0.8671,0.891,236043.9193,175452.0052,177240.5822,128555.029,1895.0,942.6667,784.3333,629.3333,0.4979,1.3602,0.1251,0.1155,0.0962,72.6667,50.3333,2.6667,19.6667,0.0,53.0,0.2007,0.0312,0.0438,0.0304,0.0503,0.0015,0.0008,18704.4349,7360.8003,19365.2787,24814.4074,80.6598,71.154,29.2727,31.4784,0.1341,0.3979,0.0254,0.0341,0.0071,20.806,10.0775,3.0912,12.3648,0.0,8.4853
mode=periodic8s_blocking=0_defpreempt=1,nodes=16_prio=4_arrival=8s,3,7199.6641,0.8404,0.8191,0.8537,0.8332,0.875,0.8918,238810.6815,181687.6819,172503.7776,127018.1881,1024.6667,447.3333,378.3333,283.0,0.6598,1.8859,0.1373,0.1234,0.1191,63.6667,47.0,5.0,11.6667,0.0,52.0,0.336,0.0469,0.0543,0.0475,0.0606,0.0033,0.0009,23065.14,32328.2048,36743.1009,22046.2503,86.1059,38.7327,23.1565,24.1247,0.1439,0.5054,0.039,0.0224,0.0363,7.3636,6.9761,2.1602,2.357,0.0,5.3541
mode=periodic8s_blocking=0_defpreempt=1,nodes=32_prio=1_arrival=16s,3,7199.6643,0.8786,0.8096,0.8919,0.8154,0.8826,0.8962,1566425.9143,0.0,0.0,0.0,838.3333,0.0,0.0,0.0,8.2223,8.2223,,,,75.3333,17.6667,0.3333,57.3333,0.0,18.0,0.2486,0.0095,0.056,0.005,0.0559,0.0121,0.0065,96329.5966,0.0,0.0,0.0,95.059,0.0,0.0,0.0,2.9641,2.9641,,,,11.2645,3.6818,0.4714,15.1731,0.0,4.0825
mode=periodic8s_blocking=0_defpreempt=1,nodes=32_prio=1_arrival=4s,3,7199.4137,0.8791,0.7918,0.8909,0.8001,0.8802,0.8923,1541088.0604,0.0,0.0,0.0,3036.3333,0.0,0.0,0.0,1.7409,1.7409,,,,60.0,34.0,0.3333,25.6667,0.0,34.3333,0.2734,0.0008,0.0479,0.0011,0.051,0.0001,0.0,97711.7515,0.0,0.0,0.0,94.7148,0.0,0.0,0.0,0.5849,0.5849,,,,7.4833,5.7155,0.4714,3.0912,0.0,5.9067
mode=periodic8s_blocking=0_defpreempt=1,nodes=32_prio=1_arrival=8s,3,7199.1334,0.8744,0.7992,0.8893,0.8097,0.8761,0.8916,1565467.6832,0.0,0.0,0.0,1567.0,0.0,0.0,0.0,5.0455,5.0455,,,,74.0,22.6667,0.3333,51.0,0.0,23.0,0.036,0.0034,0.0506,0.0013,0.053,0.0032,0.0005,92684.0788,0.0,0.0,0.0,65.7318,0.0,0.0,0.0,0.143,0.143,,,,4.3205,4.9216,0.4714,4.0825,0.0,5.3541
mode=periodic8s_blocking=0_defpreempt=1,nodes=32_prio=4_arrival=16s,3,7199.4978,0.8598,0.8212,0.8649,0.8252,0.8862,0.8919,509920.2191,372616.9868,336811.9586,262072.6957,502.6667,240.3333,210.0,149.3333,1.1841,3.5969,0.1296,0.0926,0.1152,45.3333,24.0,3.6667,17.6667,0.0,27.6667,0.3649,0.0369,0.0495,0.0386,0.0502,0.0005,0.0006,59073.1295,54812.3012,68865.9003,40529.6407,53.9774,19.1369,9.8995,9.1043,0.5847,2.228,0.0495,0.0275,0.0385,3.2998,4.3205,3.0912,8.7305,0.0,6.3421
mode=periodic8s_blocking=0_defpreempt=1,nodes=32_prio=4_arrival=4s,3,7199.5937,0.8661,0.8153,0.8757,0.8227,0.8831,0.8937,507720.427,373322.7536,371162.4625,270429.9943,1706.6667,939.6667,781.6667,627.6667,0.3693,0.9515,0.1003,0.0933,0.0952,61.6667,47.3333,1.6667,12.6667,0.0,49.0,0.3607,0.0213,0.0503,0.0211,0.0529,0.0026,0.004,57142.2837,38169.8687,41266.2605,39595.3188,114.2667,67.6083,25.5908,29.6348,0.0877,0.2089,0.0345,0.0362,0.0074,3.8586,6.549,1.6997,4.1096,0.0,6.4807
mode=periodic8s_blocking=0_defpreempt=1,nodes=32_prio=4_arrival=8s,3,7199.5489,0.8585,0.823,0.8669,0.8314,0.8811,0.8916,513508.5409,375263.1459,354448.618,263064.5747,852.0,447.6667,380.0,283.6667,0.5827,1.624,0.0991,0.0936,0.1029,50.3333,27.6667,0.3333,22.3333,0.0,28.0,0.0312,0.0343,0.0502,0.0334,0.0545,0.0033,0.001,66143.4685,60462.5759,66131.5828,42769.1478,50.9182,34.1988,22.1961,16.9378,0.0635,0.3016,0.0256,0.0389,0.0271,3.6818,4.7842,0.4714,8.4984,0.0,4.9666
mode=periodic8s_blocking=1_defpreempt=0,nodes=16_prio=1_arrival=16s,3,7199.3249,0.8807,0.794,0.8907,0.8019,0.8912,0.902,773901.4842,0.0,0.0,0.0,778.3333,0.0,0.0,0.0,4.8042,4.8042,,,,54.0,24.6667,3.6667,25.6667,0.0,28.3333,0.1076,0.0122,0.0756,0.0136,0.0762,0.0067,0.0079,65275.4826,0.0,0.0,0.0,86.4497,0.0,0.0,0.0,0.7686,0.7686,,,,13.4907,1.2472,4.4969,8.9567,0.0,4.7842
mode=periodic8s_blocking=1_defpreempt=0,nodes=16_prio=1_arrival=4s,3,7199.315,0.8641,0.7757,0.8831,0.7906,0.8714,0.8916,751092.6506,0.0,0.0,0.0,2780.6667,0.0,0.0,0.0,1.8055,1.8055,,,,43.6667,27.0,1.6667,15.0,0.0,28.6667,0.2092,0.0082,0.0768,0.0067,0.081,0.0019,0.0007,72371.5064,0.0,0.0,0.0,104.5318,0.0,0.0,0.0,0.448,0.448,,,,4.6428,5.8878,0.9428,4.9666,0.0,6.1824
mode=periodic8s_blocking=1_defpreempt=0,nodes=16_prio=1_arrival=8s,3,7199.7456,0.8697,0.7881,0.8826,0.8,0.8805,0.8944,767778.9596,0.0,0.0,0.0,1419.6667,0.0,0.0,0.0,3.0628,3.0628,,,,45.0,25.3333,2.3333,17.3333,0.0,27.6667,0.0839,0.0125,0.0874,0.0124,0.0896,0.0035,0.0031,72343.3252,0.0,0.0,0.0,65.4947,0.0,0.0,0.0,0.551,0.551,,,,5.7155,2.0548,1.2472,5.3125,0.0,1.8856
mode=periodic8s_blocking=1_defpreempt=0,nodes=16_prio=4_arrival=16s,3,7199.1815,0.8415,0.8316,0.8541,0.8442,0.878,0.8916,240667.461,174645.4543,161018.7258,132543.2649,323.6667,193.6667,162.3333,122.6667,6.3901,7.4302,4.3906,7.5465,5.3905,50.3333,23.3333,2.0,25.0,0.0,25.3333,0.0435,0.0489,0.0404,0.0487,0.0435,0.0015,0.0013,19101.2958,34974.4704,47901.2859,24616.1575,39.5334,23.0988,15.5421,9.9778,2.4456,3.6965,2.0228,3.6764,2.6278,5.2493,3.0912,0.8165,1.633,0.0,3.7712
mode=periodic8s_blocking=1_defpreempt=0,nodes=16_prio=4_arrival=4s,3,7199.4079,0.8432,0.8027,0.8647,0.8198,0.8694,0.8918,241462.6901,172820.0078,174670.94,126727.8674,1067.0,734.3333,628.6667,501.6667,2.159,2.5075,1.9262,2.1346,1.8713,54.3333,40.3333,1.3333,12.6667,0.0,41.6667,0.2108,0.0328,0.046,0.0304,0.0502,0.0032,0.0009,19138.5127,7030.5902,20003.8899,24865.6484,100.0833,70.6981,14.8847,21.3125,0.4569,0.6678,0.4473,0.4646,0.2698,3.8586,7.5865,1.2472,4.0277,0.0,6.5997
mode=periodic8s_blocking=1_defpreempt=0,nodes=16_prio=4_arrival=8s,3,7199.5732,0.8407,0.8208,0.8539,0.8335,0.877,0.8921,242213.9178,180088.8351,170863.8323,125481.4027,575.3333,351.3333,290.3333,220.6667,3.3648,3.9644,2.5467,2.7858,4.19,57.3333,40.0,4.0,13.3333,0.0,44.0,0.2858,0.047,0.057,0.0474,0.0607,0.002,0.0009,23720.4469,32369.9343,36665.2652,21688.5522,56.7881,30.4448,32.7143,15.4128,0.7221,1.5321,0.5967,0.43,0.8224,5.5578,4.0825,2.1602,3.3993,0.0,2.1602
mode=periodic8s_blocking=1_defpreempt=0,nodes=32_prio=1_arrival=16s,3,7199.403,0.8825,0.8093,0.8918,0.8154,0.8863,0.8961,1567828.2289,0.0,0.0,0.0,826.6667,0.0,0.0,0.0,5.9829,5.9829,,,,67.3333,21.3333,0.3333,45.6667,0.0,21.6667,0.1747,0.006,0.0549,0.0049,0.0559,0.008,0.0065,93721.2537,0.0,0.0,0.0,89.4663,0.0,0.0,0.0,0.519,0.519,,,,5.3125,5.7927,0.4714,0.9428,0.0,5.4365
mode=periodic8s_blocking=1_defpreempt=0,nodes=32_prio=1_arrival=4s,3,7197.7326,0.8799,0.7925,0.8909,0.8001,0.881,0.8924,1541365.6664,0.0,0.0,0.0,3048.0,0.0,0.0,0.0,1.8454,1.8454,,,,55.6667,33.0,0.0,22.6667,0.0,33.0,2.0439,0.0018,0.0484,0.0011,0.051,0.0008,0.0001,97220.5224,0.0,0.0,0.0,84.1942,0.0,0.0,0.0,0.3306,0.3306,,,,6.8475,4.2426,0.0,2.6247,0.0,4.2426
mode=periodic8s_blocking=1_defpreempt=0,nodes=32_prio=1_arrival=8s,3,7199.4136,0.874,0.7998,0.8893,0.8098,0.8757,0.8916,1565611.4813,0.0,0.0,0.0,1546.6667,0.0,0.0,0.0,5.0751,5.0751,,,,74.0,19.3333,0.3333,54.3333,0.0,19.6667,0.1665,0.0041,0.0506,0.0013,0.0531,0.0042,0.0005,93095.1043,0.0,0.0,0.0,72.2972,0.0,0.0,0.0,0.4408,0.4408,,,,2.4495,5.7927,0.4714,5.9067,0.0,6.2361
mode=periodic8s_blocking=1_defpreempt=0,nodes=32_prio=4_arrival=16s,3,7199.5428,0.8585,0.8195,0.8649,0.8253,0.8852,0.8919,512884.3462,371394.7468,335358.4276,260208.7536,348.3333,211.0,186.3333,130.3333,5.1699,3.4447,3.7396,4.1273,11.9259,46.6667,20.6667,1.6667,24.3333,0.0,22.3333,0.0836,0.0361,0.0505,0.0386,0.0502,0.0023,0.0006,60459.9213,55207.6694,68375.5132,39987.7469,51.4738,20.3142,9.7411,6.3421,3.274,0.9506,1.594,0.6953,14.1511,14.8399,0.9428,2.357,16.2138,0.0,2.0548
mode=periodic8s_blocking=1_defpreempt=0,nodes=32_prio=4_arrival=4s,3,7198.7316,0.8643,0.8147,0.8733,0.8218,0.8822,0.8918,512576.2235,367151.9462,369288.6912,269074.8857,1186.6667,805.3333,694.6667,554.6667,1.6567,1.6694,1.8595,1.6423,1.3977,52.3333,43.0,1.0,8.3333,0.0,44.0,0.7614,0.0246,0.0496,0.025,0.0517,0.0004,0.0014,57148.4535,33202.6578,40967.1042,39871.3342,97.387,80.9499,20.3361,30.8149,0.4412,0.4612,0.5663,0.6281,0.432,10.3387,4.9666,0.0,5.7349,0.0,4.9666
mode=periodic8s_blocking=1_defpreempt=0,nodes=32_prio=4_arrival=8s,3,7199.4001,0.8597,0.8244,0.867,0.8315,0.8826,0.8917,518446.8005,373608.5674,352304.1805,261734.9832,598.3333,392.0,331.0,246.0,3.1746,3.4006,2.2983,3.725,3.3478,56.6667,32.0,0.6667,24.0,0.0,32.6667,0.3044,0.033,0.0517,0.0334,0.0545,0.0022,0.001,66152.492,60342.6507,66694.3635,42555.0107,55.3554,37.4789,42.1663,19.2527,0.9005,1.8409,0.2271,1.6904,0.9198,3.0912,5.8878,0.4714,7.1181,0.0,5.4365
mode=periodic8s_blocking=1_defpreempt=1,nodes=16_prio=1_arrival=16s,3,7199.3974,0.8809,0.7945,0.8907,0.802,0.8914,0.902,774341.5929,0.0,0.0,0.0,793.6667,0.0,0.0,0.0,3.9146,3.9146,,,,54.0,26.0,4.0,24.0,0.0,30.0,0.2217,0.011,0.076,0.0137,0.0761,0.0066,0.0079,65720.111,0.0,0.0,0.0,90.9004,0.0,0.0,0.0,0.7214,0.7214,,,,14.7196,1.4142,3.559,10.198,0.0,4.5461
mode=periodic8s_blocking=1_defpreempt=1,nodes=16_prio=1_arrival=4s,3,7199.3257,0.8627,0.7746,0.883,0.7907,0.87,0.8916,750579.1448,0.0,0.0,0.0,2784.0,0.0,0.0,0.0,1.8486,1.8486,,,,47.0,28.6667,3.0,15.3333,0.0,31.6667,0.1954,0.0084,0.0763,0.0067,0.081,0.0031,0.0008,72459.522,0.0,0.0,0.0,106.4707,0.0,0.0,0.0,0.4657,0.4657,,,,2.9439,3.8586,1.633,5.2493,0.0,2.357
mode=periodic8s_blocking=1_defpreempt=1,nodes=16_prio=1_arrival=8s,3,7199.3863,0.8695,0.788,0.8825,0.7997,0.8803,0.8943,767949.0715,0.0,0.0,0.0,1445.6667,0.0,0.0,0.0,3.0289,3.0289,,,,42.6667,25.3333,2.6667,14.6667,0.0,28.0,0.2195,0.0125,0.0872,0.0124,0.0895,0.0034,0.0031,72382.3664,0.0,0.0,0.0,66.4597,0.0,0.0,0.0,0.4675,0.4675,,,,2.6247,1.2472,1.6997,3.6818,0.0,1.4142
mode=periodic8s_blocking=1_defpreempt=1,nodes=16_prio=4_arrival=16s,3,7199.5281,0.8439,0.8322,0.854,0.8441,0.8786,0.8915,238174.5944,176130.899,163040.3476,133528.7693,571.3333,241.0,209.6667,148.6667,1.0269,3.1529,0.1292,0.0937,0.1216,61.3333,29.6667,5.6667,26.0,0.0,35.3333,0.2049,0.049,0.0388,0.0487,0.0436,0.0019,0.0013,18141.584,35239.2606,47600.3523,24739.3985,57.6561,17.9072,3.8586,7.1336,0.1997,0.8393,0.0172,0.0305,0.029,14.8847,4.9889,1.2472,9.9331,0.0,6.0185
mode=periodic8s_blocking=1_defpreempt=1,nodes=16_prio=4_arrival=4s,3,7199.8512,0.8432,0.8011,0.8641,0.8191,0.8681,0.8911,236320.0924,175468.6973,177261.1578,128552.6038,1868.6667,944.6667,786.6667,625.6667,0.4896,1.3497,0.1208,0.1114,0.0956,66.3333,49.3333,1.6667,15.3333,0.0,51.0,0.1015,0.0314,0.0433,0.0305,0.0501,0.0021,0.0008,19043.5741,7362.9977,19397.1687,24820.2553,70.5234,72.3018,27.158,30.5541,0.1556,0.483,0.0329,0.0094,0.0089,24.0046,16.3571,2.357,9.7411,0.0,14.4453
mode=periodic8s_blocking=1_defpreempt=1,nodes=16_prio=4_arrival=8s,3,7199.1246,0.8403,0.8192,0.8535,0.8332,0.8747,0.8917,238825.1123,181676.3628,172468.0532,126993.8838,1014.6667,447.3333,377.3333,283.3333,0.7942,2.3273,0.1374,0.1177,0.1086,75.3333,43.6667,3.3333,28.3333,0.0,47.0,0.2798,0.046,0.0546,0.0473,0.0608,0.0034,0.001,23072.2921,32383.1462,36708.6066,22037.2543,81.3484,34.6538,20.8859,23.9768,0.3267,1.064,0.063,0.0066,0.0534,25.2499,3.7712,2.0548,23.0988,0.0,2.4495
mode=periodic8s_blocking=1_defpreempt=1,nodes=32_prio=1_arrival=16s,3,7199.6364,0.8817,0.8095,0.8919,0.8155,0.8857,0.8962,1567386.6535,0.0,0.0,0.0,816.3333,0.0,0.0,0.0,6.6868,6.6868,,,,69.0,18.6667,0.3333,50.0,0.0,19.0,0.2765,0.0064,0.0562,0.0049,0.0559,0.0086,0.0065,94917.7131,0.0,0.0,0.0,86.3417,0.0,0.0,0.0,1.277,1.277,,,,4.2426,4.4969,0.4714,8.0416,0.0,4.0825
mode=periodic8s_blocking=1_defpreempt=1,nodes=32_prio=1_arrival=4s,3,7199.5225,0.8778,0.7906,0.8909,0.8001,0.8787,0.8924,1539913.2155,0.0,0.0,0.0,3024.3333,0.0,0.0,0.0,1.9786,1.9786,,,,64.6667,32.3333,0.3333,32.0,0.0,32.6667,0.2049,0.0018,0.0472,0.0011,0.051,0.0009,0.0001,97138.7961,0.0,0.0,0.0,73.2181,0.0,0.0,0.0,0.8195,0.8195,,,,10.403,3.8586,0.4714,6.4807,0.0,4.0277
mode=periodic8s_blocking=1_defpreempt=1,nodes=32_prio=1_arrival=8s,3,7199.6724,0.8749,0.8007,0.8893,0.8097,0.8768,0.8916,1566701.4029,0.0,0.0,0.0,1556.3333,0.0,0.0,0.0,4.5778,4.5778,,,,68.3333,19.0,0.3333,49.0,0.0,19.3333,0.3183,0.0035,0.0512,0.0013,0.053,0.0037,0.0006,93445.7468,0.0,0.0,0.0,63.8766,0.0,0.0,0.0,0.7558,0.7558,,,,4.9216,3.7417,0.4714,4.3205,0.0,3.6818
mode=periodic8s_blocking=1_defpreempt=1,nodes=32_prio=4_arrival=16s,3,7199.6402,0.8592,0.8205,0.8648,0.8252,0.8856,0.8917,509445.2533,372568.1662,336774.0256,262043.607,502.6667,240.0,211.0,149.0,1.096,3.2307,0.1025,0.1047,0.1329,51.0,23.3333,2.6667,25.0,0.0,26.0,0.1034,0.0363,0.0498,0.0386,0.0502,0.0017,0.0006,58001.1438,54809.9249,68847.187,40522.625,40.8276,20.6074,10.2307,8.641,0.4086,1.4438,0.0184,0.0647,0.0592,12.8323,4.714,3.0912,10.6145,0.0,7.7889
mode=periodic8s_blocking=1_defpreempt=1,nodes=32_prio=4_arrival=4s,3,7199.3118,0.8636,0.8141,0.873,0.8216,0.8812,0.8915,507674.6077,369601.7796,371121.2685,270434.9857,1694.0,943.3333,777.6667,627.0,0.3958,1.0341,0.104,0.0985,0.0902,54.3333,43.6667,1.3333,9.3333,0.0,45.0,0.1539,0.0242,0.0491,0.0249,0.0518,0.0006,0.0015,56299.4766,33458.6381,41299.9547,39569.375,82.7688,67.2822,25.6168,30.0998,0.0717,0.195,0.0254,0.0255,0.0113,4.4969,2.8674,0.9428,6.5997,0.0,2.1602
mode=periodic8s_blocking=1_defpreempt=1,nodes=32_prio=4_arrival=8s,3,7199.6801,0.8599,0.8244,0.8669,0.8314,0.8828,0.8916,514674.4657,375298.7066,354458.5589,263061.5481,846.0,448.0,380.3333,282.6667,0.623,1.7685,0.0896,0.0846,0.074,47.0,26.0,2.3333,18.6667,0.0,28.3333,0.1955,0.0339,0.0508,0.0334,0.0545,0.0026,0.001,65859.3517,60465.1406,66131.2648,42771.6283,56.5744,32.619,24.074,17.7451,0.1875,0.6004,0.015,0.0097,0.0274,3.7417,5.7155,2.6247,7.3182,0.0,4.9216
mode=schedulingfailure_blocking=0_defpreempt=0,nodes=16_prio=1_arrival=16s,3,7199.7362,0.8804,0.7935,0.8907,0.8019,0.8911,0.9019,772641.0092,0.0,0.0,0.0,747.0,0.0,0.0,0.0,6.5455,6.5455,,,,119.0,55.0,9.3333,54.6667,0.3333,64.0,0.1505,0.0105,0.0763,0.0136,0.0762,0.0063,0.0079,65682.7472,0.0,0.0,0.0,89.5805,0.0,0.0,0.0,0.9013,0.9013,,,,21.276,8.6023,7.5865,6.9442,0.4714,14.7196
mode=schedulingfailure_blocking=0_defpreempt=0,nodes=16_prio=1_arrival=4s,3,7198.9122,0.8586,0.7832,0.8848,0.8066,0.8719,0.8994,745825.4152,0.0,0.0,0.0,2272.3333,0.0,0.0,0.0,4.8521,4.8521,,,,232.0,117.0,27.0,88.0,2.0,142.0,1.2924,0.0083,0.0879,0.0042,0.0934,0.007,0.0117,73333.1553,0.0,0.0,0.0,230.7962,0.0,0.0,0.0,1.137,1.137,,,,15.8955,9.2736,16.0624,30.0111,0.8165,24.3447
mode=schedulingfailure_blocking=0_defpreempt=0,nodes=16_prio=1_arrival=8s,3,7199.7591,0.8677,0.787,0.8822,0.7996,0.8789,0.8941,764532.8121,0.0,0.0,0.0,1329.3333,0.0,0.0,0.0,5.2564,5.2564,,,,160.6667,87.0,15.0,58.6667,1.3333,100.6667,0.1843,0.012,0.0884,0.0123,0.0897,0.0032,0.003,72158.2181,0.0,0.0,0.0,119.0247,0.0,0.0,0.0,0.6229,0.6229,,,,3.0912,4.9666,8.5245,10.4987,0.4714,13.6951
mode=schedulingfailure_blocking=0_defpreempt=0,nodes=16_prio=4_arrival=16s,3,7199.5866,0.842,0.8327,0.854,0.8442,0.8785,0.8915,239517.1292,174572.7474,161644.7053,132470.318,418.0,174.3333,148.3333,115.3333,7.5872,10.9503,6.0861,5.4039,6.5885,124.0,63.3333,7.3333,53.3333,0.3333,70.3333,0.1269,0.0498,0.0398,0.0487,0.0436,0.0013,0.0014,18091.7105,34904.7178,47954.5862,24536.9127,78.8205,22.0504,14.3836,2.0548,2.6668,5.3263,1.7987,1.6664,3.1428,18.4932,13.3,4.1096,3.2998,0.4714,16.5395
mode=schedulingfailure_blocking=0_defpreempt=0,nodes=16_prio=4_arrival=4s,3,7199.8667,0.8394,0.7983,0.8644,0.8194,0.8659,0.8914,238491.0885,170979.7058,173971.6034,126233.1993,1256.0,596.3333,535.3333,440.0,3.7683,4.2068,3.7734,3.6456,3.1601,296.0,175.0,17.6667,103.3333,3.0,189.6667,0.3306,0.0332,0.0464,0.0303,0.0502,0.003,0.0009,19304.9869,6536.0332,20350.0983,24782.7245,191.3165,51.6161,28.7673,25.807,0.8711,1.0349,0.7459,1.4267,0.4789,74.0855,38.9957,5.5578,30.9444,2.1602,41.0636
mode=schedulingfailure_blocking=0_defpreempt=0,nodes=16_prio=4_arrival=8s,3,7199.5423,0.8389,0.8189,0.8536,0.8333,0.8751,0.8918,240142.43,179608.4661,170926.2213,125564.4442,765.0,312.6667,266.6667,203.6667,4.6435,6.1465,3.9781,3.2141,4.6175,194.6667,110.0,18.0,66.6667,1.3333,126.6667,0.5239,0.0468,0.0562,0.0474,0.0607,0.0016,0.0009,23169.0516,32416.7795,36491.4367,21687.2837,130.693,29.3523,26.9485,15.9234,1.7417,2.673,1.588,0.6373,1.9562,31.8469,24.4949,6.1644,7.8457,1.2472,26.386
mode=schedulingfailure_blocking=0_defpreempt=0,nodes=32_prio=1_arrival=16s,3,7199.5316,0.8805,0.8072,0.8918,0.8154,0.8848,0.8961,1562015.6204,0.0,0.0,0.0,729.6667,0.0,0.0,0.0,14.2138,14.2138,,,,118.0,35.3333,1.6667,81.0,0.3333,36.6667,0.1586,0.0068,0.0567,0.005,0.0559,0.0089,0.0065,95651.4647,0.0,0.0,0.0,81.4548,0.0,0.0,0.0,2.4754,2.4754,,,,5.099,6.1283,0.4714,10.0333,0.4714,6.1283
mode=schedulingfailure_blocking=0_defpreempt=0,nodes=32_prio=1_arrival=4s,3,7198.9674,0.8746,0.7861,0.8908,0.7999,0.8758,0.8922,1527982.5042,0.0,0.0,0.0,2421.6667,0.0,0.0,0.0,5.7378,5.7378,,,,188.0,94.6667,1.6667,91.6667,1.6667,94.6667,0.7961,0.0021,0.0494,0.001,0.051,0.0015,0.0001,98667.6461,0.0,0.0,0.0,95.2762,0.0,0.0,0.0,0.6942,0.6942,,,,18.9912,4.9889,1.6997,14.2906,1.6997,4.9889
mode=schedulingfailure_blocking=0_defpreempt=0,nodes=32_prio=1_arrival=8s,3,7199.6012,0.8709,0.7958,0.8892,0.8097,0.873,0.8915,1555910.3185,0.0,0.0,0.0,1298.6667,0.0,0.0,0.0,12.0331,12.0331,,,,153.0,58.3333,1.0,93.6667,0.0,59.3333,0.2141,0.0047,0.0539,0.0014,0.0531,0.0053,0.0005,96952.0177,0.0,0.0,0.0,63.3368,0.0,0.0,0.0,2.9734,2.9734,,,,7.2572,14.6363,0.8165,8.7305,0.0,15.3695
mode=schedulingfailure_blocking=0_defpreempt=0,nodes=32_prio=4_arrival=16s,3,7199.4744,0.8581,0.8192,0.8648,0.8252,0.885,0.8918,510845.3164,370789.7828,335325.5473,259965.5374,365.3333,195.6667,164.0,123.0,8.9942,10.3473,7.4753,4.9431,14.0246,87.3333,43.6667,5.0,38.6667,0.0,48.6667,0.3074,0.0367,0.0503,0.0386,0.0502,0.003,0.0007,59193.5215,54952.0972,68707.0277,39956.222,76.3079,20.3688,2.4495,4.5461,5.971,6.8654,4.2117,2.296,15.9401,7.7172,5.5578,5.7155,16.5798,0.0,9.5336
mode=schedulingfailure_blocking=0_defpreempt=0,nodes=32_prio=4_arrival=4s,3,7199.25,0.8618,0.8115,0.873,0.8216,0.8801,0.8916,508278.6531,364749.3158,368024.5821,268315.3322,1183.0,649.6667,569.0,488.6667,3.8903,4.6919,4.3357,3.1312,2.8875,197.0,135.6667,7.3333,54.0,3.6667,139.3333,0.2426,0.025,0.0504,0.0249,0.0517,0.0005,0.0015,56728.5957,33045.8161,41296.1212,39669.3072,98.968,69.5334,24.097,32.968,0.8661,1.453,1.0012,0.6782,0.5555,8.8318,6.5997,4.1096,14.3062,0.9428,9.5685
mode=schedulingfailure_blocking=0_defpreempt=0,nodes=32_prio=4_arrival=8s,3,7198.7121,0.8597,0.8244,0.8669,0.8314,0.8835,0.8916,516363.2264,372470.0544,352543.033,261541.7132,616.3333,343.6667,293.0,224.0,5.0609,5.8328,5.3182,4.1963,4.2886,119.0,69.3333,7.6667,42.0,0.6667,76.3333,1.1078,0.0344,0.0524,0.0333,0.0545,0.002,0.001,66270.0271,60138.8406,66320.1657,42619.0032,79.0836,28.1938,35.3648,18.1842,1.292,2.07,1.1708,1.6144,0.2898,9.4163,15.0628,4.9889,16.2686,0.9428,15.5421
mode=stablequeue2s_blocking=0_defpreempt=0,nodes=16_prio=1_arrival=16s,3,7199.5751,0.882,0.7948,0.8908,0.802,0.8924,0.9021,774712.5452,0.0,0.0,0.0,828.3333,0.0,0.0,0.0,3.8357,3.8357,,,,175.0,36.6667,2.3333,136.0,0.0,39.0,0.2119,0.0117,0.0752,0.0135,0.0762,0.0062,0.0078,64976.9701,0.0,0.0,0.0,102.2948,0.0,0.0,0.0,0.6038,0.6038,,,,54.1664,5.3125,3.2998,45.9855,0.0,8.2865
mode=stablequeue2s_blocking=0_defpreempt=0,nodes=16_prio=1_arrival=4s,3,7199.4232,0.8655,0.7775,0.883,0.7907,0.873,0.8916,752109.8949,0.0,0.0,0.0,2922.6667,0.0,0.0,0.0,1.5673,1.5673,,,,254.0,55.3333,1.0,197.6667,0.0,56.3333,0.2258,0.0087,0.0773,0.0067,0.0809,0.0025,0.0007,72487.9641,0.0,0.0,0.0,78.5465,0.0,0.0,0.0,0.395,0.395,,,,4.2426,4.1899,1.4142,3.8586,0.0,3.2998
mode=stablequeue2s_blocking=0_defpreempt=0,nodes=16_prio=1_arrival=8s,3,7199.2747,0.8717,0.7903,0.8825,0.7999,0.8826,0.8944,769122.4296,0.0,0.0,0.0,1515.3333,0.0,0.0,0.0,2.6526,2.6526,,,,192.3333,50.0,1.6667,140.6667,0.0,51.6667,0.3064,0.0126,0.0874,0.0123,0.0896,0.0036,0.0031,72400.0045,0.0,0.0,0.0,76.7738,0.0,0.0,0.0,0.5,0.5,,,,3.2998,0.8165,0.4714,3.2998,0.0,0.9428
mode=stablequeue2s_blocking=0_defpreempt=0,nodes=16_prio=4_arrival=16s,3,7199.5691,0.8437,0.834,0.8541,0.8443,0.88,0.8916,240677.7178,175092.7412,161949.1515,132808.9974,386.0,199.0,171.0,125.0,4.2776,5.1328,3.5904,3.8439,4.175,215.6667,47.3333,3.3333,165.0,0.0,50.6667,0.1244,0.0492,0.04,0.0487,0.0436,0.0012,0.0013,17972.3709,35026.9384,48042.9849,24650.307,62.8066,27.0924,12.0277,2.1602,1.2734,1.7878,0.6866,1.6778,2.3096,49.4323,8.9938,2.0548,40.2078,0.0,10.9646
mode=stablequeue2s_blocking=0_defpreempt=0,nodes=16_prio=4_arrival=4s,3,7199.3877,0.8472,0.8061,0.8648,0.8199,0.8736,0.8919,242226.8244,173387.233,175386.4462,126953.7815,1205.6667,759.3333,653.6667,518.6667,1.7741,2.0831,1.4466,1.6214,1.8559,325.6667,77.6667,1.0,247.0,0.0,78.6667,0.2788,0.0327,0.0473,0.0304,0.0502,0.0027,0.0009,19335.5639,7086.0153,19930.9605,24767.7415,96.996,63.4052,14.522,26.4113,0.4103,0.5772,0.2863,0.4255,0.4218,83.0676,11.2645,0.8165,77.3434,0.0,10.4987
mode=stablequeue2s_blocking=0_defpreempt=0,nodes=16_prio=4_arrival=8s,3,7199.4095,0.8428,0.8224,0.8538,0.8334,0.8791,0.8919,242360.93,180340.6542,171143.6924,125749.1584,644.3333,362.0,297.0,228.6667,3.0293,3.5416,2.4073,2.5101,3.7234,241.6667,61.3333,2.6667,177.6667,0.0,64.0,0.3196,0.0481,0.0568,0.0475,0.0606,0.0026,0.0008,23701.0346,32314.2316,36944.547,21825.6285,90.7389,32.7516,35.5622,24.4177,0.8211,1.2104,0.6641,0.5539,1.3976,39.4659,10.0775,0.9428,31.7525,0.0,9.8995
mode=stablequeue2s_blocking=0_defpreempt=0,nodes=32_prio=1_arrival=16s,3,7199.5452,0.8822,0.8097,0.8919,0.8154,0.8863,0.8961,1567997.0381,0.0,0.0,0.0,840.3333,0.0,0.0,0.0,5.8617,5.8617,,,,162.6667,20.0,1.0,141.6667,0.0,21.0,0.3394,0.0056,0.0559,0.005,0.056,0.008,0.0065,94450.7507,0.0,0.0,0.0,82.2692,0.0,0.0,0.0,1.6872,1.6872,,,,23.2283,5.3541,0.8165,22.8959,0.0,5.099
mode=stablequeue2s_blocking=0_defpreempt=0,nodes=32_prio=1_arrival=4s,3,7199.7853,0.8802,0.7919,0.8909,0.8001,0.8812,0.8923,1541655.3924,0.0,0.0,0.0,3059.3333,0.0,0.0,0.0,1.9204,1.9204,,,,275.6667,41.0,0.6667,234.0,0.0,41.6667,0.2284,0.0026,0.0477,0.0011,0.051,0.0018,0.0001,96818.7344,0.0,0.0,0.0,90.6471,0.0,0.0,0.0,0.576,0.576,,,,35.7988,2.4495,0.9428,36.1202,0.0,3.2998
mode=stablequeue2s_blocking=0_defpreempt=0,nodes=32_prio=1_arrival=8s,3,7199.0059,0.8745,0.8009,0.8893,0.8097,0.8765,0.8916,1566487.8558,0.0,0.0,0.0,1578.3333,0.0,0.0,0.0,4.652,4.652,,,,229.6667,23.3333,0.0,206.3333,0.0,23.3333,1.0157,0.004,0.0514,0.0014,0.0531,0.0042,0.0005,93465.4189,0.0,0.0,0.0,64.3808,0.0,0.0,0.0,0.9704,0.9704,,,,11.0855,5.7927,0.0,11.1455,0.0,5.7927
mode=stablequeue2s_blocking=0_defpreempt=0,nodes=32_prio=4_arrival=16s,3,7199.4322,0.8602,0.8217,0.8648,0.8252,0.887,0.8918,512960.728,371733.1572,335571.7346,261148.9168,371.3333,219.0,189.6667,132.0,3.334,3.4453,2.1863,3.3998,4.8831,118.6667,28.6667,2.0,88.0,0.0,30.6667,0.3298,0.0372,0.05,0.0386,0.0502,0.0008,0.0006,60605.9064,54964.5537,68598.8713,40305.5694,46.65,23.3381,7.7172,5.7155,1.4132,1.6933,0.5655,0.9944,4.0599,11.1455,1.6997,0.8165,13.5892,0.0,2.4944
mode=stablequeue2s_blocking=0_defpreempt=0,nodes=32_prio=4_arrival=4s,3,7199.5048,0.8655,0.8158,0.8733,0.8218,0.8834,0.8918,512870.3427,367423.7661,369662.1096,269254.4758,1219.6667,814.0,693.0,551.3333,1.2416,1.4347,1.1831,1.1861,1.0253,239.0,56.6667,0.0,182.3333,0.0,56.6667,0.324,0.0243,0.0501,0.0249,0.0518,0.0008,0.0015,57358.6159,33321.8005,41131.1174,39663.5429,113.9951,88.3176,24.5357,27.9325,0.2976,0.2993,0.2608,0.4204,0.2584,30.2435,2.4944,0.0,28.7673,0.0,2.4944
mode=stablequeue2s_blocking=0_defpreempt=0,nodes=32_prio=4_arrival=8s,3,7199.26,0.8602,0.8252,0.867,0.8314,0.8835,0.8916,518440.8017,373833.6941,352710.4481,261825.3648,605.6667,396.3333,334.6667,248.3333,2.8228,2.9246,2.1618,3.4918,2.8093,170.0,34.6667,1.6667,133.6667,0.0,36.3333,0.2842,0.0329,0.0524,0.0334,0.0545,0.0018,0.0009,65987.3024,60535.7485,66449.3682,42520.3573,57.0516,36.5544,38.7327,19.1543,0.4971,1.258,0.4732,0.9715,0.65,11.5181,3.3993,1.2472,14.3836,0.0,2.8674
mode=stablequeue2s_blocking=0_defpreempt=1,nodes=16_prio=1_arrival=16s,3,7199.5707,0.881,0.7948,0.8908,0.802,0.8916,0.9021,774410.4786,0.0,0.0,0.0,811.3333,0.0,0.0,0.0,4.2962,4.2962,,,,155.0,37.6667,2.6667,114.6667,0.0,40.3333,0.1813,0.0111,0.0759,0.0136,0.0761,0.0066,0.0078,65559.6197,0.0,0.0,0.0,88.9244,0.0,0.0,0.0,0.6531,0.6531,,,,25.807,1.8856,3.7712,20.854,0.0,4.9889
mode=stablequeue2s_blocking=0_defpreempt=1,nodes=16_prio=1_arrival=4s,3,7199.7019,0.8651,0.7779,0.8831,0.7907,0.8727,0.8916,752099.9138,0.0,0.0,0.0,2914.6667,0.0,0.0,0.0,1.6273,1.6273,,,,249.3333,53.0,1.0,195.3333,0.0,54.0,0.1909,0.0088,0.0772,0.0067,0.0809,0.0027,0.0007,72280.6674,0.0,0.0,0.0,122.6929,0.0,0.0,0.0,0.3497,0.3497,,,,13.0213,6.6833,0.0,12.7105,0.0,6.6833
mode=stablequeue2s_blocking=0_defpreempt=1,nodes=16_prio=1_arrival=8s,3,7199.4977,0.8715,0.7902,0.8825,0.7999,0.8825,0.8944,768875.1687,0.0,0.0,0.0,1496.0,0.0,0.0,0.0,2.6256,2.6256,,,,195.0,49.3333,2.0,143.6667,0.0,51.3333,0.1017,0.0121,0.0879,0.0123,0.0896,0.0033,0.003,72287.0063,0.0,0.0,0.0,88.2534,0.0,0.0,0.0,0.2746,0.2746,,,,4.5461,3.2998,0.8165,1.2472,0.0,4.1096
mode=stablequeue2s_blocking=0_defpreempt=1,nodes=16_prio=4_arrival=16s,3,7199.5601,0.8444,0.833,0.854,0.8441,0.8795,0.8915,238396.4911,176116.0681,163046.5772,133525.8761,625.3333,240.0,208.6667,148.0,1.1911,3.7361,0.1299,0.1065,0.0675,209.6667,44.0,3.0,162.6667,0.0,47.0,0.3893,0.0493,0.0385,0.0487,0.0435,0.0019,0.0013,17701.7535,35214.8829,47605.7234,24737.7929,94.1535,18.0555,4.9216,6.9761,0.5712,2.1406,0.013,0.0247,0.0249,69.4422,13.9523,2.1602,55.9543,0.0,13.4907
mode=stablequeue2s_blocking=0_defpreempt=1,nodes=16_prio=4_arrival=4s,3,7199.5302,0.8445,0.802,0.8639,0.819,0.8696,0.8909,236555.6006,175431.9546,177215.1627,128542.1114,2068.0,948.6667,787.6667,629.6667,0.4973,1.4048,0.1077,0.102,0.0932,395.6667,91.6667,2.3333,301.6667,0.3333,93.6667,0.1947,0.0312,0.0436,0.0305,0.0501,0.0012,0.0007,18543.4709,7358.3647,19375.3232,24809.2942,71.2227,72.6927,26.386,28.1109,0.1702,0.5452,0.0218,0.0098,0.0117,179.9747,6.7987,1.2472,174.2916,0.4714,5.2493
mode=stablequeue2s_blocking=0_defpreempt=1,nodes=16_prio=4_arrival=8s,3,7199.7735,0.8425,0.8211,0.8536,0.8331,0.8775,0.8917,239810.3455,181696.6492,172494.9799,126997.332,1098.6667,449.6667,380.3333,285.0,0.5595,1.5842,0.1094,0.0991,0.0992,245.6667,66.6667,2.6667,176.3333,0.0,69.3333,0.1373,0.0471,0.0548,0.0475,0.0606,0.0029,0.0009,22988.3687,32352.4319,36724.5845,22045.9967,101.7393,35.7802,23.1565,24.59,0.0944,0.3761,0.0291,0.0099,0.0173,73.9384,10.6562,1.2472,66.0421,0.0,10.2089
mode=stablequeue2s_blocking=0_defpreempt=1,nodes=32_prio=1_arrival=16s,3,7199.4433,0.882,0.81,0.8919,0.8154,0.8862,0.8962,1568257.5339,0.0,0.0,0.0,838.6667,0.0,0.0,0.0,5.9436,5.9436,,,,160.0,20.6667,0.0,139.3333,0.0,20.6667,0.2605,0.0062,0.0557,0.005,0.0559,0.0086,0.0065,94306.641,0.0,0.0,0.0,91.5217,0.0,0.0,0.0,1.4917,1.4917,,,,17.1075,3.6818,0.0,18.7853,0.0,3.6818
mode=stablequeue2s_blocking=0_defpreempt=1,nodes=32_prio=1_arrival=4s,3,7199.4885,0.8793,0.7919,0.891,0.8002,0.8803,0.8924,1541274.5747,0.0,0.0,0.0,3062.0,0.0,0.0,0.0,1.877,1.877,,,,271.0,37.6667,0.0,233.3333,0.0,37.6667,0.1016,0.002,0.0479,0.0011,0.0509,0.0016,0.0001,97110.9409,0.0,0.0,0.0,85.4673,0.0,0.0,0.0,0.5439,0.5439,,,,35.5622,3.2998,0.0,38.0555,0.0,3.2998
mode=stablequeue2s_blocking=0_defpreempt=1,nodes=32_prio=1_arrival=8s,3,7199.4328,0.8762,0.8003,0.8892,0.8097,0.878,0.8915,1566841.9122,0.0,0.0,0.0,1568.3333,0.0,0.0,0.0,4.5358,4.5358,,,,212.6667,24.3333,0.0,188.3333,0.0,24.3333,0.3388,0.0024,0.0505,0.0014,0.053,0.0025,0.0005,92454.7817,0.0,0.0,0.0,64.7113,0.0,0.0,0.0,0.1017,0.1017,,,,14.4299,4.0277,0.0,10.403,0.0,4.0277
mode=stablequeue2s_blocking=0_defpreempt=1,nodes=32_prio=4_arrival=16s,3,7199.5322,0.8604,0.8214,0.8649,0.8252,0.8869,0.8918,510364.5084,372623.6851,336810.0445,262067.2971,505.3333,242.0,212.6667,149.0,0.8399,2.5603,0.0639,0.0562,0.0913,95.6667,26.6667,1.6667,67.3333,0.0,28.3333,0.189,0.0369,0.05,0.0386,0.0502,0.0005,0.0006,59147.579,54812.6245,68866.2529,40508.4223,44.4997,19.9499,8.5765,9.2736,0.3303,1.3229,0.0217,0.0014,0.021,6.7987,3.8586,1.6997,10.873,0.0,4.1096
mode=stablequeue2s_blocking=0_defpreempt=1,nodes=32_prio=4_arrival=4s,3,7199.2434,0.8646,0.8148,0.8729,0.8215,0.8824,0.8915,508452.7757,369571.883,371099.6849,270410.0727,1729.3333,944.0,779.6667,631.6667,0.4,1.0788,0.0792,0.0875,0.0719,240.3333,54.3333,1.6667,184.3333,0.0,56.0,0.1313,0.024,0.05,0.025,0.0517,0.0009,0.0015,56381.1894,33508.0205,41274.0562,39578.8655,120.439,65.335,26.386,27.256,0.0516,0.1591,0.0142,0.0193,0.006,18.625,6.549,1.6997,17.4611,0.0,6.4807
mode=stablequeue2s_blocking=0_defpreempt=1,nodes=32_prio=4_arrival=8s,3,7199.5422,0.8605,0.8245,0.8669,0.8314,0.8832,0.8916,515168.0738,375182.6148,354433.1306,263065.6412,874.0,448.6667,382.6667,285.6667,0.6022,1.714,0.0774,0.0722,0.073,160.6667,33.0,2.3333,125.3333,0.0,35.3333,0.1957,0.0339,0.0509,0.0334,0.0545,0.0029,0.001,66122.6644,60491.6148,66098.0151,42777.6228,70.5266,34.9221,21.4528,17.2111,0.1735,0.5061,0.018,0.0068,0.0289,17.2498,8.8318,1.2472,15.2825,0.0,7.8457
mode=stablequeue2s_blocking=1_defpreempt=0,nodes=16_prio=1_arrival=16s,3,7199.3125,0.8821,0.7959,0.8908,0.802,0.8929,0.902,775100.1405,0.0,0.0,0.0,823.6667,0.0,0.0,0.0,3.3505,3.3505,,,,147.3333,33.3333,4.0,110.0,0.0,37.3333,0.1726,0.0108,0.0767,0.0136,0.0762,0.0063,0.0079,65848.1457,0.0,0.0,0.0,94.3198,0.0,0.0,0.0,0.3948,0.3948,,,,42.6328,5.4365,1.633,36.1109,0.0,6.9442
mode=stablequeue2s_blocking=1_defpreempt=0,nodes=16_prio=1_arrival=4s,3,7199.3646,0.8667,0.7777,0.883,0.7906,0.8742,0.8915,752154.5405,0.0,0.0,0.0,2889.6667,0.0,0.0,0.0,1.7102,1.7102,,,,244.0,55.3333,2.0,186.6667,0.0,57.3333,0.1902,0.0078,0.0774,0.0067,0.081,0.0015,0.0007,72437.0115,0.0,0.0,0.0,103.1191,0.0,0.0,0.0,0.4164,0.4164,,,,10.9848,3.2998,1.633,11.9536,0.0,1.6997
mode=stablequeue2s_blocking=1_defpreempt=0,nodes=16_prio=1_arrival=8s,3,7199.5735,0.8715,0.7898,0.8825,0.7998,0.8823,0.8944,768875.7839,0.0,0.0,0.0,1512.0,0.0,0.0,0.0,2.6606,2.6606,,,,205.6667,50.6667,0.6667,154.3333,0.0,51.3333,0.0814,0.0122,0.0874,0.0124,0.0895,0.0035,0.0032,72327.9241,0.0,0.0,0.0,74.7841,0.0,0.0,0.0,0.3165,0.3165,,,,8.9567,5.7927,0.9428,3.6818,0.0,6.549
mode=stablequeue2s_blocking=1_defpreempt=0,nodes=16_prio=4_arrival=16s,3,7199.4797,0.8427,0.8329,0.8541,0.8442,0.8788,0.8916,241224.4299,174823.7969,161398.2443,132916.1144,391.6667,197.6667,170.6667,127.0,4.9363,5.0849,4.0876,6.2486,3.6089,233.3333,43.3333,4.3333,185.6667,0.0,47.6667,0.2647,0.0499,0.0392,0.0487,0.0435,0.0019,0.0013,19317.0514,35030.6763,47736.045,24516.2217,44.2141,29.1014,14.7271,4.5461,2.2202,3.3013,1.6732,3.7981,2.7745,73.459,2.8674,1.2472,71.4718,0.0,3.8586
mode=stablequeue2s_blocking=1_defpreempt=0,nodes=16_prio=4_arrival=4s,3,7199.5911,0.8478,0.8059,0.8648,0.8198,0.874,0.8918,242247.0028,173253.5545,175310.2543,126974.7824,1217.3333,753.6667,643.6667,516.6667,1.8376,2.1787,1.5758,1.6138,1.8542,278.0,80.6667,1.3333,196.0,0.0,82.0,0.2244,0.0326,0.0477,0.0303,0.0502,0.0029,0.0009,19303.7768,7103.05,20008.8337,24907.8747,79.4663,55.7036,17.9877,27.9563,0.3844,0.6105,0.3113,0.3632,0.3263,28.6473,6.3421,1.2472,26.6208,0.0,5.099
mode=stablequeue2s_blocking=1_defpreempt=0,nodes=16_prio=4_arrival=8s,3,7199.478,0.8429,0.8228,0.8539,0.8335,0.8794,0.892,242757.9175,180060.4749,170998.1406,125832.8503,632.0,350.6667,299.6667,226.3333,2.9725,3.3578,2.8205,2.1887,3.3962,225.3333,61.6667,2.3333,161.3333,0.0,64.0,0.2877,0.0476,0.0573,0.0474,0.0607,0.0023,0.0009,23640.5616,32060.2538,37234.0638,21813.4725,90.6017,34.2669,37.677,23.0988,0.8031,1.4603,0.3753,0.5018,1.4718,36.3532,14.522,1.2472,27.0103,0.0,13.9523
mode=stablequeue2s_blocking=1_defpreempt=0,nodes=32_prio=1_arrival=16s,3,7199.4465,0.88,0.8091,0.8919,0.8154,0.8842,0.8961,1566939.1499,0.0,0.0,0.0,835.0,0.0,0.0,0.0,7.0034,7.0034,,,,176.6667,18.6667,0.6667,157.3333,0.0,19.3333,0.3179,0.0066,0.0547,0.005,0.0559,0.0084,0.0065,93111.1661,0.0,0.0,0.0,89.5805,0.0,0.0,0.0,0.4334,0.4334,,,,10.9646,6.9442,0.4714,5.3125,0.0,7.3636
mode=stablequeue2s_blocking=1_defpreempt=0,nodes=32_prio=1_arrival=4s,3,7199.8507,0.8796,0.7919,0.8909,0.8001,0.8805,0.8924,1541382.3983,0.0,0.0,0.0,3057.6667,0.0,0.0,0.0,1.8251,1.8251,,,,279.3333,41.6667,0.0,237.6667,0.0,41.6667,0.0766,0.0029,0.0476,0.0011,0.051,0.0023,0.0001,96678.4893,0.0,0.0,0.0,81.25,0.0,0.0,0.0,0.5169,0.5169,,,,38.5775,4.9889,0.0,34.8361,0.0,4.9889
mode=stablequeue2s_blocking=1_defpreempt=0,nodes=32_prio=1_arrival=8s,3,7198.6589,0.8776,0.8017,0.8892,0.8097,0.8795,0.8915,1567909.7832,0.0,0.0,0.0,1567.3333,0.0,0.0,0.0,4.0564,4.0564,,,,220.3333,23.6667,0.3333,196.3333,0.0,24.0,1.0755,0.0016,0.0516,0.0014,0.053,0.0012,0.0005,92630.9514,0.0,0.0,0.0,58.4542,0.0,0.0,0.0,0.8955,0.8955,,,,7.0396,1.8856,0.4714,8.0554,0.0,2.1602
mode=stablequeue2s_blocking=1_defpreempt=0,nodes=32_prio=4_arrival=16s,3,7199.3792,0.8599,0.8218,0.8649,0.8253,0.8868,0.8918,512803.9059,371717.7308,335528.135,261262.8463,369.3333,218.6667,192.0,132.6667,4.0073,4.8608,2.7004,4.5858,3.5366,106.6667,26.6667,2.0,78.0,0.0,28.6667,0.3286,0.0367,0.0505,0.0386,0.0502,0.0013,0.0006,60250.6636,55161.2221,68583.0444,40299.861,43.9267,26.234,6.4807,7.1336,1.1951,1.9403,1.3894,0.9671,3.5028,13.2749,2.8674,0.0,13.9523,0.0,2.8674
mode=stablequeue2s_blocking=1_defpreempt=0,nodes=32_prio=4_arrival=4s,3,7199.4025,0.8657,0.816,0.8732,0.8218,0.8837,0.8918,513119.8788,367339.6583,369649.6685,269350.4725,1217.6667,816.0,692.3333,562.6667,1.2731,1.4569,1.2239,1.2726,0.9905,224.3333,52.0,0.6667,171.6667,0.0,52.6667,0.2139,0.0243,0.05,0.0249,0.0517,0.001,0.0015,57331.1704,33265.7388,41065.8125,39634.4354,109.3171,84.8096,23.3,30.401,0.343,0.4216,0.287,0.4677,0.1735,26.0811,6.377,0.9428,24.1431,0.0,7.3182
mode=stablequeue2s_blocking=1_defpreempt=0,nodes=32_prio=4_arrival=8s,3,7199.2976,0.8607,0.8254,0.867,0.8315,0.8839,0.8917,518606.7878,373879.6871,352647.4966,261985.5024,616.0,397.0,331.6667,247.0,2.4713,2.6726,1.8717,2.8222,2.5409,169.0,33.3333,2.0,133.6667,0.0,35.3333,0.3236,0.0331,0.052,0.0334,0.0545,0.0018,0.001,66026.7289,60389.2924,66469.8745,42596.6708,66.6483,41.2068,39.6849,18.8326,0.4159,1.1523,0.3114,0.7007,0.5615,7.0711,2.0548,2.1602,9.4634,0.0,2.4944
mode=stablequeue2s_blocking=1_defpreempt=1,nodes=16_prio=1_arrival=16s,3,7199.4622,0.8819,0.7953,0.8908,0.802,0.8927,0.902,774554.1118,0.0,0.0,0.0,809.0,0.0,0.0,0.0,4.2078,4.2078,,,,161.0,38.0,2.0,121.0,0.0,40.0,0.2872,0.0116,0.0761,0.0137,0.0761,0.0068,0.0079,65748.1471,0.0,0.0,0.0,92.5239,0.0,0.0,0.0,0.6856,0.6856,,,,38.5054,4.5461,2.1602,31.8224,0.0,6.6833
mode=stablequeue2s_blocking=1_defpreempt=1,nodes=16_prio=1_arrival=4s,3,7199.646,0.8666,0.778,0.883,0.7905,0.8742,0.8915,752447.3322,0.0,0.0,0.0,2919.0,0.0,0.0,0.0,1.6519,1.6519,,,,246.3333,60.0,2.0,184.3333,0.0,62.0,0.2436,0.0079,0.0777,0.0068,0.0809,0.0017,0.0007,72625.4668,0.0,0.0,0.0,79.3137,0.0,0.0,0.0,0.3063,0.3063,,,,14.7045,3.559,1.4142,14.0791,0.0,2.9439
mode=stablequeue2s_blocking=1_defpreempt=1,nodes=16_prio=1_arrival=8s,3,7199.4404,0.8718,0.7908,0.8825,0.7999,0.8828,0.8944,769394.4519,0.0,0.0,0.0,1519.6667,0.0,0.0,0.0,2.424,2.424,,,,190.0,49.0,0.6667,140.3333,0.0,49.6667,0.3826,0.0123,0.088,0.0122,0.0897,0.0032,0.003,72294.3498,0.0,0.0,0.0,107.1271,0.0,0.0,0.0,0.4117,0.4117,,,,9.2014,4.3205,0.9428,13.0213,0.0,5.2493
mode=stablequeue2s_blocking=1_defpreempt=1,nodes=16_prio=4_arrival=16s,3,7199.5269,0.8434,0.8313,0.8539,0.8441,0.8778,0.8914,237717.6645,176091.6427,163028.7284,133525.3896,631.0,240.3333,209.3333,148.3333,1.1723,3.6563,0.1047,0.1282,0.1028,238.3333,47.6667,5.0,185.6667,0.0,52.6667,0.3982,0.0502,0.037,0.0488,0.0434,0.0035,0.0013,18369.0798,35243.2065,47603.1815,24736.113,82.8533,19.2931,4.1899,7.0396,0.4207,1.6871,0.0069,0.0058,0.0375,84.5748,13.9124,2.1602,70.5045,0.0,15.9234
mode=stablequeue2s_blocking=1_defpreempt=1,nodes=16_prio=4_arrival=4s,3,7199.3667,0.8459,0.8036,0.8639,0.819,0.8714,0.891,237474.9344,175432.0031,177229.1958,128553.6627,2033.3333,950.3333,788.3333,629.3333,0.4319,1.1933,0.0948,0.0727,0.0924,352.3333,92.6667,1.6667,258.0,0.0,94.3333,0.0433,0.0321,0.0447,0.0305,0.0502,0.0021,0.0007,18868.7056,7349.8588,19401.521,24834.2256,135.8856,70.9804,26.7125,31.0519,0.1195,0.3235,0.0286,0.0227,0.0099,135.0169,15.0849,2.357,120.9738,0.0,14.0554
mode=stablequeue2s_blocking=1_defpreempt=1,nodes=16_prio=4_arrival=8s,3,7199.254,0.842,0.8202,0.8536,0.8333,0.8764,0.8917,239459.6601,181696.7592,172502.7561,127007.127,1089.3333,448.0,379.6667,284.3333,0.659,1.9098,0.0965,0.0944,0.0969,324.3333,69.0,3.0,252.3333,0.0,72.0,0.0947,0.0469,0.0543,0.0475,0.0606,0.0038,0.0008,23050.6433,32366.4121,36714.0268,22032.5867,79.6674,34.7083,23.3286,24.797,0.1941,0.6629,0.0092,0.0049,0.0207,145.0892,9.4163,1.4142,138.3747,0.0,8.5245
mode=stablequeue2s_blocking=1_defpreempt=1,nodes=32_prio=1_arrival=16s,3,7199.6256,0.8828,0.8103,0.8919,0.8155,0.8869,0.8962,1568487.2835,0.0,0.0,0.0,839.0,0.0,0.0,0.0,5.8308,5.8308,,,,150.6667,20.0,0.3333,130.3333,0.0,20.3333,0.1571,0.0065,0.0562,0.0049,0.0559,0.0088,0.0065,94932.3272,0.0,0.0,0.0,79.4019,0.0,0.0,0.0,0.7625,0.7625,,,,19.754,5.7155,0.4714,24.5266,0.0,6.1283
mode=stablequeue2s_blocking=1_defpreempt=1,nodes=32_prio=1_arrival=4s,3,7199.5747,0.8794,0.7914,0.8909,0.8,0.8802,0.8923,1540930.0158,0.0,0.0,0.0,3050.3333,0.0,0.0,0.0,1.971,1.971,,,,272.3333,40.3333,0.0,232.0,0.0,40.3333,0.181,0.0017,0.0476,0.0011,0.0509,0.0012,0.0,96934.079,0.0,0.0,0.0,86.5884,0.0,0.0,0.0,0.6549,0.6549,,,,31.5101,1.6997,0.0,30.0111,0.0,1.6997
mode=stablequeue2s_blocking=1_defpreempt=1,nodes=32_prio=1_arrival=8s,3,7199.5214,0.8767,0.8009,0.8893,0.8096,0.8785,0.8915,1567467.0977,0.0,0.0,0.0,1572.0,0.0,0.0,0.0,3.8551,3.8551,,,,216.3333,26.3333,0.3333,189.6667,0.0,26.6667,0.4274,0.0028,0.0508,0.0014,0.053,0.002,0.0006,92285.1258,0.0,0.0,0.0,55.0697,0.0,0.0,0.0,0.6799,0.6799,,,,3.0912,3.2998,0.4714,5.4365,0.0,3.3993
mode=stablequeue2s_blocking=1_defpreempt=1,nodes=32_prio=4_arrival=16s,3,7199.7968,0.8608,0.8218,0.8648,0.8252,0.8872,0.8918,510722.7186,372618.9944,336832.9133,262084.5169,507.3333,242.0,213.0,149.0,0.7892,2.4042,0.073,0.0687,0.0464,99.6667,26.3333,3.3333,70.0,0.0,29.6667,0.1269,0.0369,0.0499,0.0386,0.0502,0.0007,0.0006,59477.607,54823.2174,68864.271,40532.1488,43.7594,19.9499,8.9815,9.4163,0.3425,1.2985,0.0191,0.0151,0.0238,6.7987,5.3125,1.2472,10.7083,0.0,4.1096
mode=stablequeue2s_blocking=1_defpreempt=1,nodes=32_prio=4_arrival=4s,3,7199.3768,0.8651,0.8152,0.873,0.8216,0.8826,0.8915,508849.9835,369615.9725,371121.1279,270401.5634,1733.6667,943.0,782.0,630.0,0.3664,0.9874,0.073,0.0649,0.0773,228.0,56.6667,1.6667,169.6667,0.0,58.3333,0.1796,0.0247,0.0494,0.0249,0.0517,0.0003,0.0015,56843.8232,33482.4836,41283.6353,39576.2579,109.442,66.5883,24.7117,29.0631,0.0552,0.1731,0.0049,0.0092,0.009,4.3205,8.2192,1.6997,10.0775,0.0,6.549
mode=stablequeue2s_blocking=1_defpreempt=1,nodes=32_prio=4_arrival=8s,3,7199.482,0.8599,0.8236,0.8669,0.8314,0.8825,0.8916,514414.845,375250.3309,354416.7312,263052.7359,882.0,446.3333,381.0,285.0,0.5305,1.4962,0.0824,0.0683,0.064,158.0,35.6667,0.6667,121.6667,0.0,36.3333,0.3759,0.0348,0.05,0.0334,0.0545,0.0035,0.001,65751.3522,60440.9904,66090.8396,42777.1049,74.135,34.4125,23.7627,17.9072,0.1552,0.5001,0.0083,0.0123,0.0129,9.4163,3.2998,0.9428,11.6142,0.0,4.1899
