job_name,plugin_config,n_seed,T_end_s_mean,delta_cpu_run_util_mean,delta_mem_run_util_mean,delta_util_eff_run_mean,delta_R_p1_mean,delta_R_p2_mean,delta_R_p3_mean,delta_R_p4_mean,delta_R_total_mean,delta_D_p1_mean,delta_D_p2_mean,delta_D_p3_mean,delta_D_p4_mean,delta_D_total_mean,delta_latency_s_p1_mean,delta_latency_s_p2_mean,delta_latency_s_p3_mean,delta_latency_s_p4_mean,delta_latency_s_total_mean,solver_attempts_mean,solver_optimal_mean,solver_feasible_mean,solver_failed_mean,plan_not_applicable_mean,plan_activated_mean
nodes=16_prio=1_arrival=16s,mode=periodic8s_blocking=0_defpreempt=0,3,7199.6302,0.035,0.0168,0.0345,1.4003,0.0,0.0,0.0,1.4003,20.0,,,,20.0,-4.4416,,,,-4.4416,52.0,24.0,4.0,24.0,0.0,28.0
nodes=16_prio=1_arrival=16s,mode=periodic8s_blocking=0_defpreempt=1,3,7199.4107,0.0339,0.0155,0.0333,1.2894,0.0,0.0,0.0,1.2894,27.3333,,,,27.3333,-3.5828,,,,-3.5828,53.6667,23.3333,4.0,26.3333,0.0,27.3333
nodes=16_prio=1_arrival=16s,mode=periodic8s_blocking=1_defpreempt=0,3,7199.3249,0.0343,0.0157,0.0338,1.2974,0.0,0.0,0.0,1.2974,19.6667,,,,19.6667,-3.3926,,,,-3.3926,54.0,24.6667,3.6667,25.6667,0.0,28.3333
nodes=16_prio=1_arrival=16s,mode=periodic8s_blocking=1_defpreempt=1,3,7199.3973,0.0345,0.0162,0.034,1.3575,0.0,0.0,0.0,1.3575,35.0,,,,35.0,-4.0233,,,,-4.0233,54.0,26.0,4.0,24.0,0.0,30.0
nodes=16_prio=1_arrival=16s,mode=schedulingfailure_blocking=0_defpreempt=0,3,7199.7092,0.034,0.0152,0.0336,1.1162,0.0,0.0,0.0,1.1162,-11.6667,,,,-11.6667,-2.57,,,,-2.57,119.0,55.0,9.3333,54.6667,0.3333,64.0
nodes=16_prio=1_arrival=16s,mode=stablequeue2s_blocking=0_defpreempt=0,3,7199.5601,0.0355,0.0166,0.0349,1.4067,0.0,0.0,0.0,1.4067,69.6667,,,,69.6667,-4.0078,,,,-4.0078,175.0,36.6667,2.3333,136.0,0.0,39.0
nodes=16_prio=1_arrival=16s,mode=stablequeue2s_blocking=0_defpreempt=1,3,7199.5707,0.0346,0.0165,0.0342,1.3643,0.0,0.0,0.0,1.3643,52.6667,,,,52.6667,-3.5974,,,,-3.5974,155.0,37.6667,2.6667,114.6667,0.0,40.3333
nodes=16_prio=1_arrival=16s,mode=stablequeue2s_blocking=1_defpreempt=0,3,7199.3125,0.0357,0.0176,0.0354,1.4639,0.0,0.0,0.0,1.4639,65.0,,,,65.0,-4.5592,,,,-4.5592,147.3333,33.3333,4.0,110.0,0.0,37.3333
nodes=16_prio=1_arrival=16s,mode=stablequeue2s_blocking=1_defpreempt=1,3,7199.4622,0.0355,0.017,0.0353,1.3861,0.0,0.0,0.0,1.3861,50.3333,,,,50.3333,-3.8263,,,,-3.8263,161.0,38.0,2.0,121.0,0.0,40.0
nodes=16_prio=1_arrival=4s,mode=periodic8s_blocking=0_defpreempt=0,3,7199.5662,0.0186,0.0042,0.0186,0.4857,0.0,0.0,0.0,0.4857,-29.6667,,,,-29.6667,-0.1466,,,,-0.1466,44.6667,29.6667,3.0,12.0,0.0,32.6667
nodes=16_prio=1_arrival=4s,mode=periodic8s_blocking=0_defpreempt=1,3,7199.3847,0.0178,0.0048,0.0181,0.5138,0.0,0.0,0.0,0.5138,-9.0,,,,-9.0,-0.264,,,,-0.264,44.0,28.3333,1.6667,14.0,0.0,30.0
nodes=16_prio=1_arrival=4s,mode=periodic8s_blocking=1_defpreempt=0,3,7199.315,0.0181,0.0042,0.0183,0.4772,0.0,0.0,0.0,0.4772,-62.6667,,,,-62.6667,-0.1758,,,,-0.1758,43.6667,27.0,1.6667,15.0,0.0,28.6667
nodes=16_prio=1_arrival=4s,mode=periodic8s_blocking=1_defpreempt=1,3,7199.3257,0.0167,0.0032,0.0169,0.4053,0.0,0.0,0.0,0.4053,-59.3333,,,,-59.3333,-0.0916,,,,-0.0916,47.0,28.6667,3.0,15.3333,0.0,31.6667
nodes=16_prio=1_arrival=4s,mode=schedulingfailure_blocking=0_defpreempt=0,3,7198.8946,0.0126,0.0118,0.0188,-0.2499,0.0,0.0,0.0,-0.2499,-571.0,,,,-571.0,2.5461,,,,2.5461,232.0,117.0,27.0,88.0,2.0,142.0
nodes=16_prio=1_arrival=4s,mode=stablequeue2s_blocking=0_defpreempt=0,3,7199.4232,0.0195,0.006,0.0199,0.6168,0.0,0.0,0.0,0.6168,79.3333,,,,79.3333,-0.3513,,,,-0.3513,254.0,55.3333,1.0,197.6667,0.0,56.3333
nodes=16_prio=1_arrival=4s,mode=stablequeue2s_blocking=0_defpreempt=1,3,7199.6758,0.0191,0.0064,0.0197,0.6113,0.0,0.0,0.0,0.6113,68.6667,,,,68.6667,-0.3445,,,,-0.3445,249.3333,53.0,1.0,195.3333,0.0,54.0
nodes=16_prio=1_arrival=4s,mode=stablequeue2s_blocking=1_defpreempt=0,3,7199.3646,0.0207,0.0062,0.0211,0.6239,0.0,0.0,0.0,0.6239,46.3333,,,,46.3333,-0.2583,,,,-0.2583,244.0,55.3333,2.0,186.6667,0.0,57.3333
nodes=16_prio=1_arrival=4s,mode=stablequeue2s_blocking=1_defpreempt=1,3,7199.6084,0.0206,0.0066,0.0211,0.66,0.0,0.0,0.0,0.66,75.6667,,,,75.6667,-0.3037,,,,-0.3037,246.3333,60.0,2.0,184.3333,0.0,62.0
nodes=16_prio=1_arrival=8s,mode=periodic8s_blocking=0_defpreempt=0,3,7199.2006,0.021,0.0088,0.0211,0.8146,0.0,0.0,0.0,0.8146,17.0,,,,17.0,-0.426,,,,-0.426,43.0,25.0,2.6667,15.3333,0.0,27.6667
nodes=16_prio=1_arrival=8s,mode=periodic8s_blocking=0_defpreempt=1,3,7199.4697,0.0222,0.0089,0.0221,0.8624,0.0,0.0,0.0,0.8624,23.0,,,,23.0,-0.618,,,,-0.618,43.3333,27.6667,2.3333,13.3333,0.0,30.0
nodes=16_prio=1_arrival=8s,mode=periodic8s_blocking=1_defpreempt=0,3,7199.7456,0.0213,0.0079,0.0215,0.756,0.0,0.0,0.0,0.756,6.6667,,,,6.6667,-0.2204,,,,-0.2204,45.0,25.3333,2.3333,17.3333,0.0,27.6667
nodes=16_prio=1_arrival=8s,mode=periodic8s_blocking=1_defpreempt=1,3,7199.3863,0.0211,0.0078,0.0212,0.7845,0.0,0.0,0.0,0.7845,32.6667,,,,32.6667,-0.3729,,,,-0.3729,42.6667,25.3333,2.6667,14.6667,0.0,28.0
nodes=16_prio=1_arrival=8s,mode=schedulingfailure_blocking=0_defpreempt=0,3,7199.7292,0.0193,0.0068,0.0198,0.3057,0.0,0.0,0.0,0.3057,-83.6667,,,,-83.6667,1.641,,,,1.641,160.6667,87.0,15.0,58.6667,1.3333,100.6667
nodes=16_prio=1_arrival=8s,mode=stablequeue2s_blocking=0_defpreempt=0,3,7199.2747,0.0233,0.0101,0.0235,0.9496,0.0,0.0,0.0,0.9496,102.3333,,,,102.3333,-0.6311,,,,-0.6311,192.3333,50.0,1.6667,140.6667,0.0,51.6667
nodes=16_prio=1_arrival=8s,mode=stablequeue2s_blocking=0_defpreempt=1,3,7199.4976,0.0231,0.0101,0.0235,0.9118,0.0,0.0,0.0,0.9118,83.0,,,,83.0,-0.5714,,,,-0.5714,195.0,49.3333,2.0,143.6667,0.0,51.3333
nodes=16_prio=1_arrival=8s,mode=stablequeue2s_blocking=1_defpreempt=0,3,7199.5735,0.0232,0.0097,0.0233,0.9108,0.0,0.0,0.0,0.9108,99.0,,,,99.0,-0.6058,,,,-0.6058,205.6667,50.6667,0.6667,154.3333,0.0,51.3333
nodes=16_prio=1_arrival=8s,mode=stablequeue2s_blocking=1_defpreempt=1,3,7199.3799,0.0233,0.0107,0.0238,0.9847,0.0,0.0,0.0,0.9847,106.6667,,,,106.6667,-0.7764,,,,-0.7764,190.0,49.0,0.6667,140.3333,0.0,49.6667
nodes=16_prio=4_arrival=16s,mode=periodic8s_blocking=0_defpreempt=0,3,7199.4997,0.0123,0.0136,0.0171,1.1583,-0.2061,-0.2705,-0.1524,0.5292,-127.6667,-59.6667,-48.3333,-29.6667,-265.3333,3.6806,4.1764,6.9652,5.9117,5.1713,54.0,26.6667,2.6667,24.6667,0.0,29.3333
nodes=16_prio=4_arrival=16s,mode=periodic8s_blocking=0_defpreempt=1,3,7199.6016,0.0127,0.0118,0.015,0.6945,-0.0082,-0.0041,-0.0015,0.6807,113.0,-2.6667,-0.6667,-0.3333,109.3333,-0.9203,0.1244,0.0514,0.0582,-0.1903,74.0,28.0,4.0,42.0,0.0,32.0
nodes=16_prio=4_arrival=16s,mode=periodic8s_blocking=1_defpreempt=0,3,7199.1815,0.0128,0.0139,0.0173,1.2244,-0.2066,-0.2827,-0.1366,0.5985,-128.0,-48.6667,-48.0,-26.0,-250.6667,2.1229,4.3039,7.4867,5.3184,4.6895,50.3333,23.3333,2.0,25.0,0.0,25.3333
nodes=16_prio=4_arrival=16s,mode=periodic8s_blocking=1_defpreempt=1,3,7199.3829,0.0152,0.0145,0.018,0.8763,-0.0013,-0.003,-0.0007,0.8713,119.6667,-1.3333,-0.6667,0.0,117.6667,-2.0261,0.0264,0.0112,0.0305,-0.53,61.3333,29.6667,5.6667,26.0,0.0,35.3333
nodes=16_prio=4_arrival=16s,mode=schedulingfailure_blocking=0_defpreempt=0,3,7199.3981,0.0133,0.0151,0.0178,1.0625,-0.2178,-0.1972,-0.1479,0.4997,-33.6667,-68.0,-62.0,-33.3333,-197.0,5.6471,5.9989,5.3425,6.5114,5.7684,124.0,63.3333,7.3333,53.3333,0.3333,70.3333
nodes=16_prio=4_arrival=16s,mode=stablequeue2s_blocking=0_defpreempt=0,3,7199.4735,0.0149,0.0163,0.0194,1.2239,-0.1456,-0.1547,-0.1008,0.8228,-65.6667,-43.3333,-39.3333,-23.6667,-172.0,-0.345,3.4968,3.7827,4.1071,2.5457,215.6667,47.3333,3.3333,165.0,0.0,50.6667
nodes=16_prio=4_arrival=16s,mode=stablequeue2s_blocking=0_defpreempt=1,3,7199.3715,0.0157,0.0153,0.0188,0.9071,-0.0032,-0.0025,-0.0012,0.9002,173.6667,-2.3333,-1.6667,-0.6667,169.0,-2.0649,0.0296,0.0237,-0.024,-0.5732,209.6667,44.0,3.0,162.6667,0.0,47.0
nodes=16_prio=4_arrival=16s,mode=stablequeue2s_blocking=1_defpreempt=0,3,7199.4574,0.0139,0.0152,0.0182,1.3002,-0.1828,-0.2307,-0.0856,0.801,-60.0,-44.6667,-39.6667,-21.6667,-166.0,-0.7015,3.9952,6.1898,3.5452,3.1606,233.3333,43.3333,4.3333,185.6667,0.0,47.6667
nodes=16_prio=4_arrival=16s,mode=stablequeue2s_blocking=1_defpreempt=1,3,7199.2639,0.0147,0.0136,0.0172,0.8127,-0.0067,-0.0048,-0.0011,0.8001,179.3333,-2.0,-1.0,-0.3333,176.0,-1.7255,0.0017,0.0456,0.0116,-0.4696,238.3333,47.6667,5.0,185.6667,0.0,52.6667
nodes=16_prio=4_arrival=4s,mode=periodic8s_blocking=0_defpreempt=0,3,7199.6766,0.0097,0.0091,0.0125,1.1954,-0.3613,-0.345,-0.2595,0.2296,-600.3333,-208.6667,-147.0,-131.3333,-1087.3333,0.8087,1.7287,2.1065,1.8254,1.5378,51.6667,39.0,1.3333,11.3333,0.0,40.3333
nodes=16_prio=4_arrival=4s,mode=periodic8s_blocking=0_defpreempt=1,3,7199.7326,0.0087,0.0068,0.01,0.4196,-0.0072,-0.0085,-0.0031,0.4007,216.6667,-7.0,-4.0,-4.3333,201.3333,-0.2032,0.0375,0.0322,0.0251,-0.0385,72.6667,50.3333,2.6667,19.6667,0.0,53.0
nodes=16_prio=4_arrival=4s,mode=periodic8s_blocking=1_defpreempt=0,3,7199.4079,0.0095,0.009,0.0123,1.1744,-0.3714,-0.3635,-0.256,0.1835,-611.3333,-214.6667,-159.6667,-130.6667,-1116.3333,0.9245,1.8629,2.0723,1.8145,1.5934,54.3333,40.3333,1.3333,12.6667,0.0,41.6667
nodes=16_prio=4_arrival=4s,mode=periodic8s_blocking=1_defpreempt=1,3,7199.8293,0.0094,0.0074,0.011,0.4578,-0.0051,-0.0056,-0.0038,0.4433,190.3333,-4.3333,-1.6667,-6.6667,177.6667,-0.2085,0.0336,0.0255,0.0251,-0.0419,66.3333,49.3333,1.6667,15.3333,0.0,51.0
nodes=16_prio=4_arrival=4s,mode=schedulingfailure_blocking=0_defpreempt=0,3,7199.7035,0.0056,0.0046,0.0088,0.7593,-0.6285,-0.4628,-0.326,-0.658,-422.3333,-353.0,-253.0,-192.3333,-1220.6667,2.5675,3.7107,3.5835,3.1037,3.19,296.0,175.0,17.6667,103.3333,3.0,189.6667
nodes=16_prio=4_arrival=4s,mode=stablequeue2s_blocking=0_defpreempt=0,3,7199.3877,0.0134,0.0124,0.0165,1.2804,-0.2924,-0.2639,-0.2245,0.4995,-472.6667,-189.6667,-134.6667,-113.6667,-910.6667,0.5518,1.3847,1.5586,1.7988,1.2278,325.6667,77.6667,1.0,247.0,0.0,78.6667
nodes=16_prio=4_arrival=4s,mode=stablequeue2s_blocking=0_defpreempt=1,3,7199.5302,0.0108,0.0083,0.0124,0.4922,-0.0091,-0.0108,-0.0044,0.4679,389.6667,-0.3333,-0.6667,-2.6667,386.0,-0.1792,0.0188,0.0169,0.0211,-0.0427,395.6667,91.6667,2.3333,301.6667,0.3333,93.6667
nodes=16_prio=4_arrival=4s,mode=stablequeue2s_blocking=1_defpreempt=0,3,7199.5911,0.014,0.0122,0.0169,1.2824,-0.3119,-0.2757,-0.2222,0.4726,-461.0,-195.3333,-144.6667,-115.6667,-916.6667,0.5915,1.5136,1.5507,1.7975,1.2698,278.0,80.6667,1.3333,196.0,0.0,82.0
nodes=16_prio=4_arrival=4s,mode=stablequeue2s_blocking=1_defpreempt=1,3,7199.3667,0.0121,0.0099,0.0143,0.6206,-0.0084,-0.0081,-0.0023,0.6018,355.0,1.3333,0.0,-3.0,353.3333,-0.3675,0.0084,-0.0128,0.0209,-0.105,352.3333,92.6667,1.6667,258.0,0.0,94.3333
nodes=16_prio=4_arrival=8s,mode=periodic8s_blocking=0_defpreempt=0,3,7199.6957,0.0133,0.013,0.0188,1.1452,-0.256,-0.2421,-0.117,0.5301,-262.6667,-96.0,-88.0,-65.6667,-512.3333,2.1307,3.3529,3.2534,4.5447,3.1375,64.6667,35.3333,4.3333,25.0,0.3333,39.3333
nodes=16_prio=4_arrival=8s,mode=periodic8s_blocking=0_defpreempt=1,3,7199.6411,0.0134,0.0111,0.0171,0.6901,-0.0066,-0.0023,-0.0023,0.679,199.3333,-1.0,-2.6667,-2.0,193.6667,-0.0668,0.0472,0.0519,0.0235,0.0201,63.6667,47.0,5.0,11.6667,0.0,52.0
nodes=16_prio=4_arrival=8s,mode=periodic8s_blocking=1_defpreempt=0,3,7199.5492,0.0137,0.0127,0.019,1.1633,-0.2283,-0.2297,-0.2154,0.49,-250.0,-97.0,-91.3333,-64.3333,-502.6667,1.7195,2.482,2.7401,4.1186,2.5898,57.3333,40.0,4.0,13.3333,0.0,44.0
nodes=16_prio=4_arrival=8s,mode=periodic8s_blocking=1_defpreempt=1,3,7199.1246,0.0134,0.0112,0.0168,0.6948,-0.0061,-0.0051,-0.0041,0.6795,189.3333,-1.0,-3.6667,-1.6667,183.0,0.0332,0.0451,0.0468,0.0113,0.0375,75.3333,43.6667,3.3333,28.3333,0.0,47.0
nodes=16_prio=4_arrival=8s,mode=schedulingfailure_blocking=0_defpreempt=0,3,7199.498,0.012,0.0109,0.0172,0.876,-0.2949,-0.2212,-0.2037,0.1562,-60.3333,-135.6667,-114.3333,-81.3333,-391.6667,3.8582,3.9198,3.1656,4.5384,3.8299,194.6667,110.0,18.0,66.6667,1.3333,126.6667
nodes=16_prio=4_arrival=8s,mode=stablequeue2s_blocking=0_defpreempt=0,3,7199.4095,0.0158,0.0144,0.0212,1.1846,-0.1926,-0.1902,-0.1778,0.6239,-181.0,-86.3333,-84.0,-56.3333,-407.6667,1.3071,2.3442,2.4668,3.6491,2.2745,241.6667,61.3333,2.6667,177.6667,0.0,64.0
nodes=16_prio=4_arrival=8s,mode=stablequeue2s_blocking=0_defpreempt=1,3,7199.7422,0.0156,0.013,0.0196,0.8286,-0.0058,-0.004,-0.0054,0.8134,273.3333,1.3333,-0.6667,0.0,274.0,-0.4036,0.0176,0.027,0.0023,-0.0986,245.6667,66.6667,2.6667,176.3333,0.0,69.3333
nodes=16_prio=4_arrival=8s,mode=stablequeue2s_blocking=1_defpreempt=0,3,7199.478,0.016,0.0148,0.0214,1.2396,-0.2318,-0.2109,-0.1663,0.6306,-193.3333,-97.6667,-81.3333,-58.6667,-431.0,1.277,2.7654,2.1417,3.3185,2.2569,225.3333,61.6667,2.3333,161.3333,0.0,64.0
nodes=16_prio=4_arrival=8s,mode=stablequeue2s_blocking=1_defpreempt=1,3,7199.254,0.015,0.0122,0.0185,0.7824,-0.0037,-0.0009,-0.0026,0.7752,264.0,-0.3333,-1.3333,-0.6667,261.6667,-0.3113,0.0031,0.0221,-0.0003,-0.0799,324.3333,69.0,3.0,252.3333,0.0,72.0
nodes=32_prio=1_arrival=16s,mode=periodic8s_blocking=0_defpreempt=0,3,7199.7118,0.0261,0.0105,0.0274,1.9352,0.0,0.0,0.0,1.9352,-6.3333,,,,-6.3333,-5.4424,,,,-5.4424,67.6667,16.6667,0.6667,50.3333,0.0,17.3333
nodes=32_prio=1_arrival=16s,mode=periodic8s_blocking=0_defpreempt=1,3,7199.6643,0.0234,0.0112,0.0245,1.9161,0.0,0.0,0.0,1.9161,23.0,,,,23.0,-4.6254,,,,-4.6254,75.3333,17.6667,0.3333,57.3333,0.0,18.0
nodes=32_prio=1_arrival=16s,mode=periodic8s_blocking=1_defpreempt=0,3,7199.403,0.0273,0.011,0.0282,2.1179,0.0,0.0,0.0,2.1179,11.3333,,,,11.3333,-6.2472,,,,-6.2472,67.3333,21.3333,0.3333,45.6667,0.0,21.6667
nodes=32_prio=1_arrival=16s,mode=periodic8s_blocking=1_defpreempt=1,3,7199.5284,0.0265,0.0112,0.0276,2.0496,0.0,0.0,0.0,2.0496,1.0,,,,1.0,-5.5792,,,,-5.5792,69.0,18.6667,0.3333,50.0,0.0,19.0
nodes=32_prio=1_arrival=16s,mode=schedulingfailure_blocking=0_defpreempt=0,3,7199.5316,0.0253,0.0089,0.0267,1.3075,0.0,0.0,0.0,1.3075,-85.6667,,,,-85.6667,0.2371,,,,0.2371,118.0,35.3333,1.6667,81.0,0.3333,36.6667
nodes=32_prio=1_arrival=16s,mode=stablequeue2s_blocking=0_defpreempt=0,3,7199.4774,0.027,0.0114,0.0282,2.1367,0.0,0.0,0.0,2.1367,25.0,,,,25.0,-6.0977,,,,-6.0977,162.6667,20.0,1.0,141.6667,0.0,21.0
nodes=32_prio=1_arrival=16s,mode=stablequeue2s_blocking=0_defpreempt=1,3,7199.4433,0.0269,0.0117,0.0281,2.1772,0.0,0.0,0.0,2.1772,23.3333,,,,23.3333,-6.711,,,,-6.711,160.0,20.6667,0.0,139.3333,0.0,20.6667
nodes=32_prio=1_arrival=16s,mode=stablequeue2s_blocking=1_defpreempt=0,3,7199.4169,0.0248,0.0108,0.0261,1.993,0.0,0.0,0.0,1.993,19.6667,,,,19.6667,-5.7053,,,,-5.7053,176.6667,18.6667,0.6667,157.3333,0.0,19.3333
nodes=32_prio=1_arrival=16s,mode=stablequeue2s_blocking=1_defpreempt=1,3,7199.6126,0.0276,0.0119,0.0288,2.2029,0.0,0.0,0.0,2.2029,23.6667,,,,23.6667,-6.4321,,,,-6.4321,150.6667,20.0,0.3333,130.3333,0.0,20.3333
nodes=32_prio=1_arrival=4s,mode=periodic8s_blocking=0_defpreempt=0,3,7198.7785,0.0159,0.0057,0.0161,1.2701,0.0,0.0,0.0,1.2701,86.0,,,,86.0,-1.9883,,,,-1.9883,58.6667,33.6667,0.3333,24.6667,0.0,34.0
nodes=32_prio=1_arrival=4s,mode=periodic8s_blocking=0_defpreempt=1,3,7199.4137,0.0148,0.0054,0.0149,1.1697,0.0,0.0,0.0,1.1697,75.6667,,,,75.6667,-1.9261,,,,-1.9261,60.0,34.0,0.3333,25.6667,0.0,34.3333
nodes=32_prio=1_arrival=4s,mode=periodic8s_blocking=1_defpreempt=0,3,7197.7326,0.0155,0.006,0.0157,1.2611,0.0,0.0,0.0,1.2611,87.6667,,,,87.6667,-1.9016,,,,-1.9016,55.6667,33.0,0.0,22.6667,0.0,33.0
nodes=32_prio=1_arrival=4s,mode=periodic8s_blocking=1_defpreempt=1,3,7199.5225,0.0134,0.0041,0.0134,1.0028,0.0,0.0,0.0,1.0028,63.6667,,,,63.6667,-1.5869,,,,-1.5869,64.6667,32.3333,0.3333,32.0,0.0,32.6667
nodes=32_prio=1_arrival=4s,mode=schedulingfailure_blocking=0_defpreempt=0,3,7198.9674,0.0103,-0.0004,0.0106,-0.6384,0.0,0.0,0.0,-0.6384,-539.0,,,,-539.0,1.1629,,,,1.1629,188.0,94.6667,1.6667,91.6667,1.6667,94.6667
nodes=32_prio=1_arrival=4s,mode=stablequeue2s_blocking=0_defpreempt=0,3,7199.7698,0.0158,0.0054,0.0159,1.2368,0.0,0.0,0.0,1.2368,98.6667,,,,98.6667,-1.9039,,,,-1.9039,275.6667,41.0,0.6667,234.0,0.0,41.6667
nodes=32_prio=1_arrival=4s,mode=stablequeue2s_blocking=0_defpreempt=1,3,7199.4885,0.0149,0.0055,0.015,1.1928,0.0,0.0,0.0,1.1928,101.3333,,,,101.3333,-1.7817,,,,-1.7817,271.0,37.6667,0.0,233.3333,0.0,37.6667
nodes=32_prio=1_arrival=4s,mode=stablequeue2s_blocking=1_defpreempt=0,3,7199.8507,0.0152,0.0054,0.0153,1.1966,0.0,0.0,0.0,1.1966,97.0,,,,97.0,-1.8389,,,,-1.8389,279.3333,41.6667,0.0,237.6667,0.0,41.6667
nodes=32_prio=1_arrival=4s,mode=stablequeue2s_blocking=1_defpreempt=1,3,7199.5747,0.015,0.0049,0.0149,1.1424,0.0,0.0,0.0,1.1424,89.6667,,,,89.6667,-1.7511,,,,-1.7511,272.3333,40.3333,0.0,232.0,0.0,40.3333
nodes=32_prio=1_arrival=8s,mode=periodic8s_blocking=0_defpreempt=0,3,7198.3364,0.0135,0.0058,0.0142,1.1137,0.0,0.0,0.0,1.1137,46.3333,,,,46.3333,-1.7379,,,,-1.7379,69.0,21.6667,0.3333,47.0,0.0,22.0
nodes=32_prio=1_arrival=8s,mode=periodic8s_blocking=0_defpreempt=1,3,7199.1334,0.0118,0.0044,0.0122,0.9074,0.0,0.0,0.0,0.9074,66.3333,,,,66.3333,-1.0237,,,,-1.0237,74.0,22.6667,0.3333,51.0,0.0,23.0
nodes=32_prio=1_arrival=8s,mode=periodic8s_blocking=1_defpreempt=0,3,7199.4135,0.0114,0.0051,0.0118,0.9192,0.0,0.0,0.0,0.9192,46.0,,,,46.0,-1.1464,,,,-1.1464,74.0,19.3333,0.3333,54.3333,0.0,19.6667
nodes=32_prio=1_arrival=8s,mode=periodic8s_blocking=1_defpreempt=1,3,7199.6086,0.0122,0.0059,0.0129,1.0621,0.0,0.0,0.0,1.0621,55.6667,,,,55.6667,-1.5598,,,,-1.5598,68.3333,19.0,0.3333,49.0,0.0,19.3333
nodes=32_prio=1_arrival=8s,mode=schedulingfailure_blocking=0_defpreempt=0,3,7199.6012,0.0084,0.0011,0.0091,-0.434,0.0,0.0,0.0,-0.434,-202.0,,,,-202.0,4.7012,,,,4.7012,153.0,58.3333,1.0,93.6667,0.0,59.3333
nodes=32_prio=1_arrival=8s,mode=stablequeue2s_blocking=0_defpreempt=0,3,7199.0059,0.0119,0.0062,0.0126,1.0559,0.0,0.0,0.0,1.0559,77.6667,,,,77.6667,-1.6664,,,,-1.6664,229.6667,23.3333,0.0,206.3333,0.0,23.3333
nodes=32_prio=1_arrival=8s,mode=stablequeue2s_blocking=0_defpreempt=1,3,7199.4328,0.0136,0.0055,0.0141,1.0906,0.0,0.0,0.0,1.0906,67.6667,,,,67.6667,-1.5401,,,,-1.5401,212.6667,24.3333,0.0,188.3333,0.0,24.3333
nodes=32_prio=1_arrival=8s,mode=stablequeue2s_blocking=1_defpreempt=0,3,7198.6589,0.015,0.007,0.0156,1.2638,0.0,0.0,0.0,1.2638,66.6667,,,,66.6667,-2.103,,,,-2.103,220.3333,23.6667,0.3333,196.3333,0.0,24.0
nodes=32_prio=1_arrival=8s,mode=stablequeue2s_blocking=1_defpreempt=1,3,7199.4451,0.0141,0.0062,0.0147,1.1726,0.0,0.0,0.0,1.1726,71.3333,,,,71.3333,-1.9724,,,,-1.9724,216.3333,26.3333,0.3333,189.6667,0.0,26.6667
nodes=32_prio=4_arrival=16s,mode=periodic8s_blocking=0_defpreempt=0,3,7199.6731,0.0088,0.0076,0.0113,1.4685,-0.1469,-0.2368,-0.1629,0.9219,-59.0,-22.0,-25.6667,-19.0,-125.6667,-0.3306,3.5506,5.7839,6.0249,3.2148,46.3333,22.6667,1.3333,22.3333,0.0,24.0
nodes=32_prio=4_arrival=16s,mode=periodic8s_blocking=0_defpreempt=1,3,7199.4694,0.0096,0.0079,0.0116,1.0527,-0.0022,-0.0044,-0.0029,1.0432,85.6667,-1.0,-2.6667,0.0,82.0,-2.267,0.0455,0.0232,0.0625,-0.695,45.3333,24.0,3.6667,17.6667,0.0,27.6667
nodes=32_prio=4_arrival=16s,mode=periodic8s_blocking=1_defpreempt=0,3,7199.5428,0.0083,0.0062,0.0106,1.4641,-0.1721,-0.2062,-0.2621,0.8238,-67.3333,-30.3333,-26.3333,-19.0,-143.0,-1.5696,3.6749,4.0728,11.8979,3.4935,46.6667,20.6667,1.6667,24.3333,0.0,22.3333
nodes=32_prio=4_arrival=16s,mode=periodic8s_blocking=1_defpreempt=1,3,7199.6402,0.0089,0.0072,0.011,0.9855,-0.0098,-0.0101,-0.0077,0.9579,87.0,-1.3333,-1.6667,-0.3333,83.6667,-2.5387,0.0179,0.0357,0.0802,-0.7659,51.0,23.3333,2.6667,25.0,0.0,26.0
nodes=32_prio=4_arrival=16s,mode=schedulingfailure_blocking=0_defpreempt=0,3,7199.4743,0.0078,0.0059,0.0104,1.1814,-0.2561,-0.2102,-0.2953,0.4198,-50.3333,-45.6667,-48.6667,-26.3333,-171.0,5.4083,7.3998,4.8858,13.9923,7.3065,87.3333,43.6667,5.0,38.6667,0.0,48.6667
nodes=32_prio=4_arrival=16s,mode=stablequeue2s_blocking=0_defpreempt=0,3,7199.4012,0.0099,0.0084,0.0124,1.4759,-0.1248,-0.1754,-0.1306,1.0451,-45.0,-22.3333,-23.0,-17.3333,-107.6667,-2.2471,2.129,3.3422,4.8529,1.4535,118.6667,28.6667,2.0,88.0,0.0,30.6667
nodes=32_prio=4_arrival=16s,mode=stablequeue2s_blocking=0_defpreempt=1,3,7199.5322,0.0102,0.0081,0.0123,1.1141,-0.0016,-0.0043,-0.0037,1.1044,89.6667,0.6667,0.0,-0.3333,90.0,-3.1456,-0.02,-0.0186,0.0384,-0.976,95.6667,26.6667,1.6667,67.3333,0.0,28.3333
nodes=32_prio=4_arrival=16s,mode=stablequeue2s_blocking=1_defpreempt=0,3,7199.3792,0.0096,0.0085,0.0122,1.4548,-0.1261,-0.1812,-0.1148,1.0327,-46.3333,-22.6667,-20.6667,-16.6667,-106.3333,-0.7146,2.6291,4.5298,3.5065,2.1395,106.6667,26.6667,2.0,78.0,0.0,28.6667
nodes=32_prio=4_arrival=16s,mode=stablequeue2s_blocking=1_defpreempt=1,3,7199.7774,0.0105,0.0085,0.0126,1.1615,-0.0039,-0.0028,-0.0028,1.152,91.0,0.6667,0.3333,-0.3333,91.6667,-2.9253,-0.0107,-0.006,-0.0064,-0.9249,99.6667,26.3333,3.3333,70.0,0.0,29.6667
nodes=32_prio=4_arrival=4s,mode=periodic8s_blocking=0_defpreempt=0,3,7199.0873,0.0102,0.0066,0.0112,1.5512,-0.339,-0.27,-0.1892,0.753,-324.0,-139.6667,-88.6667,-75.0,-627.3333,0.1518,1.678,1.8464,1.3086,1.1458,56.3333,44.0,0.3333,12.0,0.0,44.3333
nodes=32_prio=4_arrival=4s,mode=periodic8s_blocking=0_defpreempt=1,3,7199.5793,0.0124,0.0073,0.0126,0.8584,0.5074,-0.0059,-0.006,1.3539,184.6667,-7.0,0.0,-4.3333,173.3333,-0.3758,0.0292,0.0374,0.0284,-0.0923,61.6667,47.3333,1.6667,12.6667,0.0,49.0
nodes=32_prio=4_arrival=4s,mode=periodic8s_blocking=1_defpreempt=0,3,7198.7316,0.0107,0.0066,0.0117,1.5425,-0.343,-0.2576,-0.1904,0.7513,-334.0,-141.3333,-87.0,-76.6667,-639.0,0.3372,1.8111,1.6,1.3412,1.1819,52.3333,43.0,1.0,8.3333,0.0,44.0
nodes=32_prio=4_arrival=4s,mode=periodic8s_blocking=1_defpreempt=1,3,7199.3118,0.01,0.006,0.0107,0.8549,-0.0073,-0.0092,-0.0039,0.8345,173.3333,-3.3333,-4.0,-5.0,161.0,-0.3879,0.0332,0.0423,0.024,-0.0947,54.3333,43.6667,1.3333,9.3333,0.0,45.0
nodes=32_prio=4_arrival=4s,mode=schedulingfailure_blocking=0_defpreempt=0,3,7199.25,0.0081,0.0034,0.0096,0.9394,-0.6809,-0.4389,-0.2979,-0.4783,-337.6667,-297.0,-212.6667,-143.3333,-990.6667,3.0482,4.2883,3.0823,2.8263,3.3121,197.0,135.6667,7.3333,54.0,3.6667,139.3333
nodes=32_prio=4_arrival=4s,mode=stablequeue2s_blocking=0_defpreempt=0,3,7199.5047,0.0118,0.0077,0.0129,1.5748,-0.3112,-0.213,-0.1693,0.8813,-301.0,-132.6667,-88.6667,-80.6667,-603.0,0.0801,1.1327,1.1404,0.9703,0.7556,239.0,56.6667,0.0,182.3333,0.0,56.6667
nodes=32_prio=4_arrival=4s,mode=stablequeue2s_blocking=0_defpreempt=1,3,7199.2434,0.0109,0.0067,0.0119,0.9638,-0.0109,-0.0114,-0.0071,0.9344,208.6667,-2.6667,-2.0,-0.3333,203.6667,-0.2887,0.0085,0.0311,0.0045,-0.0791,240.3333,54.3333,1.6667,184.3333,0.0,56.0
nodes=32_prio=4_arrival=4s,mode=stablequeue2s_blocking=1_defpreempt=0,3,7199.4025,0.012,0.0079,0.0132,1.6105,-0.3221,-0.214,-0.1553,0.9191,-303.0,-130.6667,-89.3333,-69.3333,-592.3333,0.1226,1.1723,1.225,0.9336,0.7925,224.3333,52.0,0.6667,171.6667,0.0,52.6667
nodes=32_prio=4_arrival=4s,mode=stablequeue2s_blocking=1_defpreempt=1,3,7199.3768,0.0114,0.0071,0.0121,1.0175,-0.0058,-0.0097,-0.0088,0.9931,213.0,-3.6667,0.3333,-2.0,207.6667,-0.4883,0.0021,0.0086,0.0097,-0.1452,228.0,56.6667,1.6667,169.6667,0.0,58.3333
nodes=32_prio=4_arrival=8s,mode=periodic8s_blocking=0_defpreempt=0,3,7199.3178,0.007,0.0061,0.0076,1.2947,-0.1994,-0.3121,-0.1969,0.5863,-173.6667,-53.6667,-55.6667,-38.6667,-321.6667,0.4838,2.1249,1.8611,3.2867,1.7194,48.0,29.0,0.6667,18.3333,0.0,29.6667
nodes=32_prio=4_arrival=8s,mode=periodic8s_blocking=0_defpreempt=1,3,7199.5489,0.0058,0.0045,0.0062,0.5637,0.0123,-0.0035,-0.0013,0.5713,96.0,0.3333,-2.0,-2.0,92.3333,-0.8227,0.0298,0.0262,0.0389,-0.2361,50.3333,27.6667,0.3333,22.3333,0.0,28.0
nodes=32_prio=4_arrival=8s,mode=periodic8s_blocking=1_defpreempt=0,3,7199.4001,0.0071,0.0059,0.0077,1.2507,-0.2165,-0.3003,-0.1848,0.5491,-157.6667,-55.3333,-51.0,-39.6667,-303.6667,0.9659,2.2452,3.6654,3.2861,2.3114,56.6667,32.0,0.6667,24.0,0.0,32.6667
nodes=32_prio=4_arrival=8s,mode=periodic8s_blocking=1_defpreempt=1,3,7199.6797,0.0073,0.0058,0.0078,0.7245,0.0162,-0.003,-0.0022,0.7356,90.0,0.6667,-1.6667,-3.0,86.0,-0.6943,0.0199,0.0171,0.0098,-0.2102,47.0,26.0,2.3333,18.6667,0.0,28.3333
nodes=32_prio=4_arrival=8s,mode=schedulingfailure_blocking=0_defpreempt=0,3,7198.698,0.007,0.0059,0.0085,0.9674,-0.3698,-0.2624,-0.2071,0.1281,-139.6667,-103.6667,-89.0,-61.6667,-394.0,3.0985,5.2623,4.1466,4.2226,4.114,119.0,69.3333,7.6667,42.0,0.6667,76.3333
nodes=32_prio=4_arrival=8s,mode=stablequeue2s_blocking=0_defpreempt=0,3,7199.26,0.0076,0.0067,0.0085,1.2516,-0.1842,-0.2428,-0.1714,0.6532,-150.3333,-51.0,-47.3333,-37.3333,-286.0,0.4934,2.1077,3.4477,2.7474,1.9754,170.0,34.6667,1.6667,133.6667,0.0,36.3333
nodes=32_prio=4_arrival=8s,mode=stablequeue2s_blocking=0_defpreempt=1,3,7199.5422,0.0079,0.0059,0.0082,0.7942,0.0013,-0.0056,-0.0013,0.7886,118.0,1.3333,0.6667,0.0,120.0,-0.755,0.0076,0.0052,0.0037,-0.2313,160.6667,33.0,2.3333,125.3333,0.0,35.3333
nodes=32_prio=4_arrival=8s,mode=stablequeue2s_blocking=1_defpreempt=0,3,7199.2976,0.0081,0.0068,0.0089,1.2739,-0.178,-0.2519,-0.1496,0.6943,-140.0,-50.3333,-50.3333,-38.6667,-279.3333,0.2306,1.8203,2.7774,2.4813,1.6172,169.0,33.3333,2.0,133.6667,0.0,35.3333
nodes=32_prio=4_arrival=8s,mode=stablequeue2s_blocking=1_defpreempt=1,3,7199.4434,0.0073,0.0051,0.0075,0.6907,0.0112,-0.0072,-0.0029,0.6918,126.0,-1.0,-1.0,-0.6667,123.3333,-0.9501,0.013,0.001,-0.0054,-0.2945,158.0,35.6667,0.6667,121.6667,0.0,36.3333
