scheduler,job_name,seed,T_end_s,cpu_run_util_mean,mem_run_util_mean,cpu_req_util_mean,mem_req_util_mean,util_eff_run_mean,util_eff_req_mean,R_p1,R_p2,R_p3,R_p4,D_p1,D_p2,D_p3,D_p4,latency_first_admit_mean_total_s,latency_first_admit_mean_p1_s,latency_first_admit_mean_p2_s,latency_first_admit_mean_p3_s,latency_first_admit_mean_p4_s,solver_attempts_total,best_solver_optimal_total,best_solver_feasible_total,best_solver_failed_total,plan_not_applicable_total,plan_activated_total
default,nodes=16_prio=1_arrival=16s,1420052706459400740,7199.8688,0.8586,0.8243,0.892,0.8555,0.8706,0.9085,835997.9703,0.0,0.0,0.0,724.0,0.0,0.0,0.0,4.3338,4.3338,,,,,,,,,
default,nodes=16_prio=1_arrival=16s,2219457405427907235,7199.858,0.8303,0.84,0.8736,0.8563,0.8515,0.891,781039.9583,0.0,0.0,0.0,664.0,0.0,0.0,0.0,9.2051,9.2051,,,,,,,,,
default,nodes=16_prio=1_arrival=16s,3848061858430934892,7199.8229,0.8502,0.6705,0.9067,0.6942,0.8502,0.9067,676812.3214,0.0,0.0,0.0,888.0,0.0,0.0,0.0,6.7395,6.7395,,,,,,,,,
default,nodes=16_prio=1_arrival=4s,1420052706459400740,7199.8381,0.8575,0.8324,0.8842,0.8547,0.8633,0.8925,813497.6521,0.0,0.0,0.0,2704.0,0.0,0.0,0.0,1.9115,1.9115,,,,,,,,,
default,nodes=16_prio=1_arrival=4s,2219457405427907235,7199.817,0.8326,0.8174,0.8743,0.8409,0.8481,0.8917,783680.9591,0.0,0.0,0.0,2779.0,0.0,0.0,0.0,1.4123,1.4123,,,,,,,,,
default,nodes=16_prio=1_arrival=4s,3848061858430934892,7199.8078,0.8478,0.6645,0.891,0.6767,0.8478,0.891,645958.4145,0.0,0.0,0.0,3051.0,0.0,0.0,0.0,1.5795,1.5795,,,,,,,,,
default,nodes=16_prio=1_arrival=8s,1420052706459400740,7199.7916,0.8615,0.837,0.8804,0.8572,0.8697,0.8914,832149.3187,0.0,0.0,0.0,1364.0,0.0,0.0,0.0,2.8626,2.8626,,,,,,,,,
default,nodes=16_prio=1_arrival=8s,2219457405427907235,7199.8977,0.8365,0.8483,0.8687,0.8692,0.8604,0.8933,795906.3352,0.0,0.0,0.0,1305.0,0.0,0.0,0.0,2.7017,2.7017,,,,,,,,,
default,nodes=16_prio=1_arrival=8s,3848061858430934892,7199.915,0.8471,0.6552,0.8987,0.6734,0.8471,0.8987,658982.9168,0.0,0.0,0.0,1570.0,0.0,0.0,0.0,2.4597,2.4597,,,,,,,,,
default,nodes=16_prio=4_arrival=16s,1420052706459400740,7199.1949,0.8705,0.8232,0.8873,0.8517,0.8727,0.8908,257673.9313,167013.213,210885.7975,158963.0643,419.0,232.0,208.0,151.0,2.0013,7.2019,0.0905,0.0909,0.0933,,,,,,
default,nodes=16_prio=4_arrival=16s,2219457405427907235,7199.9146,0.7662,0.8592,0.7851,0.8932,0.8595,0.8933,215106.6466,223139.5205,98140.5683,100027.7242,474.0,230.0,217.0,156.0,0.7877,2.2811,0.1304,0.1036,0.0679,,,,,,
default,nodes=16_prio=4_arrival=16s,3848061858430934892,7199.9654,0.8494,0.7707,0.8897,0.7876,0.8499,0.8905,222828.954,138281.4869,180165.3057,141619.8815,462.0,265.0,206.0,139.0,1.4995,4.4613,0.0865,0.0521,0.1119,,,,,,
default,nodes=16_prio=4_arrival=4s,1420052706459400740,7199.9284,0.8583,0.8154,0.8797,0.8497,0.8635,0.8902,259107.6467,173617.8469,194939.8912,163472.5918,1560.0,886.0,751.0,621.0,0.4435,1.2854,0.1106,0.0968,0.0687,,,,,,
default,nodes=16_prio=4_arrival=4s,2219457405427907235,7199.8444,0.7914,0.8312,0.8214,0.8592,0.8563,0.8919,213415.1156,185302.6122,150281.738,107601.6752,1731.0,914.0,814.0,604.0,0.6372,1.8396,0.0772,0.0898,0.0787,,,,,,
default,nodes=16_prio=4_arrival=4s,3848061858430934892,7199.8093,0.8515,0.7345,0.8913,0.7486,0.8516,0.8914,226549.5,167596.0222,186685.0183,114664.7921,1744.0,1048.0,800.0,674.0,0.4018,1.1296,0.0766,0.0696,0.0696,,,,,,
default,nodes=16_prio=4_arrival=8s,1420052706459400740,7199.8578,0.8644,0.8349,0.8839,0.8639,0.8698,0.8929,266385.6608,174259.8328,218112.0028,151452.9636,794.0,420.0,402.0,278.0,0.9872,3.1092,0.0806,0.0655,0.1214,,,,,,
default,nodes=16_prio=4_arrival=8s,2219457405427907235,7199.8969,0.7688,0.8516,0.7866,0.8873,0.8562,0.8918,211407.2787,224577.8569,128184.8794,98059.1942,800.0,428.0,350.0,259.0,0.3999,1.0414,0.1163,0.0767,0.0789,,,,,,
default,nodes=16_prio=4_arrival=8s,3848061858430934892,7199.8549,0.8475,0.7376,0.8905,0.7487,0.8477,0.8908,223750.5487,146383.3789,171283.2929,131602.6628,882.0,497.0,392.0,318.0,0.3826,1.0298,0.0822,0.0737,0.0903,,,,,,
default,nodes=32_prio=1_arrival=16s,1420052706459400740,7199.6332,0.8756,0.8475,0.8983,0.8684,0.8806,0.9054,1656290.362,0.0,0.0,0.0,785.0,0.0,0.0,0.0,10.2182,10.2182,,,,,,,,,
default,nodes=32_prio=1_arrival=16s,2219457405427907235,7199.7906,0.8342,0.8208,0.8861,0.8399,0.8379,0.8917,1570499.6788,0.0,0.0,0.0,702.0,0.0,0.0,0.0,5.2538,5.2538,,,,,,,,,
default,nodes=32_prio=1_arrival=16s,3848061858430934892,7199.9533,0.8557,0.7267,0.8915,0.7381,0.8557,0.8915,1431183.8199,0.0,0.0,0.0,959.0,0.0,0.0,0.0,16.539,16.539,,,,,,,,,
default,nodes=32_prio=1_arrival=4s,1420052706459400740,7199.9601,0.866,0.8271,0.8909,0.8436,0.8663,0.8926,1603120.3192,0.0,0.0,0.0,2857.0,0.0,0.0,0.0,2.6276,2.6276,,,,,,,,,
default,nodes=32_prio=1_arrival=4s,2219457405427907235,7199.8842,0.8586,0.8103,0.8897,0.8284,0.861,0.8924,1597546.1979,0.0,0.0,0.0,2914.0,0.0,0.0,0.0,4.5553,4.5553,,,,,,,,,
default,nodes=32_prio=1_arrival=4s,3848061858430934892,7199.9384,0.8685,0.722,0.8924,0.7287,0.8685,0.8924,1397687.1558,0.0,0.0,0.0,3111.0,0.0,0.0,0.0,2.5013,2.5013,,,,,,,,,
default,nodes=32_prio=1_arrival=8s,1420052706459400740,7199.977,0.8717,0.8432,0.8885,0.859,0.873,0.8912,1657422.6971,0.0,0.0,0.0,1492.0,0.0,0.0,0.0,4.4473,4.4473,,,,,,,,,
default,nodes=32_prio=1_arrival=8s,2219457405427907235,7199.8724,0.8466,0.8128,0.8882,0.8342,0.8492,0.8924,1581157.8071,0.0,0.0,0.0,1432.0,0.0,0.0,0.0,7.0953,7.0953,,,,,,,,,
default,nodes=32_prio=1_arrival=8s,3848061858430934892,7199.9354,0.8695,0.7282,0.8913,0.7361,0.8695,0.8913,1438721.7965,0.0,0.0,0.0,1578.0,0.0,0.0,0.0,3.1925,3.1925,,,,,,,,,
default,nodes=32_prio=4_arrival=16s,1420052706459400740,7199.9003,0.8809,0.8049,0.8927,0.815,0.8809,0.8928,585430.1384,357550.7157,427841.514,279700.9707,390.0,231.0,213.0,145.0,1.364,4.6178,0.1267,0.0766,0.1,,,,,,
default,nodes=32_prio=4_arrival=16s,2219457405427907235,7199.8054,0.8021,0.8751,0.8103,0.8912,0.8751,0.8912,482853.852,446027.8554,261215.11,206071.0008,424.0,223.0,223.0,162.0,0.8237,2.2369,0.0877,0.0814,0.037,,,,,,
default,nodes=32_prio=4_arrival=16s,3848061858430934892,7199.9645,0.8678,0.76,0.8917,0.7695,0.8678,0.8917,438817.7476,314373.1087,321520.0891,300554.2853,436.0,270.0,202.0,141.0,2.1768,6.4026,0.0376,0.0664,0.021,,,,,,
default,nodes=32_prio=4_arrival=4s,1420052706459400740,7199.9051,0.8769,0.8211,0.8918,0.8351,0.877,0.8926,582559.2035,367061.1168,428709.8911,292666.6989,1440.0,881.0,747.0,615.0,0.5156,1.4959,0.0958,0.0806,0.0767,,,,,,
default,nodes=32_prio=4_arrival=4s,2219457405427907235,7199.8711,0.8227,0.8619,0.8379,0.8772,0.8732,0.8928,476087.5865,411903.027,351207.5236,214847.0329,1555.0,923.0,811.0,610.0,0.5383,1.5106,0.0734,0.0447,0.0574,,,,,,
default,nodes=32_prio=4_arrival=4s,3848061858430934892,7199.8945,0.8613,0.7412,0.8896,0.7527,0.8613,0.8896,446038.5968,330092.149,333750.3738,303947.6381,1569.0,1036.0,789.0,671.0,0.2591,0.6954,0.0451,0.0434,0.0681,,,,,,
default,nodes=32_prio=4_arrival=8s,1420052706459400740,7199.851,0.8804,0.8303,0.8909,0.8419,0.8806,0.8923,602295.4208,356843.175,445844.665,277517.7755,732.0,422.0,403.0,280.0,0.8747,2.6318,0.0853,0.073,0.0821,,,,,,
default,nodes=32_prio=4_arrival=8s,2219457405427907235,7199.9553,0.807,0.8738,0.8197,0.8923,0.8738,0.8923,475435.4441,456867.8985,291540.3573,205019.5148,708.0,425.0,351.0,268.0,1.0684,3.1547,0.0464,0.0548,0.0602,,,,,,
default,nodes=32_prio=4_arrival=8s,3848061858430934892,7199.8718,0.8705,0.7514,0.8902,0.76,0.8705,0.8902,450692.333,311868.0684,326089.9403,306723.0142,828.0,495.0,392.0,309.0,0.4461,1.222,0.0782,0.0735,0.0654,,,,,,
mode=periodic8s_blocking=0_defpreempt=0,nodes=16_prio=1_arrival=16s,1420052706459400740,7199.5443,0.8852,0.8486,0.8919,0.8554,0.9004,0.9084,847012.4813,0.0,0.0,0.0,761.0,0.0,0.0,0.0,2.9035,2.9035,,,,43.0,22.0,2.0,19.0,0.0,24.0
mode=periodic8s_blocking=0_defpreempt=0,nodes=16_prio=1_arrival=16s,2219457405427907235,7199.8161,0.8659,0.8499,0.8736,0.8562,0.8826,0.891,789713.8391,0.0,0.0,0.0,702.0,0.0,0.0,0.0,4.0836,4.0836,,,,48.0,27.0,2.0,19.0,0.0,29.0
mode=periodic8s_blocking=0_defpreempt=0,nodes=16_prio=1_arrival=16s,3848061858430934892,7199.5304,0.8928,0.6867,0.9069,0.6943,0.8928,0.9069,687299.3115,0.0,0.0,0.0,873.0,0.0,0.0,0.0,4.3921,4.3921,,,,65.0,23.0,8.0,34.0,0.0,31.0
mode=periodic8s_blocking=0_defpreempt=0,nodes=16_prio=1_arrival=4s,1420052706459400740,7199.8003,0.8656,0.8362,0.8841,0.8547,0.8721,0.8924,814935.5659,0.0,0.0,0.0,2746.0,0.0,0.0,0.0,2.327,2.327,,,,46.0,35.0,0.0,11.0,0.0,35.0
mode=periodic8s_blocking=0_defpreempt=0,nodes=16_prio=1_arrival=4s,2219457405427907235,7199.9822,0.8545,0.8242,0.8742,0.8409,0.8695,0.8917,788716.6493,0.0,0.0,0.0,2753.0,0.0,0.0,0.0,1.9855,1.9855,,,,50.0,30.0,7.0,13.0,0.0,37.0
mode=periodic8s_blocking=0_defpreempt=0,nodes=16_prio=1_arrival=4s,3848061858430934892,7199.0814,0.8735,0.6666,0.8906,0.6763,0.8735,0.8906,649923.2121,0.0,0.0,0.0,2942.0,0.0,0.0,0.0,1.1135,1.1135,,,,38.0,24.0,2.0,12.0,0.0,26.0
mode=periodic8s_blocking=0_defpreempt=0,nodes=16_prio=1_arrival=8s,1420052706459400740,7199.0264,0.8691,0.8454,0.8804,0.8571,0.8782,0.8914,835579.1866,0.0,0.0,0.0,1423.0,0.0,0.0,0.0,2.5981,2.5981,,,,42.0,25.0,3.0,14.0,0.0,28.0
mode=periodic8s_blocking=0_defpreempt=0,nodes=16_prio=1_arrival=8s,2219457405427907235,7199.134,0.8557,0.8565,0.8687,0.8692,0.8787,0.8933,801280.712,0.0,0.0,0.0,1337.0,0.0,0.0,0.0,3.2846,3.2846,,,,48.0,30.0,1.0,17.0,0.0,31.0
mode=periodic8s_blocking=0_defpreempt=0,nodes=16_prio=1_arrival=8s,3848061858430934892,7199.4415,0.8836,0.6651,0.8985,0.6733,0.8836,0.8985,667561.6115,0.0,0.0,0.0,1530.0,0.0,0.0,0.0,2.7555,2.7555,,,,39.0,20.0,4.0,15.0,0.0,24.0
mode=periodic8s_blocking=0_defpreempt=0,nodes=16_prio=4_arrival=16s,1420052706459400740,7199.2245,0.873,0.8358,0.8873,0.8517,0.8759,0.8908,266406.1858,165952.9306,208853.9754,157509.6318,270.0,201.0,184.0,130.0,6.9722,6.1343,3.9789,9.7027,8.8682,47.0,23.0,0.0,24.0,0.0,23.0
mode=periodic8s_blocking=0_defpreempt=0,nodes=16_prio=4_arrival=16s,2219457405427907235,7199.8989,0.7714,0.8787,0.7852,0.8933,0.8787,0.8933,221869.9063,221260.834,95537.6331,98733.2455,300.0,146.0,142.0,120.0,10.0746,15.749,6.3442,7.5918,6.5873,55.0,23.0,1.0,31.0,0.0,24.0
mode=periodic8s_blocking=0_defpreempt=0,nodes=16_prio=4_arrival=16s,3848061858430934892,7199.4053,0.8786,0.7793,0.8897,0.7875,0.8788,0.8905,232333.77,136756.4393,178944.9771,141064.9537,402.0,201.0,160.0,107.0,3.3393,4.1107,2.4554,3.8,2.5045,60.0,34.0,7.0,19.0,0.0,41.0
mode=periodic8s_blocking=0_defpreempt=0,nodes=16_prio=4_arrival=4s,1420052706459400740,7199.9196,0.8608,0.834,0.8802,0.8503,0.8711,0.8907,267876.8059,171082.6428,192802.4658,161362.3902,972.0,701.0,635.0,490.0,2.2451,2.4522,2.2217,2.1099,2.0909,54.0,45.0,2.0,7.0,0.0,47.0
mode=periodic8s_blocking=0_defpreempt=0,nodes=16_prio=4_arrival=4s,2219457405427907235,7199.4087,0.7971,0.8384,0.8222,0.8601,0.8654,0.8928,222476.2958,182413.9441,146703.2196,105843.3256,1098.0,706.0,642.0,497.0,2.4986,3.1492,1.6371,2.9136,1.8423,39.0,27.0,0.0,12.0,0.0,27.0
mode=periodic8s_blocking=0_defpreempt=0,nodes=16_prio=4_arrival=4s,3848061858430934892,7199.7016,0.8724,0.7361,0.8918,0.749,0.8724,0.8919,234519.7263,165201.5693,184927.7712,112919.282,1164.0,814.0,647.0,516.0,1.5027,1.3906,1.5171,1.4923,1.7137,62.0,45.0,2.0,15.0,0.0,47.0
mode=periodic8s_blocking=0_defpreempt=0,nodes=16_prio=4_arrival=8s,1420052706459400740,7199.5997,0.8705,0.8506,0.8841,0.8641,0.8784,0.8931,274228.0088,172264.7058,216521.2666,149386.0712,524.0,341.0,328.0,219.0,4.552,4.9744,4.0087,3.3932,6.267,54.0,35.0,4.0,15.0,0.0,39.0
mode=periodic8s_blocking=0_defpreempt=0,nodes=16_prio=4_arrival=8s,2219457405427907235,7199.7372,0.7725,0.8693,0.787,0.8878,0.8739,0.8923,219048.8742,222431.6153,125827.3686,96563.9901,505.0,323.0,242.0,201.0,4.959,6.2014,4.0945,3.9533,5.0144,48.0,27.0,6.0,15.0,1.0,32.0
mode=periodic8s_blocking=0_defpreempt=0,nodes=16_prio=4_arrival=8s,3848061858430934892,7199.7503,0.8776,0.743,0.8917,0.7507,0.8778,0.892,232984.1148,144980.5778,169988.5192,132626.851,659.0,393.0,309.0,238.0,2.019,1.3762,2.1106,2.5216,2.5579,92.0,44.0,3.0,45.0,0.0,47.0
mode=periodic8s_blocking=0_defpreempt=0,nodes=32_prio=1_arrival=16s,1420052706459400740,7199.4093,0.889,0.8615,0.8982,0.8683,0.8965,0.9053,1667782.3357,0.0,0.0,0.0,799.0,0.0,0.0,0.0,5.7932,5.7932,,,,76.0,22.0,0.0,54.0,0.0,22.0
mode=periodic8s_blocking=0_defpreempt=0,nodes=32_prio=1_arrival=16s,2219457405427907235,7199.8864,0.8774,0.8337,0.886,0.8399,0.8826,0.8917,1592072.7304,0.0,0.0,0.0,722.0,0.0,0.0,0.0,5.8143,5.8143,,,,61.0,17.0,0.0,44.0,0.0,17.0
mode=periodic8s_blocking=0_defpreempt=0,nodes=32_prio=1_arrival=16s,3848061858430934892,7199.9356,0.8773,0.7314,0.8914,0.738,0.8773,0.8914,1439888.4308,0.0,0.0,0.0,906.0,0.0,0.0,0.0,7.6034,7.6034,,,,66.0,11.0,2.0,53.0,0.0,13.0
mode=periodic8s_blocking=0_defpreempt=0,nodes=32_prio=1_arrival=4s,1420052706459400740,7197.3189,0.8798,0.8337,0.8908,0.8435,0.881,0.8925,1611289.9144,0.0,0.0,0.0,2930.0,0.0,0.0,0.0,1.7684,1.7684,,,,66.0,36.0,0.0,30.0,0.0,36.0
mode=periodic8s_blocking=0_defpreempt=0,nodes=32_prio=1_arrival=4s,2219457405427907235,7199.1178,0.878,0.8179,0.8897,0.8283,0.8802,0.8923,1609235.72,0.0,0.0,0.0,3041.0,0.0,0.0,0.0,1.9437,1.9437,,,,69.0,40.0,1.0,28.0,0.0,41.0
mode=periodic8s_blocking=0_defpreempt=0,nodes=32_prio=1_arrival=4s,3848061858430934892,7199.8988,0.883,0.7249,0.8921,0.7285,0.883,0.8921,1404467.9181,0.0,0.0,0.0,3169.0,0.0,0.0,0.0,1.1148,1.1148,,,,41.0,25.0,0.0,16.0,0.0,25.0
mode=periodic8s_blocking=0_defpreempt=0,nodes=32_prio=1_arrival=8s,1420052706459400740,7199.5169,0.88,0.8512,0.8885,0.859,0.882,0.8912,1664215.2057,0.0,0.0,0.0,1558.0,0.0,0.0,0.0,3.2271,3.2271,,,,68.0,28.0,0.0,40.0,0.0,28.0
mode=periodic8s_blocking=0_defpreempt=0,nodes=32_prio=1_arrival=8s,2219457405427907235,7195.9867,0.8712,0.8211,0.8882,0.8342,0.8751,0.8923,1594444.8164,0.0,0.0,0.0,1468.0,0.0,0.0,0.0,5.8405,5.8405,,,,76.0,19.0,0.0,57.0,0.0,19.0
mode=periodic8s_blocking=0_defpreempt=0,nodes=32_prio=1_arrival=8s,3848061858430934892,7199.5055,0.8771,0.7294,0.8913,0.7361,0.8771,0.8913,1441590.0818,0.0,0.0,0.0,1615.0,0.0,0.0,0.0,3.8027,3.8027,,,,63.0,18.0,1.0,44.0,0.0,19.0
mode=periodic8s_blocking=0_defpreempt=0,nodes=32_prio=4_arrival=16s,1420052706459400740,7199.9728,0.8851,0.8092,0.8928,0.8151,0.8851,0.8928,595146.0033,356519.9903,425976.9206,277087.1098,303.0,211.0,190.0,125.0,6.9066,7.3288,4.199,3.6935,14.9692,58.0,22.0,0.0,36.0,0.0,22.0
mode=periodic8s_blocking=0_defpreempt=0,nodes=32_prio=4_arrival=16s,2219457405427907235,7199.3911,0.807,0.8873,0.8103,0.8912,0.8873,0.8912,491901.4685,445222.3853,259683.3921,205525.3246,366.0,195.0,192.0,137.0,3.5418,3.5434,2.58,5.6368,2.0365,40.0,23.0,3.0,14.0,0.0,26.0
mode=periodic8s_blocking=0_defpreempt=0,nodes=32_prio=4_arrival=16s,3848061858430934892,7199.7279,0.8852,0.7661,0.8917,0.7695,0.8852,0.8917,451732.4299,313005.6686,319782.6862,300174.51,405.0,252.0,179.0,129.0,4.336,3.5682,4.0444,8.1968,1.1527,41.0,23.0,1.0,17.0,0.0,24.0
mode=periodic8s_blocking=0_defpreempt=0,nodes=32_prio=4_arrival=4s,1420052706459400740,7199.1224,0.8803,0.8278,0.892,0.8352,0.8808,0.8927,592734.425,364246.4149,426257.5555,290939.8463,1052.0,729.0,665.0,537.0,2.0267,1.2677,2.4677,2.8797,1.7208,64.0,43.0,1.0,20.0,0.0,44.0
mode=periodic8s_blocking=0_defpreempt=0,nodes=32_prio=4_arrival=4s,2219457405427907235,7199.1443,0.8296,0.8678,0.8381,0.8774,0.8828,0.8931,485623.3559,409221.3443,348852.0166,213492.5617,1233.0,774.0,695.0,532.0,1.7032,1.9547,1.5394,1.7367,1.3623,60.0,48.0,0.0,12.0,0.0,48.0
mode=periodic8s_blocking=0_defpreempt=0,nodes=32_prio=4_arrival=4s,3848061858430934892,7198.9953,0.8816,0.7485,0.8898,0.7528,0.8816,0.8898,459652.9505,328136.8239,332576.3079,302843.8646,1305.0,918.0,719.0,602.0,1.1681,1.3168,1.1704,1.0598,1.0132,45.0,41.0,0.0,4.0,0.0,41.0
mode=periodic8s_blocking=0_defpreempt=0,nodes=32_prio=4_arrival=8s,1420052706459400740,7199.7248,0.8848,0.8366,0.8909,0.842,0.8857,0.8924,610698.9429,354994.8077,444362.5118,276304.511,558.0,370.0,363.0,244.0,2.7528,2.8954,2.7892,2.4139,2.918,49.0,37.0,0.0,12.0,0.0,37.0
mode=periodic8s_blocking=0_defpreempt=0,nodes=32_prio=4_arrival=8s,2219457405427907235,7199.3182,0.8138,0.8819,0.8197,0.8923,0.8819,0.8924,485083.3824,455306.3296,288391.0078,203866.9175,553.0,364.0,273.0,226.0,2.3348,3.6653,1.5081,0.8676,2.6161,48.0,21.0,1.0,26.0,0.0,22.0
mode=periodic8s_blocking=0_defpreempt=0,nodes=32_prio=4_arrival=8s,3848061858430934892,7198.9104,0.8802,0.7553,0.8902,0.7601,0.8802,0.8902,460491.082,310878.8284,323892.3683,304763.2665,636.0,447.0,343.0,271.0,2.58,1.9618,2.234,2.454,4.5089,47.0,29.0,1.0,17.0,0.0,30.0
mode=periodic8s_blocking=0_defpreempt=1,nodes=16_prio=1_arrival=16s,1420052706459400740,7199.2359,0.8835,0.8462,0.8919,0.8554,0.8986,0.9084,846251.501,0.0,0.0,0.0,775.0,0.0,0.0,0.0,3.5784,3.5784,,,,53.0,21.0,3.0,29.0,0.0,24.0
mode=periodic8s_blocking=0_defpreempt=1,nodes=16_prio=1_arrival=16s,2219457405427907235,7199.4192,0.8656,0.8485,0.8735,0.8562,0.8819,0.8909,788600.2945,0.0,0.0,0.0,677.0,0.0,0.0,0.0,5.5844,5.5844,,,,43.0,26.0,0.0,17.0,0.0,26.0
mode=periodic8s_blocking=0_defpreempt=1,nodes=16_prio=1_arrival=16s,3848061858430934892,7199.5771,0.8917,0.6865,0.9068,0.6942,0.8917,0.9068,686700.8087,0.0,0.0,0.0,906.0,0.0,0.0,0.0,4.7126,4.7126,,,,65.0,23.0,9.0,33.0,0.0,32.0
mode=periodic8s_blocking=0_defpreempt=1,nodes=16_prio=1_arrival=4s,1420052706459400740,7199.4737,0.8664,0.8369,0.8842,0.8547,0.8733,0.8925,815936.944,0.0,0.0,0.0,2797.0,0.0,0.0,0.0,2.0504,2.0504,,,,41.0,32.0,1.0,8.0,0.0,33.0
mode=periodic8s_blocking=0_defpreempt=1,nodes=16_prio=1_arrival=4s,2219457405427907235,7199.0078,0.8509,0.8241,0.8743,0.841,0.8662,0.8918,787761.6742,0.0,0.0,0.0,2759.0,0.0,0.0,0.0,1.6307,1.6307,,,,53.0,30.0,2.0,21.0,0.0,32.0
mode=periodic8s_blocking=0_defpreempt=1,nodes=16_prio=1_arrival=4s,3848061858430934892,7199.6725,0.874,0.6677,0.8908,0.6765,0.874,0.8908,650390.3406,0.0,0.0,0.0,2947.0,0.0,0.0,0.0,1.0906,1.0906,,,,38.0,23.0,2.0,13.0,0.0,25.0
mode=periodic8s_blocking=0_defpreempt=1,nodes=16_prio=1_arrival=8s,1420052706459400740,7199.4017,0.8703,0.8461,0.8804,0.8571,0.8791,0.8914,836369.5901,0.0,0.0,0.0,1451.0,0.0,0.0,0.0,2.0409,2.0409,,,,41.0,26.0,1.0,14.0,0.0,27.0
mode=periodic8s_blocking=0_defpreempt=1,nodes=16_prio=1_arrival=8s,2219457405427907235,7199.5007,0.8552,0.8558,0.8687,0.8691,0.878,0.8933,801053.4583,0.0,0.0,0.0,1327.0,0.0,0.0,0.0,3.4608,3.4608,,,,49.0,31.0,0.0,18.0,0.0,31.0
mode=periodic8s_blocking=0_defpreempt=1,nodes=16_prio=1_arrival=8s,3848061858430934892,7199.5065,0.8863,0.6654,0.8988,0.6736,0.8863,0.8988,668120.2199,0.0,0.0,0.0,1530.0,0.0,0.0,0.0,2.3909,2.3909,,,,40.0,26.0,6.0,8.0,0.0,32.0
mode=periodic8s_blocking=0_defpreempt=1,nodes=16_prio=4_arrival=16s,1420052706459400740,7199.6923,0.8764,0.8367,0.8872,0.8515,0.8792,0.8907,262012.0579,166957.3022,210871.3152,158966.7383,466.0,232.0,208.0,151.0,1.7955,6.0922,0.2579,0.1244,0.1733,42.0,17.0,0.0,25.0,0.0,17.0
mode=periodic8s_blocking=0_defpreempt=1,nodes=16_prio=4_arrival=16s,2219457405427907235,7199.6901,0.7715,0.8711,0.7851,0.8933,0.8713,0.8933,218561.8832,223027.6235,98110.1161,100007.7437,621.0,220.0,215.0,155.0,1.1169,3.0866,0.3139,0.1636,0.1429,80.0,29.0,9.0,42.0,0.0,38.0
mode=periodic8s_blocking=0_defpreempt=1,nodes=16_prio=4_arrival=16s,3848061858430934892,7199.9198,0.8764,0.7805,0.8896,0.7875,0.8765,0.8904,230046.4377,138273.2488,180134.1223,141607.8479,607.0,267.0,206.0,139.0,1.2684,3.7405,0.1128,0.1137,0.1259,100.0,38.0,3.0,59.0,0.0,41.0
mode=periodic8s_blocking=0_defpreempt=1,nodes=16_prio=4_arrival=4s,1420052706459400740,7199.5442,0.8617,0.8248,0.8797,0.8497,0.8689,0.8901,261266.2128,173451.1217,194811.6967,163416.7854,1782.0,875.0,743.0,615.0,0.566,1.5987,0.1603,0.1318,0.1048,60.0,47.0,0.0,13.0,0.0,47.0
mode=periodic8s_blocking=0_defpreempt=1,nodes=16_prio=4_arrival=4s,2219457405427907235,7200.0222,0.7985,0.8377,0.8215,0.8595,0.8652,0.8921,216529.0954,185299.4477,150262.637,107641.9564,1938.0,912.0,807.0,600.0,0.6171,1.6824,0.1135,0.1466,0.0875,56.0,40.0,7.0,9.0,0.0,47.0
mode=periodic8s_blocking=0_defpreempt=1,nodes=16_prio=4_arrival=4s,3848061858430934892,7199.8824,0.8672,0.7391,0.8908,0.7483,0.8672,0.8909,230336.4497,167605.4463,186647.4129,114606.3453,1965.0,1041.0,803.0,673.0,0.3106,0.7996,0.1015,0.0681,0.0964,102.0,64.0,1.0,37.0,0.0,65.0
mode=periodic8s_blocking=0_defpreempt=1,nodes=16_prio=4_arrival=8s,1420052706459400740,7199.9269,0.8717,0.8481,0.8839,0.8638,0.8789,0.8928,270282.5987,174199.1095,218131.888,151452.6591,944.0,417.0,399.0,274.0,0.816,2.518,0.1289,0.1066,0.1341,55.0,39.0,6.0,10.0,0.0,45.0
mode=periodic8s_blocking=0_defpreempt=1,nodes=16_prio=4_arrival=8s,2219457405427907235,7199.8756,0.7741,0.8662,0.7866,0.8873,0.8708,0.8918,215649.1021,224491.0286,128157.4246,98029.7512,986.0,423.0,346.0,259.0,0.6946,1.8589,0.1887,0.1551,0.1541,63.0,46.0,7.0,10.0,0.0,53.0
mode=periodic8s_blocking=0_defpreempt=1,nodes=16_prio=4_arrival=8s,3848061858430934892,7199.1898,0.8753,0.743,0.8905,0.7486,0.8754,0.8907,230500.3438,146372.9077,171222.0203,131572.1541,1144.0,502.0,390.0,316.0,0.4687,1.2809,0.0944,0.1086,0.069,73.0,56.0,2.0,15.0,0.0,58.0
mode=periodic8s_blocking=0_defpreempt=1,nodes=32_prio=1_arrival=16s,1420052706459400740,7199.3222,0.8913,0.8623,0.8982,0.8683,0.8981,0.9053,1669606.6399,0.0,0.0,0.0,814.0,0.0,0.0,0.0,5.9242,5.9242,,,,65.0,22.0,1.0,42.0,0.0,23.0
mode=periodic8s_blocking=0_defpreempt=1,nodes=32_prio=1_arrival=16s,2219457405427907235,7199.7651,0.876,0.8344,0.886,0.8399,0.8811,0.8917,1591870.5445,0.0,0.0,0.0,736.0,0.0,0.0,0.0,6.3352,6.3352,,,,70.0,18.0,0.0,52.0,0.0,18.0
mode=periodic8s_blocking=0_defpreempt=1,nodes=32_prio=1_arrival=16s,3848061858430934892,7199.9057,0.8686,0.7321,0.8915,0.7381,0.8686,0.8915,1437800.5584,0.0,0.0,0.0,965.0,0.0,0.0,0.0,12.4075,12.4075,,,,91.0,13.0,0.0,78.0,0.0,13.0
mode=periodic8s_blocking=0_defpreempt=1,nodes=32_prio=1_arrival=4s,1420052706459400740,7199.2806,0.879,0.8329,0.8907,0.8434,0.8801,0.8924,1611001.7043,0.0,0.0,0.0,2920.0,0.0,0.0,0.0,2.1396,2.1396,,,,68.0,37.0,1.0,30.0,0.0,38.0
mode=periodic8s_blocking=0_defpreempt=1,nodes=32_prio=1_arrival=4s,2219457405427907235,7199.1659,0.8782,0.818,0.8896,0.8284,0.8804,0.8923,1609356.4359,0.0,0.0,0.0,3037.0,0.0,0.0,0.0,2.1693,2.1693,,,,62.0,39.0,0.0,23.0,0.0,39.0
mode=periodic8s_blocking=0_defpreempt=1,nodes=32_prio=1_arrival=4s,3848061858430934892,7199.7947,0.8801,0.7246,0.8923,0.7286,0.8801,0.8923,1402906.0411,0.0,0.0,0.0,3152.0,0.0,0.0,0.0,0.9139,0.9139,,,,50.0,26.0,0.0,24.0,0.0,26.0
mode=periodic8s_blocking=0_defpreempt=1,nodes=32_prio=1_arrival=8s,1420052706459400740,7199.1464,0.8792,0.848,0.8885,0.8589,0.8804,0.8912,1661641.6191,0.0,0.0,0.0,1566.0,0.0,0.0,0.0,5.0656,5.0656,,,,76.0,29.0,1.0,46.0,0.0,30.0
mode=periodic8s_blocking=0_defpreempt=1,nodes=32_prio=1_arrival=8s,2219457405427907235,7199.1695,0.8712,0.8201,0.8882,0.8342,0.8749,0.8923,1594506.8342,0.0,0.0,0.0,1487.0,0.0,0.0,0.0,4.8611,4.8611,,,,78.0,22.0,0.0,56.0,0.0,22.0
mode=periodic8s_blocking=0_defpreempt=1,nodes=32_prio=1_arrival=8s,3848061858430934892,7199.0843,0.8729,0.7294,0.8912,0.7361,0.8729,0.8912,1440254.5963,0.0,0.0,0.0,1648.0,0.0,0.0,0.0,5.2097,5.2097,,,,68.0,17.0,0.0,51.0,0.0,17.0
mode=periodic8s_blocking=0_defpreempt=1,nodes=32_prio=4_arrival=16s,1420052706459400740,7199.9855,0.8854,0.8097,0.8927,0.815,0.8855,0.8927,590159.1453,357531.6751,427774.3497,279663.792,432.0,231.0,208.0,145.0,2.0087,6.7391,0.0814,0.1176,0.1667,49.0,18.0,1.0,30.0,0.0,19.0
mode=periodic8s_blocking=0_defpreempt=1,nodes=32_prio=4_arrival=16s,2219457405427907235,7199.4,0.8076,0.8868,0.8103,0.8912,0.8868,0.8912,489943.6949,446007.2514,261195.2212,206034.2363,513.0,223.0,223.0,162.0,0.8259,2.2277,0.1096,0.0543,0.0741,41.0,28.0,2.0,11.0,0.0,30.0
mode=periodic8s_blocking=0_defpreempt=1,nodes=32_prio=4_arrival=16s,3848061858430934892,7199.1079,0.8864,0.7671,0.8917,0.7695,0.8864,0.8917,449657.8172,314312.0339,321466.305,300520.0588,563.0,267.0,199.0,141.0,0.7178,1.8239,0.1977,0.1058,0.1049,46.0,26.0,8.0,12.0,0.0,34.0
mode=periodic8s_blocking=0_defpreempt=1,nodes=32_prio=4_arrival=4s,1420052706459400740,7199.0898,0.8819,0.8275,0.8917,0.8351,0.8823,0.8925,587384.1716,366978.4354,428653.6254,292597.2614,1546.0,879.0,747.0,613.0,0.3466,0.8981,0.0958,0.121,0.101,58.0,39.0,1.0,18.0,0.0,40.0
mode=periodic8s_blocking=0_defpreempt=1,nodes=32_prio=4_arrival=4s,2219457405427907235,7199.9145,0.8359,0.87,0.8458,0.8803,0.8867,0.8991,479641.2877,422919.2655,351101.9851,214813.8658,1802.0,906.0,808.0,601.0,0.4862,1.2298,0.1446,0.1167,0.0998,60.0,48.0,4.0,8.0,0.0,52.0
mode=periodic8s_blocking=0_defpreempt=1,nodes=32_prio=4_arrival=4s,3848061858430934892,7199.7769,0.8804,0.7485,0.8895,0.7526,0.8804,0.8895,456135.8217,330070.5598,333731.7771,303878.8557,1772.0,1034.0,790.0,669.0,0.2751,0.7266,0.0604,0.0421,0.0847,67.0,55.0,0.0,12.0,0.0,55.0
mode=periodic8s_blocking=0_defpreempt=1,nodes=32_prio=4_arrival=8s,1420052706459400740,7199.5926,0.8844,0.8358,0.8909,0.8419,0.8852,0.8923,606197.075,356815.7636,445813.7115,277502.8035,817.0,422.0,403.0,280.0,0.62,1.8258,0.0948,0.0705,0.0893,46.0,32.0,0.0,14.0,0.0,32.0
mode=periodic8s_blocking=0_defpreempt=1,nodes=32_prio=4_arrival=8s,2219457405427907235,7199.5221,0.81,0.8771,0.8197,0.8923,0.8772,0.8923,478075.9362,456794.2031,291463.0618,204978.4457,815.0,425.0,350.0,265.0,0.4934,1.1977,0.1323,0.1484,0.1407,55.0,21.0,0.0,34.0,0.0,21.0
mode=periodic8s_blocking=0_defpreempt=1,nodes=32_prio=4_arrival=8s,3848061858430934892,7199.5319,0.881,0.7561,0.8902,0.76,0.881,0.8902,456252.6116,312179.471,326069.0808,306712.4748,924.0,496.0,387.0,306.0,0.6348,1.8486,0.0701,0.062,0.0786,50.0,30.0,1.0,19.0,0.0,31.0
mode=periodic8s_blocking=1_defpreempt=0,nodes=16_prio=1_arrival=16s,1420052706459400740,7199.4697,0.8827,0.8461,0.8919,0.8554,0.8973,0.9084,845580.7452,0.0,0.0,0.0,768.0,0.0,0.0,0.0,4.5839,4.5839,,,,46.0,23.0,1.0,22.0,0.0,24.0
mode=periodic8s_blocking=1_defpreempt=0,nodes=16_prio=1_arrival=16s,2219457405427907235,7199.2931,0.8649,0.8488,0.8735,0.8561,0.8819,0.8909,788439.3844,0.0,0.0,0.0,678.0,0.0,0.0,0.0,5.8362,5.8362,,,,43.0,26.0,0.0,17.0,0.0,26.0
mode=periodic8s_blocking=1_defpreempt=0,nodes=16_prio=1_arrival=16s,3848061858430934892,7199.2119,0.8945,0.6871,0.9068,0.6942,0.8945,0.9068,687684.323,0.0,0.0,0.0,889.0,0.0,0.0,0.0,3.9926,3.9926,,,,73.0,25.0,10.0,38.0,0.0,35.0
mode=periodic8s_blocking=1_defpreempt=0,nodes=16_prio=1_arrival=4s,1420052706459400740,7199.4232,0.8666,0.8365,0.8842,0.8547,0.8729,0.8925,815535.9796,0.0,0.0,0.0,2762.0,0.0,0.0,0.0,2.1573,2.1573,,,,42.0,33.0,1.0,8.0,0.0,34.0
mode=periodic8s_blocking=1_defpreempt=0,nodes=16_prio=1_arrival=4s,2219457405427907235,7199.0224,0.8531,0.8231,0.8743,0.8408,0.8687,0.8917,787731.3188,0.0,0.0,0.0,2663.0,0.0,0.0,0.0,2.0859,2.0859,,,,50.0,29.0,3.0,18.0,0.0,32.0
mode=periodic8s_blocking=1_defpreempt=0,nodes=16_prio=1_arrival=4s,3848061858430934892,7199.4993,0.8726,0.6674,0.8907,0.6764,0.8726,0.8907,650010.6535,0.0,0.0,0.0,2917.0,0.0,0.0,0.0,1.1732,1.1732,,,,39.0,19.0,1.0,19.0,0.0,20.0
mode=periodic8s_blocking=1_defpreempt=0,nodes=16_prio=1_arrival=8s,1420052706459400740,7199.7149,0.8689,0.8452,0.8804,0.8572,0.8783,0.8914,835423.2779,0.0,0.0,0.0,1432.0,0.0,0.0,0.0,2.7344,2.7344,,,,42.0,23.0,2.0,17.0,0.0,25.0
mode=periodic8s_blocking=1_defpreempt=0,nodes=16_prio=1_arrival=8s,2219457405427907235,7199.8602,0.8549,0.8544,0.8686,0.8692,0.8778,0.8932,800428.7472,0.0,0.0,0.0,1334.0,0.0,0.0,0.0,3.839,3.839,,,,53.0,28.0,1.0,24.0,0.0,29.0
mode=periodic8s_blocking=1_defpreempt=0,nodes=16_prio=1_arrival=8s,3848061858430934892,7199.6616,0.8854,0.6646,0.8987,0.6735,0.8854,0.8987,667484.8537,0.0,0.0,0.0,1493.0,0.0,0.0,0.0,2.6149,2.6149,,,,40.0,25.0,4.0,11.0,0.0,29.0
mode=periodic8s_blocking=1_defpreempt=0,nodes=16_prio=4_arrival=16s,1420052706459400740,7199.162,0.8729,0.8357,0.8873,0.8517,0.8759,0.8908,266982.8005,166069.2752,208468.5526,157530.1208,272.0,210.0,182.0,136.0,7.0952,5.5275,3.7538,11.153,9.0519,43.0,19.0,1.0,23.0,0.0,20.0
mode=periodic8s_blocking=1_defpreempt=0,nodes=16_prio=4_arrival=16s,2219457405427907235,7199.2418,0.7725,0.8789,0.7853,0.8934,0.8789,0.8934,222226.1907,221119.5277,95422.7576,99057.5625,331.0,161.0,144.0,120.0,8.9699,12.5984,7.1243,8.9866,4.1111,55.0,25.0,3.0,27.0,0.0,28.0
mode=periodic8s_blocking=1_defpreempt=0,nodes=16_prio=4_arrival=16s,3848061858430934892,7199.1407,0.8791,0.7801,0.8897,0.7876,0.8791,0.8905,232793.3919,136747.5599,179164.8673,141042.1113,368.0,210.0,161.0,112.0,3.1053,4.1648,2.2938,2.5,3.0086,53.0,26.0,2.0,25.0,0.0,28.0
mode=periodic8s_blocking=1_defpreempt=0,nodes=16_prio=4_arrival=4s,1420052706459400740,7199.706,0.8597,0.8338,0.8801,0.8502,0.8706,0.8906,267532.9085,170768.9385,192408.3477,161617.1637,942.0,671.0,609.0,493.0,2.4204,2.7184,2.3871,2.6312,1.7088,56.0,48.0,1.0,7.0,0.0,49.0
mode=periodic8s_blocking=1_defpreempt=0,nodes=16_prio=4_arrival=4s,2219457405427907235,7199.2561,0.7974,0.8367,0.8223,0.8602,0.865,0.8929,222128.2328,182271.0177,146716.3331,105474.879,1072.0,699.0,632.0,481.0,2.5401,3.1992,2.071,2.2588,2.2515,49.0,30.0,3.0,16.0,0.0,33.0
mode=periodic8s_blocking=1_defpreempt=0,nodes=16_prio=4_arrival=4s,3848061858430934892,7199.2616,0.8726,0.7377,0.8918,0.749,0.8727,0.8919,234726.9291,165420.0672,184888.1391,113091.5594,1187.0,833.0,645.0,531.0,1.5165,1.6048,1.3206,1.5138,1.6536,58.0,43.0,0.0,15.0,0.0,43.0
mode=periodic8s_blocking=1_defpreempt=0,nodes=16_prio=4_arrival=8s,1420052706459400740,7199.4462,0.8698,0.8518,0.8841,0.8641,0.8788,0.8931,274664.8481,172345.8666,216230.7779,149364.2717,522.0,335.0,329.0,225.0,3.9916,4.3517,3.3412,3.287,5.2996,55.0,40.0,3.0,12.0,0.0,43.0
mode=periodic8s_blocking=1_defpreempt=0,nodes=16_prio=4_arrival=8s,2219457405427907235,7199.9691,0.7744,0.8697,0.7869,0.8877,0.8742,0.8922,218626.9143,223034.0164,126434.2634,96872.7437,550.0,325.0,249.0,200.0,3.7496,5.617,1.9033,2.8333,3.9372,52.0,35.0,7.0,10.0,0.0,42.0
mode=periodic8s_blocking=1_defpreempt=0,nodes=16_prio=4_arrival=8s,3848061858430934892,7199.3044,0.8778,0.7408,0.8906,0.7487,0.8779,0.8909,233349.9911,144886.6224,169926.4557,130207.1928,654.0,394.0,293.0,237.0,2.3533,1.9246,2.3955,2.237,3.3333,65.0,45.0,2.0,18.0,0.0,47.0
mode=periodic8s_blocking=1_defpreempt=0,nodes=32_prio=1_arrival=16s,1420052706459400740,7199.6029,0.8909,0.8622,0.8981,0.8683,0.8975,0.9053,1669218.9795,0.0,0.0,0.0,809.0,0.0,0.0,0.0,5.4831,5.4831,,,,74.0,29.0,0.0,45.0,0.0,29.0
mode=periodic8s_blocking=1_defpreempt=0,nodes=32_prio=1_arrival=16s,2219457405427907235,7199.4287,0.8772,0.8322,0.886,0.8398,0.8819,0.8916,1591061.5143,0.0,0.0,0.0,727.0,0.0,0.0,0.0,6.6983,6.6983,,,,67.0,20.0,0.0,47.0,0.0,20.0
mode=periodic8s_blocking=1_defpreempt=0,nodes=32_prio=1_arrival=16s,3848061858430934892,7199.1773,0.8794,0.7336,0.8914,0.7381,0.8794,0.8914,1443204.1929,0.0,0.0,0.0,944.0,0.0,0.0,0.0,5.7672,5.7672,,,,61.0,15.0,1.0,45.0,0.0,16.0
mode=periodic8s_blocking=1_defpreempt=0,nodes=32_prio=1_arrival=4s,1420052706459400740,7194.8478,0.8797,0.8344,0.8908,0.8435,0.8808,0.8925,1610809.5277,0.0,0.0,0.0,2952.0,0.0,0.0,0.0,2.0285,2.0285,,,,60.0,36.0,0.0,24.0,0.0,36.0
mode=periodic8s_blocking=1_defpreempt=0,nodes=32_prio=1_arrival=4s,2219457405427907235,7199.3332,0.8778,0.8183,0.8896,0.8283,0.8801,0.8923,1609410.012,0.0,0.0,0.0,3035.0,0.0,0.0,0.0,2.1263,2.1263,,,,61.0,36.0,0.0,25.0,0.0,36.0
mode=periodic8s_blocking=1_defpreempt=0,nodes=32_prio=1_arrival=4s,3848061858430934892,7199.0167,0.8821,0.7247,0.8923,0.7285,0.8821,0.8923,1403877.4594,0.0,0.0,0.0,3157.0,0.0,0.0,0.0,1.3813,1.3813,,,,46.0,27.0,0.0,19.0,0.0,27.0
mode=periodic8s_blocking=1_defpreempt=0,nodes=32_prio=1_arrival=8s,1420052706459400740,7199.1785,0.8798,0.8484,0.8885,0.859,0.8812,0.8912,1662291.1708,0.0,0.0,0.0,1531.0,0.0,0.0,0.0,4.4628,4.4628,,,,74.0,27.0,1.0,46.0,0.0,28.0
mode=periodic8s_blocking=1_defpreempt=0,nodes=32_prio=1_arrival=8s,2219457405427907235,7199.5203,0.8712,0.821,0.8882,0.8342,0.8748,0.8923,1594665.6021,0.0,0.0,0.0,1467.0,0.0,0.0,0.0,5.2799,5.2799,,,,77.0,18.0,0.0,59.0,0.0,18.0
mode=periodic8s_blocking=1_defpreempt=0,nodes=32_prio=1_arrival=8s,3848061858430934892,7199.5419,0.8711,0.7301,0.8912,0.7361,0.8711,0.8912,1439877.671,0.0,0.0,0.0,1642.0,0.0,0.0,0.0,5.4826,5.4826,,,,71.0,13.0,0.0,58.0,0.0,13.0
mode=periodic8s_blocking=1_defpreempt=0,nodes=32_prio=4_arrival=16s,1420052706459400740,7199.5351,0.882,0.8044,0.8927,0.8151,0.8821,0.8928,595150.1774,356033.8406,425451.52,274918.9764,284.0,206.0,196.0,124.0,9.7957,4.7009,5.8673,4.9538,31.9302,67.0,20.0,0.0,47.0,0.0,20.0
mode=periodic8s_blocking=1_defpreempt=0,nodes=32_prio=4_arrival=16s,2219457405427907235,7199.4444,0.8076,0.8876,0.8103,0.8913,0.8876,0.8913,491934.4159,445368.9558,259894.0866,205564.776,351.0,189.0,190.0,139.0,3.029,3.2313,2.0309,4.1755,2.4245,32.0,22.0,0.0,10.0,0.0,22.0
mode=periodic8s_blocking=1_defpreempt=0,nodes=32_prio=4_arrival=16s,3848061858430934892,7199.6488,0.886,0.7666,0.8917,0.7695,0.886,0.8917,451568.4453,312781.4441,320729.6761,300142.5084,410.0,238.0,173.0,128.0,2.6849,2.4019,3.3205,3.2527,1.4231,41.0,20.0,5.0,16.0,0.0,25.0
mode=periodic8s_blocking=1_defpreempt=0,nodes=32_prio=4_arrival=4s,1420052706459400740,7199.4817,0.8815,0.8276,0.8921,0.8354,0.882,0.8928,591977.0712,364073.0229,426453.661,291326.7419,1052.0,716.0,666.0,537.0,2.1621,2.2511,2.5532,2.4715,1.1241,62.0,46.0,1.0,15.0,0.0,47.0
mode=periodic8s_blocking=1_defpreempt=0,nodes=32_prio=4_arrival=4s,2219457405427907235,7197.6875,0.8296,0.8679,0.838,0.8773,0.8828,0.8929,485935.1887,409268.6786,348865.8697,213079.9693,1229.0,788.0,707.0,529.0,1.7208,1.6339,1.8593,1.5034,2.0076,57.0,47.0,1.0,9.0,0.0,48.0
mode=periodic8s_blocking=1_defpreempt=0,nodes=32_prio=4_arrival=4s,3848061858430934892,7199.0255,0.8819,0.7485,0.8898,0.7528,0.8819,0.8898,459816.4105,328114.137,332546.5428,302817.9458,1279.0,912.0,711.0,598.0,1.0871,1.1231,1.1661,0.9519,1.0615,38.0,36.0,1.0,1.0,0.0,37.0
mode=periodic8s_blocking=1_defpreempt=0,nodes=32_prio=4_arrival=8s,1420052706459400740,7199.7619,0.8848,0.8362,0.891,0.842,0.8857,0.8924,611023.0603,355259.1036,444262.7509,276027.9997,568.0,379.0,368.0,240.0,2.9121,2.6211,2.5858,2.5068,4.6292,54.0,40.0,0.0,14.0,0.0,40.0
mode=periodic8s_blocking=1_defpreempt=0,nodes=32_prio=4_arrival=8s,2219457405427907235,7199.4212,0.8131,0.881,0.8198,0.8924,0.881,0.8924,483840.083,454958.9608,288161.1078,203960.6598,551.0,354.0,272.0,226.0,4.3851,5.9415,2.0306,6.1154,2.5134,55.0,26.0,1.0,28.0,0.0,27.0
mode=periodic8s_blocking=1_defpreempt=0,nodes=32_prio=4_arrival=8s,3848061858430934892,7199.0172,0.8812,0.756,0.8903,0.7601,0.8812,0.8903,460477.2583,310607.6377,324488.6827,305216.2901,676.0,443.0,353.0,272.0,2.2266,1.6391,2.2784,2.5528,2.9007,61.0,30.0,1.0,30.0,0.0,31.0
mode=periodic8s_blocking=1_defpreempt=1,nodes=16_prio=1_arrival=16s,1420052706459400740,7199.1783,0.884,0.8471,0.892,0.8555,0.8989,0.9084,846398.1197,0.0,0.0,0.0,778.0,0.0,0.0,0.0,3.291,3.291,,,,49.0,27.0,2.0,20.0,0.0,29.0
mode=periodic8s_blocking=1_defpreempt=1,nodes=16_prio=1_arrival=16s,2219457405427907235,7199.7012,0.8661,0.8494,0.8734,0.8561,0.8829,0.8908,789152.2141,0.0,0.0,0.0,691.0,0.0,0.0,0.0,4.9257,4.9257,,,,39.0,24.0,1.0,14.0,0.0,25.0
mode=periodic8s_blocking=1_defpreempt=1,nodes=16_prio=1_arrival=16s,3848061858430934892,7199.3126,0.8925,0.687,0.9068,0.6943,0.8925,0.9068,687474.4449,0.0,0.0,0.0,912.0,0.0,0.0,0.0,3.5272,3.5272,,,,74.0,27.0,9.0,38.0,0.0,36.0
mode=periodic8s_blocking=1_defpreempt=1,nodes=16_prio=1_arrival=4s,1420052706459400740,7199.3887,0.8665,0.8361,0.8842,0.8548,0.8735,0.8925,815511.9599,0.0,0.0,0.0,2734.0,0.0,0.0,0.0,2.2266,2.2266,,,,43.0,34.0,1.0,8.0,0.0,35.0
mode=periodic8s_blocking=1_defpreempt=1,nodes=16_prio=1_arrival=4s,2219457405427907235,7199.5272,0.851,0.8206,0.8742,0.8409,0.866,0.8916,786766.7293,0.0,0.0,0.0,2686.0,0.0,0.0,0.0,2.1267,2.1267,,,,50.0,25.0,5.0,20.0,0.0,30.0
mode=periodic8s_blocking=1_defpreempt=1,nodes=16_prio=1_arrival=4s,3848061858430934892,7199.0612,0.8705,0.6671,0.8906,0.6764,0.8705,0.8906,649458.7452,0.0,0.0,0.0,2932.0,0.0,0.0,0.0,1.1926,1.1926,,,,48.0,27.0,3.0,18.0,0.0,30.0
mode=periodic8s_blocking=1_defpreempt=1,nodes=16_prio=1_arrival=8s,1420052706459400740,7199.2186,0.8688,0.8442,0.8803,0.857,0.8781,0.8913,835494.86,0.0,0.0,0.0,1463.0,0.0,0.0,0.0,2.9151,2.9151,,,,45.0,25.0,1.0,19.0,0.0,26.0
mode=periodic8s_blocking=1_defpreempt=1,nodes=16_prio=1_arrival=8s,2219457405427907235,7199.6964,0.8546,0.8549,0.8685,0.8689,0.8776,0.893,800786.8767,0.0,0.0,0.0,1357.0,0.0,0.0,0.0,3.6498,3.6498,,,,44.0,27.0,2.0,15.0,0.0,29.0
mode=periodic8s_blocking=1_defpreempt=1,nodes=16_prio=1_arrival=8s,3848061858430934892,7199.2439,0.8851,0.6649,0.8986,0.6733,0.8851,0.8986,667565.4778,0.0,0.0,0.0,1517.0,0.0,0.0,0.0,2.5217,2.5217,,,,39.0,24.0,5.0,10.0,0.0,29.0
mode=periodic8s_blocking=1_defpreempt=1,nodes=16_prio=4_arrival=16s,1420052706459400740,7199.6306,0.878,0.8397,0.8873,0.8517,0.8806,0.8908,263136.1702,167023.9726,210901.5495,158981.7433,490.0,232.0,208.0,151.0,1.3082,4.3333,0.1176,0.1244,0.1133,45.0,23.0,4.0,18.0,0.0,27.0
mode=periodic8s_blocking=1_defpreempt=1,nodes=16_prio=4_arrival=16s,2219457405427907235,7199.7117,0.7746,0.8756,0.7851,0.8933,0.876,0.8933,220559.0812,223116.7337,98113.7794,100013.6714,617.0,225.0,215.0,156.0,0.865,2.4552,0.1535,0.1045,0.1605,81.0,35.0,6.0,40.0,0.0,41.0
mode=periodic8s_blocking=1_defpreempt=1,nodes=16_prio=4_arrival=16s,3848061858430934892,7199.2421,0.879,0.7814,0.8895,0.7874,0.8793,0.8904,230828.5318,138251.9907,180105.7138,141590.8931,607.0,266.0,206.0,139.0,0.9075,2.6701,0.1165,0.0521,0.0909,58.0,31.0,7.0,20.0,0.0,38.0
mode=periodic8s_blocking=1_defpreempt=1,nodes=16_prio=4_arrival=4s,1420052706459400740,7199.9941,0.8631,0.8263,0.8796,0.8495,0.8708,0.8901,261883.6933,173533.6788,194886.768,163417.2452,1771.0,874.0,749.0,612.0,0.5455,1.5512,0.1672,0.1199,0.107,58.0,48.0,0.0,10.0,0.0,48.0
mode=periodic8s_blocking=1_defpreempt=1,nodes=16_prio=4_arrival=4s,2219457405427907235,7199.768,0.7989,0.8368,0.8215,0.8593,0.8657,0.8921,216199.1297,185296.9278,150244.5447,107597.4726,1900.0,916.0,812.0,597.0,0.6459,1.8142,0.1008,0.1161,0.0945,42.0,30.0,5.0,7.0,0.0,35.0
mode=periodic8s_blocking=1_defpreempt=1,nodes=16_prio=4_arrival=4s,3848061858430934892,7199.7914,0.8677,0.7402,0.8911,0.7485,0.8678,0.8912,230877.4543,167575.4853,186652.1608,114643.0937,1935.0,1044.0,799.0,668.0,0.2773,0.6837,0.0944,0.0983,0.0852,99.0,70.0,0.0,29.0,0.0,70.0
mode=periodic8s_blocking=1_defpreempt=1,nodes=16_prio=4_arrival=8s,1420052706459400740,7199.3634,0.8719,0.8485,0.8838,0.8638,0.8792,0.8927,270398.4593,174178.2116,218056.1709,151434.3386,929.0,418.0,395.0,278.0,1.1929,3.6908,0.1647,0.1103,0.1714,59.0,41.0,6.0,12.0,0.0,47.0
mode=periodic8s_blocking=1_defpreempt=1,nodes=16_prio=4_arrival=8s,2219457405427907235,7199.2784,0.7753,0.8663,0.7867,0.8874,0.8711,0.8919,215908.3045,224551.3318,128166.4295,98026.7465,991.0,428.0,348.0,257.0,0.797,2.1967,0.1972,0.1264,0.1136,56.0,41.0,3.0,12.0,0.0,44.0
mode=periodic8s_blocking=1_defpreempt=1,nodes=16_prio=4_arrival=8s,3848061858430934892,7198.732,0.8738,0.7427,0.8901,0.7483,0.8739,0.8904,230168.5732,146299.545,171181.5592,131520.5662,1124.0,496.0,389.0,315.0,0.3927,1.0945,0.0503,0.1163,0.0409,111.0,49.0,1.0,61.0,0.0,50.0
mode=periodic8s_blocking=1_defpreempt=1,nodes=32_prio=1_arrival=16s,1420052706459400740,7199.9572,0.8907,0.8625,0.8982,0.8683,0.8976,0.9053,1669480.66,0.0,0.0,0.0,808.0,0.0,0.0,0.0,5.7245,5.7245,,,,66.0,24.0,0.0,42.0,0.0,24.0
mode=periodic8s_blocking=1_defpreempt=1,nodes=32_prio=1_arrival=16s,2219457405427907235,7199.6698,0.8769,0.8343,0.8862,0.84,0.882,0.8918,1591815.9299,0.0,0.0,0.0,715.0,0.0,0.0,0.0,5.8445,5.8445,,,,66.0,19.0,0.0,47.0,0.0,19.0
mode=periodic8s_blocking=1_defpreempt=1,nodes=32_prio=1_arrival=16s,3848061858430934892,7199.2823,0.8775,0.7318,0.8914,0.7381,0.8775,0.8914,1440863.3707,0.0,0.0,0.0,926.0,0.0,0.0,0.0,8.4915,8.4915,,,,75.0,13.0,1.0,61.0,0.0,14.0
mode=periodic8s_blocking=1_defpreempt=1,nodes=32_prio=1_arrival=4s,1420052706459400740,7199.7795,0.8781,0.8314,0.8908,0.8435,0.8786,0.8925,1609857.7481,0.0,0.0,0.0,2953.0,0.0,0.0,0.0,2.634,2.634,,,,71.0,36.0,0.0,35.0,0.0,36.0
mode=periodic8s_blocking=1_defpreempt=1,nodes=32_prio=1_arrival=4s,2219457405427907235,7199.2781,0.8755,0.8161,0.8896,0.8283,0.8777,0.8923,1607335.9702,0.0,0.0,0.0,2995.0,0.0,0.0,0.0,2.4787,2.4787,,,,73.0,34.0,1.0,38.0,0.0,35.0
mode=periodic8s_blocking=1_defpreempt=1,nodes=32_prio=1_arrival=4s,3848061858430934892,7199.5098,0.8798,0.7244,0.8923,0.7285,0.8798,0.8923,1402545.9281,0.0,0.0,0.0,3125.0,0.0,0.0,0.0,0.8232,0.8232,,,,50.0,27.0,0.0,23.0,0.0,27.0
mode=periodic8s_blocking=1_defpreempt=1,nodes=32_prio=1_arrival=8s,1420052706459400740,7199.6689,0.8798,0.8502,0.8885,0.8589,0.8818,0.8911,1663718.9429,0.0,0.0,0.0,1544.0,0.0,0.0,0.0,3.5211,3.5211,,,,69.0,24.0,0.0,45.0,0.0,24.0
mode=periodic8s_blocking=1_defpreempt=1,nodes=32_prio=1_arrival=8s,2219457405427907235,7200.064,0.8718,0.8216,0.8883,0.8342,0.8757,0.8924,1595902.7293,0.0,0.0,0.0,1485.0,0.0,0.0,0.0,5.2454,5.2454,,,,74.0,18.0,1.0,55.0,0.0,19.0
mode=periodic8s_blocking=1_defpreempt=1,nodes=32_prio=1_arrival=8s,3848061858430934892,7199.2844,0.873,0.7302,0.8912,0.7361,0.873,0.8912,1440482.5365,0.0,0.0,0.0,1640.0,0.0,0.0,0.0,4.9669,4.9669,,,,62.0,15.0,0.0,47.0,0.0,15.0
mode=periodic8s_blocking=1_defpreempt=1,nodes=32_prio=4_arrival=16s,1420052706459400740,7199.5461,0.8832,0.8074,0.8926,0.815,0.8832,0.8926,588086.3801,357440.1767,427703.8681,279629.3358,453.0,228.0,210.0,145.0,1.637,5.2034,0.1284,0.1942,0.2,58.0,20.0,0.0,38.0,0.0,20.0
mode=periodic8s_blocking=1_defpreempt=1,nodes=32_prio=4_arrival=16s,2219457405427907235,7199.5903,0.8078,0.887,0.8102,0.8911,0.887,0.8911,490320.7018,445969.4586,261164.0295,206015.3606,502.0,223.0,224.0,161.0,1.0011,2.7006,0.0921,0.0766,0.1429,33.0,20.0,1.0,12.0,0.0,21.0
mode=periodic8s_blocking=1_defpreempt=1,nodes=32_prio=4_arrival=16s,3848061858430934892,7199.7842,0.8865,0.7672,0.8915,0.7694,0.8865,0.8915,449928.678,314294.8634,321454.1791,300486.1247,553.0,269.0,199.0,141.0,0.6498,1.788,0.0871,0.0433,0.0559,62.0,30.0,7.0,25.0,0.0,37.0
mode=periodic8s_blocking=1_defpreempt=1,nodes=32_prio=4_arrival=4s,1420052706459400740,7199.3529,0.8809,0.8263,0.8918,0.8352,0.8812,0.8925,586008.6171,366980.0397,428654.2313,292613.1873,1580.0,873.0,742.0,612.0,0.4429,1.165,0.1309,0.1343,0.1059,60.0,40.0,2.0,18.0,0.0,42.0
mode=periodic8s_blocking=1_defpreempt=1,nodes=32_prio=4_arrival=4s,2219457405427907235,7199.4763,0.8294,0.8672,0.8378,0.8771,0.8819,0.8927,480847.9363,411827.9958,351072.4721,214852.0798,1728.0,923.0,801.0,600.0,0.4501,1.1788,0.1111,0.0844,0.08,54.0,44.0,2.0,8.0,0.0,46.0
mode=periodic8s_blocking=1_defpreempt=1,nodes=32_prio=4_arrival=4s,3848061858430934892,7199.1061,0.8805,0.7488,0.8894,0.7525,0.8805,0.8894,456167.2697,329997.3034,333637.102,303839.6899,1774.0,1034.0,790.0,669.0,0.2945,0.7584,0.07,0.0768,0.0847,49.0,47.0,0.0,2.0,0.0,47.0
mode=periodic8s_blocking=1_defpreempt=1,nodes=32_prio=4_arrival=8s,1420052706459400740,7199.5338,0.8853,0.8362,0.8909,0.8419,0.8861,0.8923,606913.3727,356815.7728,445826.1912,277522.3803,805.0,422.0,403.0,279.0,0.8738,2.5919,0.1066,0.0882,0.1039,48.0,34.0,0.0,14.0,0.0,34.0
mode=periodic8s_blocking=1_defpreempt=1,nodes=32_prio=4_arrival=8s,2219457405427907235,7199.9565,0.8119,0.8798,0.8197,0.8923,0.8798,0.8923,479742.9219,456843.9473,291483.6148,204965.8046,807.0,428.0,347.0,263.0,0.572,1.536,0.0922,0.0942,0.0805,51.0,21.0,1.0,29.0,0.0,22.0
mode=periodic8s_blocking=1_defpreempt=1,nodes=32_prio=4_arrival=8s,3848061858430934892,7199.5501,0.8824,0.7571,0.8902,0.76,0.8824,0.8902,457367.1024,312236.3997,326065.8706,306696.4593,926.0,494.0,391.0,306.0,0.4232,1.1775,0.0701,0.0713,0.0377,42.0,23.0,6.0,13.0,0.0,29.0
mode=schedulingfailure_blocking=0_defpreempt=0,nodes=16_prio=1_arrival=16s,1420052706459400740,7199.5786,0.8829,0.8464,0.8919,0.8554,0.8984,0.9083,844459.8115,0.0,0.0,0.0,719.0,0.0,0.0,0.0,6.0878,6.0878,,,,117.0,56.0,3.0,58.0,0.0,59.0
mode=schedulingfailure_blocking=0_defpreempt=0,nodes=16_prio=1_arrival=16s,2219457405427907235,7199.9389,0.8664,0.8485,0.8734,0.8561,0.883,0.8908,787750.0327,0.0,0.0,0.0,654.0,0.0,0.0,0.0,7.8046,7.8046,,,,94.0,44.0,5.0,45.0,0.0,49.0
mode=schedulingfailure_blocking=0_defpreempt=0,nodes=16_prio=1_arrival=16s,3848061858430934892,7199.6912,0.8918,0.6855,0.9067,0.6941,0.8918,0.9067,685713.1835,0.0,0.0,0.0,868.0,0.0,0.0,0.0,5.744,5.744,,,,146.0,65.0,20.0,61.0,1.0,84.0
mode=schedulingfailure_blocking=0_defpreempt=0,nodes=16_prio=1_arrival=4s,1420052706459400740,7199.7816,0.8577,0.8303,0.8836,0.8543,0.865,0.8919,805918.0072,0.0,0.0,0.0,2232.0,0.0,0.0,0.0,5.1537,5.1537,,,,217.0,109.0,9.0,99.0,1.0,117.0
mode=schedulingfailure_blocking=0_defpreempt=0,nodes=16_prio=1_arrival=4s,2219457405427907235,7199.8699,0.8489,0.8593,0.8804,0.8893,0.8815,0.916,788979.4455,0.0,0.0,0.0,2012.0,0.0,0.0,0.0,6.0691,6.0691,,,,254.0,112.0,24.0,118.0,2.0,134.0
mode=schedulingfailure_blocking=0_defpreempt=0,nodes=16_prio=1_arrival=4s,3848061858430934892,7197.0852,0.8691,0.66,0.8904,0.6761,0.8691,0.8904,642578.7928,0.0,0.0,0.0,2573.0,0.0,0.0,0.0,3.3335,3.3335,,,,225.0,130.0,48.0,47.0,3.0,175.0
mode=schedulingfailure_blocking=0_defpreempt=0,nodes=16_prio=1_arrival=8s,1420052706459400740,7199.7124,0.8661,0.8433,0.8801,0.8569,0.8758,0.8911,831390.8244,0.0,0.0,0.0,1319.0,0.0,0.0,0.0,5.1098,5.1098,,,,159.0,83.0,8.0,68.0,1.0,90.0
mode=schedulingfailure_blocking=0_defpreempt=0,nodes=16_prio=1_arrival=8s,2219457405427907235,7199.5604,0.8539,0.8555,0.8683,0.869,0.8776,0.893,797869.9449,0.0,0.0,0.0,1189.0,0.0,0.0,0.0,6.0819,6.0819,,,,158.0,84.0,10.0,64.0,2.0,92.0
mode=schedulingfailure_blocking=0_defpreempt=0,nodes=16_prio=1_arrival=8s,3848061858430934892,7200.0045,0.8832,0.6621,0.8982,0.673,0.8832,0.8982,664337.6671,0.0,0.0,0.0,1480.0,0.0,0.0,0.0,4.5774,4.5774,,,,165.0,94.0,27.0,44.0,1.0,120.0
mode=schedulingfailure_blocking=0_defpreempt=0,nodes=16_prio=4_arrival=16s,1420052706459400740,7199.7603,0.8743,0.8398,0.8873,0.8517,0.8777,0.8908,264407.0628,165754.0547,209526.2916,157291.5412,323.0,175.0,159.0,115.0,9.6571,16.7143,5.3293,5.0,10.7193,103.0,52.0,2.0,49.0,0.0,54.0
mode=schedulingfailure_blocking=0_defpreempt=0,nodes=16_prio=4_arrival=16s,2219457405427907235,7199.4607,0.7717,0.8775,0.7852,0.8934,0.8775,0.8934,221940.5555,221043.7387,96110.8986,99059.2233,415.0,147.0,128.0,118.0,9.2825,12.268,8.5677,7.6165,5.9435,121.0,56.0,8.0,57.0,0.0,64.0
mode=schedulingfailure_blocking=0_defpreempt=0,nodes=16_prio=4_arrival=16s,3848061858430934892,7199.5388,0.88,0.7809,0.8895,0.7874,0.8803,0.8903,232203.7693,136920.4487,179296.9258,141060.1894,516.0,201.0,158.0,113.0,3.8219,3.8687,4.3614,3.5951,3.1026,148.0,82.0,12.0,54.0,1.0,93.0
mode=schedulingfailure_blocking=0_defpreempt=0,nodes=16_prio=4_arrival=4s,1420052706459400740,7199.62,0.8574,0.8295,0.8798,0.8498,0.868,0.8903,264805.699,168882.4067,191826.204,161008.5422,1029.0,554.0,514.0,437.0,4.3036,5.2756,4.5236,3.6627,3.2398,233.0,144.0,10.0,79.0,1.0,153.0
mode=schedulingfailure_blocking=0_defpreempt=0,nodes=16_prio=4_arrival=4s,2219457405427907235,7200.334,0.7929,0.8327,0.822,0.8598,0.8617,0.8926,219034.5981,179824.5466,145496.9329,105066.4016,1242.0,566.0,516.0,410.0,4.4616,4.5383,4.0405,5.3843,3.7026,255.0,151.0,20.0,84.0,2.0,169.0
mode=schedulingfailure_blocking=0_defpreempt=0,nodes=16_prio=4_arrival=4s,3848061858430934892,7199.6462,0.8679,0.7327,0.8913,0.7486,0.868,0.8914,231632.9685,164232.1642,184591.6732,112624.6541,1497.0,669.0,576.0,473.0,2.5398,2.8066,2.756,1.8898,2.5378,400.0,230.0,23.0,147.0,6.0,247.0
mode=schedulingfailure_blocking=0_defpreempt=0,nodes=16_prio=4_arrival=8s,1420052706459400740,7199.8319,0.868,0.8482,0.8838,0.8639,0.8765,0.8928,271794.8427,171279.9582,216079.1786,149278.9445,590.0,284.0,276.0,190.0,6.9653,9.5479,6.2238,3.9299,7.2969,156.0,80.0,11.0,65.0,0.0,91.0
mode=schedulingfailure_blocking=0_defpreempt=0,nodes=16_prio=4_arrival=8s,2219457405427907235,7198.807,0.7729,0.8682,0.7867,0.8875,0.8729,0.892,216981.3069,222814.3434,126708.4566,96863.0773,801.0,301.0,230.0,195.0,4.1946,5.8744,2.866,3.3306,3.8744,194.0,110.0,26.0,58.0,1.0,135.0
mode=schedulingfailure_blocking=0_defpreempt=0,nodes=16_prio=4_arrival=8s,3848061858430934892,7199.9881,0.8758,0.7402,0.8903,0.7485,0.876,0.8906,231651.1404,144731.0966,169991.0286,130551.3107,904.0,353.0,294.0,226.0,2.7705,3.0173,2.8446,2.3819,2.6812,234.0,140.0,17.0,77.0,3.0,154.0
mode=schedulingfailure_blocking=0_defpreempt=0,nodes=32_prio=1_arrival=16s,1420052706459400740,7199.5211,0.89,0.8618,0.8982,0.8683,0.8973,0.9053,1666217.4241,0.0,0.0,0.0,738.0,0.0,0.0,0.0,11.0418,11.0418,,,,116.0,43.0,1.0,72.0,0.0,44.0
mode=schedulingfailure_blocking=0_defpreempt=0,nodes=32_prio=1_arrival=16s,2219457405427907235,7199.3429,0.8744,0.8308,0.886,0.8399,0.8801,0.8916,1584616.0714,0.0,0.0,0.0,626.0,0.0,0.0,0.0,17.0825,17.0825,,,,113.0,35.0,2.0,76.0,0.0,37.0
mode=schedulingfailure_blocking=0_defpreempt=0,nodes=32_prio=1_arrival=16s,3848061858430934892,7199.7309,0.877,0.7291,0.8913,0.738,0.877,0.8913,1435213.3657,0.0,0.0,0.0,825.0,0.0,0.0,0.0,14.517,14.517,,,,125.0,28.0,2.0,95.0,1.0,29.0
mode=schedulingfailure_blocking=0_defpreempt=0,nodes=32_prio=1_arrival=4s,1420052706459400740,7199.36,0.8763,0.8296,0.8906,0.8433,0.8776,0.8922,1600500.3222,0.0,0.0,0.0,2414.0,0.0,0.0,0.0,5.6512,5.6512,,,,192.0,96.0,4.0,92.0,0.0,100.0
mode=schedulingfailure_blocking=0_defpreempt=0,nodes=32_prio=1_arrival=4s,2219457405427907235,7199.685,0.8716,0.8117,0.8897,0.8281,0.874,0.8923,1594965.2105,0.0,0.0,0.0,2309.0,0.0,0.0,0.0,6.628,6.628,,,,209.0,100.0,0.0,109.0,4.0,96.0
mode=schedulingfailure_blocking=0_defpreempt=0,nodes=32_prio=1_arrival=4s,3848061858430934892,7197.8573,0.8759,0.717,0.8921,0.7284,0.8759,0.8921,1388481.9799,0.0,0.0,0.0,2542.0,0.0,0.0,0.0,4.9341,4.9341,,,,163.0,88.0,1.0,74.0,1.0,88.0
mode=schedulingfailure_blocking=0_defpreempt=0,nodes=32_prio=1_arrival=8s,1420052706459400740,7199.8436,0.8775,0.8481,0.8884,0.8589,0.8795,0.8911,1657168.5131,0.0,0.0,0.0,1332.0,0.0,0.0,0.0,7.8367,7.8367,,,,163.0,79.0,2.0,82.0,0.0,81.0
mode=schedulingfailure_blocking=0_defpreempt=0,nodes=32_prio=1_arrival=8s,2219457405427907235,7199.637,0.8688,0.8178,0.888,0.8341,0.8729,0.8922,1585341.3495,0.0,0.0,0.0,1210.0,0.0,0.0,0.0,13.898,13.898,,,,150.0,47.0,0.0,103.0,0.0,47.0
mode=schedulingfailure_blocking=0_defpreempt=0,nodes=32_prio=1_arrival=8s,3848061858430934892,7199.3229,0.8665,0.7216,0.8911,0.736,0.8665,0.8911,1425221.093,0.0,0.0,0.0,1354.0,0.0,0.0,0.0,14.3645,14.3645,,,,146.0,49.0,1.0,96.0,0.0,50.0
mode=schedulingfailure_blocking=0_defpreempt=0,nodes=32_prio=4_arrival=16s,1420052706459400740,7199.583,0.8808,0.804,0.8927,0.815,0.8808,0.8927,591397.969,354556.0188,425808.5163,274454.3984,267.0,186.0,164.0,117.0,17.2092,19.6302,13.3636,3.775,36.5656,98.0,36.0,0.0,62.0,0.0,36.0
mode=schedulingfailure_blocking=0_defpreempt=0,nodes=32_prio=4_arrival=16s,2219457405427907235,7199.7846,0.8063,0.887,0.8102,0.8911,0.887,0.8911,490298.7167,444724.2017,259414.734,205420.9568,376.0,177.0,161.0,128.0,6.5791,8.1697,5.3077,8.1509,2.9922,80.0,49.0,2.0,29.0,0.0,51.0
mode=schedulingfailure_blocking=0_defpreempt=0,nodes=32_prio=4_arrival=16s,3848061858430934892,7199.0555,0.8872,0.7667,0.8916,0.7694,0.8872,0.8916,450839.2636,313089.1279,320753.3915,300021.2569,453.0,224.0,167.0,124.0,3.1943,3.242,3.7545,2.9034,2.5159,84.0,46.0,13.0,25.0,0.0,59.0
mode=schedulingfailure_blocking=0_defpreempt=0,nodes=32_prio=4_arrival=4s,1420052706459400740,7199.3607,0.8789,0.8242,0.8917,0.835,0.8795,0.8924,587241.7979,361554.5947,425674.4048,290377.0967,1049.0,601.0,550.0,470.0,4.8814,6.6613,5.581,3.2909,3.0644,200.0,127.0,2.0,71.0,3.0,126.0
mode=schedulingfailure_blocking=0_defpreempt=0,nodes=32_prio=4_arrival=4s,2219457405427907235,7199.4759,0.8265,0.8658,0.8379,0.8772,0.8808,0.8928,481077.8249,406724.6933,347288.4219,212614.104,1215.0,600.0,554.0,461.0,4.018,4.2151,4.2965,3.8704,3.462,206.0,143.0,8.0,55.0,3.0,148.0
mode=schedulingfailure_blocking=0_defpreempt=0,nodes=32_prio=4_arrival=4s,3848061858430934892,7198.9135,0.88,0.7444,0.8895,0.7527,0.88,0.8895,456516.3364,325968.6593,331110.9197,301954.7959,1285.0,748.0,603.0,535.0,2.7714,3.1992,3.1295,2.2323,2.1362,185.0,137.0,12.0,36.0,5.0,144.0
mode=schedulingfailure_blocking=0_defpreempt=0,nodes=32_prio=4_arrival=8s,1420052706459400740,7199.8935,0.8854,0.8365,0.8908,0.8418,0.8862,0.8923,609134.3803,354452.1542,444074.397,275992.4314,575.0,334.0,319.0,220.0,4.75,6.1559,4.3084,3.4217,4.6455,106.0,74.0,1.0,31.0,0.0,75.0
mode=schedulingfailure_blocking=0_defpreempt=0,nodes=32_prio=4_arrival=8s,2219457405427907235,7199.0125,0.8111,0.8817,0.8198,0.8923,0.8817,0.8923,481497.6102,453461.896,289055.793,203641.3928,547.0,315.0,243.0,204.0,6.7757,8.191,6.9595,6.4436,3.9356,123.0,49.0,9.0,65.0,0.0,58.0
mode=schedulingfailure_blocking=0_defpreempt=0,nodes=32_prio=4_arrival=8s,3848061858430934892,7197.2303,0.8825,0.755,0.8902,0.76,0.8825,0.8902,458457.6887,309496.1129,324498.9089,304991.3155,727.0,382.0,317.0,248.0,3.6571,3.1516,4.6867,2.7237,4.2846,128.0,85.0,13.0,30.0,2.0,96.0
mode=stablequeue2s_blocking=0_defpreempt=0,nodes=16_prio=1_arrival=16s,1420052706459400740,7199.3729,0.8833,0.8463,0.8919,0.8554,0.8978,0.9083,845907.1674,0.0,0.0,0.0,804.0,0.0,0.0,0.0,4.2944,4.2944,,,,151.0,37.0,0.0,114.0,0.0,37.0
mode=stablequeue2s_blocking=0_defpreempt=0,nodes=16_prio=1_arrival=16s,2219457405427907235,7199.4846,0.867,0.8497,0.8737,0.8563,0.8837,0.8911,789429.2908,0.0,0.0,0.0,717.0,0.0,0.0,0.0,4.2301,4.2301,,,,124.0,30.0,0.0,94.0,0.0,30.0
mode=stablequeue2s_blocking=0_defpreempt=0,nodes=16_prio=1_arrival=16s,3848061858430934892,7199.8677,0.8956,0.6885,0.9068,0.6942,0.8956,0.9068,688801.1774,0.0,0.0,0.0,964.0,0.0,0.0,0.0,2.9826,2.9826,,,,250.0,43.0,7.0,200.0,0.0,50.0
mode=stablequeue2s_blocking=0_defpreempt=0,nodes=16_prio=1_arrival=4s,1420052706459400740,7199.728,0.8672,0.838,0.8841,0.8547,0.8743,0.8924,816209.5071,0.0,0.0,0.0,2851.0,0.0,0.0,0.0,2.0824,2.0824,,,,257.0,61.0,0.0,196.0,0.0,61.0
mode=stablequeue2s_blocking=0_defpreempt=0,nodes=16_prio=1_arrival=4s,2219457405427907235,7199.1885,0.854,0.8261,0.8743,0.8409,0.8695,0.8917,789343.4721,0.0,0.0,0.0,2885.0,0.0,0.0,0.0,1.4969,1.4969,,,,257.0,51.0,3.0,203.0,0.0,54.0
mode=stablequeue2s_blocking=0_defpreempt=0,nodes=16_prio=1_arrival=4s,3848061858430934892,7199.3531,0.8752,0.6683,0.8907,0.6765,0.8752,0.8907,650776.7055,0.0,0.0,0.0,3032.0,0.0,0.0,0.0,1.1225,1.1225,,,,248.0,54.0,0.0,194.0,0.0,54.0
mode=stablequeue2s_blocking=0_defpreempt=0,nodes=16_prio=1_arrival=8s,1420052706459400740,7199.704,0.8706,0.8466,0.8803,0.8571,0.8798,0.8913,836658.4011,0.0,0.0,0.0,1518.0,0.0,0.0,0.0,2.3491,2.3491,,,,188.0,49.0,2.0,137.0,0.0,51.0
mode=stablequeue2s_blocking=0_defpreempt=0,nodes=16_prio=1_arrival=8s,2219457405427907235,7199.0096,0.8568,0.8574,0.8686,0.8691,0.8803,0.8932,802001.3522,0.0,0.0,0.0,1420.0,0.0,0.0,0.0,3.3574,3.3574,,,,196.0,50.0,1.0,145.0,0.0,51.0
mode=stablequeue2s_blocking=0_defpreempt=0,nodes=16_prio=1_arrival=8s,3848061858430934892,7199.1104,0.8876,0.6668,0.8986,0.6734,0.8876,0.8986,668707.5355,0.0,0.0,0.0,1608.0,0.0,0.0,0.0,2.2512,2.2512,,,,193.0,51.0,2.0,140.0,0.0,53.0
mode=stablequeue2s_blocking=0_defpreempt=0,nodes=16_prio=4_arrival=16s,1420052706459400740,7199.4818,0.8756,0.8396,0.8873,0.8517,0.8786,0.8908,265524.4453,166269.0496,209911.168,157821.9291,327.0,203.0,179.0,128.0,4.4979,5.229,2.8125,3.5778,7.1181,151.0,40.0,1.0,110.0,0.0,41.0
mode=stablequeue2s_blocking=0_defpreempt=0,nodes=16_prio=4_arrival=16s,2219457405427907235,7199.4805,0.7741,0.8799,0.7853,0.8935,0.8799,0.8935,223618.7017,221717.5764,96291.6951,99273.471,358.0,164.0,154.0,123.0,5.7153,7.2727,4.4826,6.0189,3.9302,225.0,42.0,3.0,180.0,0.0,45.0
mode=stablequeue2s_blocking=0_defpreempt=0,nodes=16_prio=4_arrival=16s,3848061858430934892,7199.745,0.8813,0.7824,0.8897,0.7876,0.8815,0.8905,232890.0065,137291.5976,179644.5915,141331.5922,473.0,230.0,180.0,124.0,2.6196,2.8967,3.4762,1.9351,1.4766,271.0,60.0,6.0,205.0,0.0,66.0
mode=stablequeue2s_blocking=0_defpreempt=0,nodes=16_prio=4_arrival=4s,1420052706459400740,7199.1566,0.8645,0.8377,0.8801,0.8503,0.8753,0.8907,268678.7711,171521.2658,193162.0802,161701.0409,1092.0,715.0,638.0,508.0,1.9677,2.3814,1.777,1.8494,1.6511,262.0,83.0,1.0,178.0,0.0,84.0
mode=stablequeue2s_blocking=0_defpreempt=0,nodes=16_prio=4_arrival=4s,2219457405427907235,7199.2266,0.8014,0.8414,0.8224,0.8602,0.8698,0.893,222999.44,182847.0005,147554.3714,105754.9071,1196.0,714.0,650.0,493.0,2.151,2.5919,1.484,1.9897,2.4435,272.0,62.0,2.0,208.0,0.0,64.0
mode=stablequeue2s_blocking=0_defpreempt=0,nodes=16_prio=4_arrival=4s,3848061858430934892,7199.78,0.8757,0.7392,0.892,0.7492,0.8757,0.892,235002.262,165793.4326,185442.8871,113405.3964,1329.0,849.0,673.0,555.0,1.2036,1.2759,1.0787,1.0251,1.473,443.0,88.0,0.0,355.0,0.0,88.0
mode=stablequeue2s_blocking=0_defpreempt=0,nodes=16_prio=4_arrival=8s,1420052706459400740,7199.2136,0.8732,0.8534,0.884,0.864,0.8816,0.8929,274825.4739,172508.988,216833.4503,149601.0587,559.0,349.0,334.0,223.0,3.6925,4.1624,3.3419,2.3739,5.28,186.0,51.0,2.0,133.0,0.0,53.0
mode=stablequeue2s_blocking=0_defpreempt=0,nodes=16_prio=4_arrival=8s,2219457405427907235,7199.8602,0.7749,0.871,0.7868,0.8874,0.8755,0.892,218907.2592,223247.6799,126351.5165,96856.9998,604.0,330.0,249.0,202.0,3.5232,4.6128,2.0208,3.2462,4.0,266.0,58.0,4.0,204.0,0.0,62.0
mode=stablequeue2s_blocking=0_defpreempt=0,nodes=16_prio=4_arrival=8s,3848061858430934892,7199.1547,0.8802,0.7427,0.8906,0.7487,0.8803,0.8909,233350.057,145265.2947,170246.1104,130789.4166,770.0,407.0,308.0,261.0,1.8722,1.8497,1.8592,1.9102,1.8902,273.0,75.0,2.0,196.0,0.0,77.0
mode=stablequeue2s_blocking=0_defpreempt=0,nodes=32_prio=1_arrival=16s,1420052706459400740,7199.4681,0.8902,0.8618,0.8982,0.8683,0.8972,0.9053,1668718.0167,0.0,0.0,0.0,822.0,0.0,0.0,0.0,5.8856,5.8856,,,,176.0,27.0,1.0,148.0,0.0,28.0
mode=stablequeue2s_blocking=0_defpreempt=0,nodes=32_prio=1_arrival=16s,2219457405427907235,7199.994,0.8784,0.8352,0.8861,0.84,0.8836,0.8917,1593616.0185,0.0,0.0,0.0,750.0,0.0,0.0,0.0,3.7835,3.7835,,,,130.0,19.0,0.0,111.0,0.0,19.0
mode=stablequeue2s_blocking=0_defpreempt=0,nodes=32_prio=1_arrival=16s,3848061858430934892,7199.1734,0.8781,0.7321,0.8914,0.738,0.8781,0.8914,1441657.0792,0.0,0.0,0.0,949.0,0.0,0.0,0.0,7.916,7.916,,,,182.0,14.0,2.0,166.0,0.0,16.0
mode=stablequeue2s_blocking=0_defpreempt=0,nodes=32_prio=1_arrival=4s,1420052706459400740,7199.9055,0.8794,0.8329,0.8908,0.8435,0.8803,0.8925,1611179.7824,0.0,0.0,0.0,2958.0,0.0,0.0,0.0,2.3383,2.3383,,,,309.0,38.0,0.0,271.0,0.0,38.0
mode=stablequeue2s_blocking=0_defpreempt=0,nodes=32_prio=1_arrival=4s,2219457405427907235,7199.4656,0.8774,0.8179,0.8896,0.8282,0.8796,0.8923,1609047.8371,0.0,0.0,0.0,3042.0,0.0,0.0,0.0,2.317,2.317,,,,292.0,44.0,2.0,246.0,0.0,46.0
mode=stablequeue2s_blocking=0_defpreempt=0,nodes=32_prio=1_arrival=4s,3848061858430934892,7199.9848,0.8837,0.725,0.8922,0.7285,0.8837,0.8922,1404738.5578,0.0,0.0,0.0,3178.0,0.0,0.0,0.0,1.1059,1.1059,,,,226.0,41.0,0.0,185.0,0.0,41.0
mode=stablequeue2s_blocking=0_defpreempt=0,nodes=32_prio=1_arrival=8s,1420052706459400740,7199.5946,0.8802,0.8506,0.8885,0.859,0.8823,0.8912,1664127.5667,0.0,0.0,0.0,1565.0,0.0,0.0,0.0,3.352,3.352,,,,228.0,31.0,0.0,197.0,0.0,31.0
mode=stablequeue2s_blocking=0_defpreempt=0,nodes=32_prio=1_arrival=8s,2219457405427907235,7197.5768,0.8711,0.822,0.8881,0.8341,0.8748,0.8923,1594827.1989,0.0,0.0,0.0,1507.0,0.0,0.0,0.0,5.6828,5.6828,,,,244.0,22.0,0.0,222.0,0.0,22.0
mode=stablequeue2s_blocking=0_defpreempt=0,nodes=32_prio=1_arrival=8s,3848061858430934892,7199.8462,0.8723,0.7302,0.8912,0.736,0.8723,0.8912,1440508.8017,0.0,0.0,0.0,1663.0,0.0,0.0,0.0,4.9211,4.9211,,,,217.0,17.0,0.0,200.0,0.0,17.0
mode=stablequeue2s_blocking=0_defpreempt=0,nodes=32_prio=4_arrival=16s,1420052706459400740,7199.1876,0.886,0.8101,0.8927,0.815,0.886,0.8927,595404.5266,356495.305,425957.4322,277707.0386,308.0,203.0,197.0,125.0,5.1797,5.6384,2.8497,3.3109,10.6231,128.0,27.0,1.0,100.0,0.0,28.0
mode=stablequeue2s_blocking=0_defpreempt=0,nodes=32_prio=4_arrival=16s,2219457405427907235,7199.8984,0.8075,0.8879,0.8102,0.8912,0.8879,0.8912,492033.6283,445363.5151,259857.9592,205634.4894,387.0,202.0,193.0,139.0,3.0752,3.1815,2.2415,4.6597,1.8993,103.0,31.0,3.0,69.0,0.0,34.0
mode=stablequeue2s_blocking=0_defpreempt=0,nodes=32_prio=4_arrival=16s,3848061858430934892,7199.2106,0.887,0.7672,0.8916,0.7694,0.887,0.8916,451444.0292,313340.6514,320899.8124,300105.2223,419.0,252.0,179.0,132.0,1.7472,1.516,1.4677,2.2287,2.1269,125.0,28.0,2.0,95.0,0.0,30.0
mode=stablequeue2s_blocking=0_defpreempt=0,nodes=32_prio=4_arrival=4s,1420052706459400740,7199.6781,0.8822,0.8288,0.892,0.8353,0.8826,0.8927,592520.7174,363854.5657,427085.5535,291173.494,1071.0,724.0,664.0,525.0,1.5223,1.7574,1.4875,1.5678,1.0989,267.0,56.0,0.0,211.0,0.0,56.0
mode=stablequeue2s_blocking=0_defpreempt=0,nodes=32_prio=4_arrival=4s,2219457405427907235,7199.0508,0.8312,0.8696,0.8381,0.8773,0.8846,0.893,486344.7633,409901.8448,348985.5783,213579.6177,1240.0,784.0,691.0,539.0,1.3729,1.5107,1.2112,1.3901,1.2985,253.0,60.0,0.0,193.0,0.0,60.0
mode=stablequeue2s_blocking=0_defpreempt=0,nodes=32_prio=4_arrival=4s,3848061858430934892,7199.7854,0.8831,0.7489,0.8897,0.7527,0.8831,0.8897,459745.5473,328514.8879,332915.1969,303010.3158,1348.0,934.0,724.0,590.0,0.8297,1.0361,0.8505,0.6005,0.6785,197.0,54.0,0.0,143.0,0.0,54.0
mode=stablequeue2s_blocking=0_defpreempt=0,nodes=32_prio=4_arrival=8s,1420052706459400740,7199.4073,0.8851,0.8369,0.8909,0.8419,0.886,0.8923,610765.4959,355109.984,444425.4445,276219.7793,572.0,372.0,371.0,243.0,2.9096,2.9937,2.8038,2.3886,3.6955,172.0,36.0,0.0,136.0,0.0,36.0
mode=stablequeue2s_blocking=0_defpreempt=0,nodes=32_prio=4_arrival=8s,2219457405427907235,7199.5102,0.8138,0.8827,0.8198,0.8923,0.8827,0.8923,484051.2726,455541.4701,289117.4664,204065.6042,559.0,369.0,281.0,228.0,3.3836,4.4297,1.6773,4.7525,2.1549,183.0,30.0,3.0,150.0,0.0,33.0
mode=stablequeue2s_blocking=0_defpreempt=0,nodes=32_prio=4_arrival=8s,3848061858430934892,7198.8625,0.8818,0.756,0.8903,0.7601,0.8818,0.8903,460505.6367,310849.6282,324588.4334,305190.711,686.0,448.0,352.0,274.0,2.1752,1.3505,2.0044,3.3342,2.5775,155.0,38.0,2.0,115.0,0.0,40.0
mode=stablequeue2s_blocking=0_defpreempt=1,nodes=16_prio=1_arrival=16s,1420052706459400740,7199.5825,0.8842,0.8473,0.8919,0.8554,0.8991,0.9083,846383.1248,0.0,0.0,0.0,774.0,0.0,0.0,0.0,3.6475,3.6475,,,,152.0,39.0,0.0,113.0,0.0,39.0
mode=stablequeue2s_blocking=0_defpreempt=1,nodes=16_prio=1_arrival=16s,2219457405427907235,7199.7865,0.8661,0.8495,0.8736,0.8562,0.8831,0.891,789040.845,0.0,0.0,0.0,726.0,0.0,0.0,0.0,5.19,5.19,,,,125.0,35.0,0.0,90.0,0.0,35.0
mode=stablequeue2s_blocking=0_defpreempt=1,nodes=16_prio=1_arrival=16s,3848061858430934892,7199.343,0.8927,0.6875,0.9069,0.6943,0.8927,0.9069,687807.466,0.0,0.0,0.0,934.0,0.0,0.0,0.0,4.0512,4.0512,,,,188.0,39.0,8.0,141.0,0.0,47.0
mode=stablequeue2s_blocking=0_defpreempt=1,nodes=16_prio=1_arrival=4s,1420052706459400740,7199.4388,0.8679,0.8391,0.8842,0.8546,0.875,0.8925,816210.7831,0.0,0.0,0.0,2811.0,0.0,0.0,0.0,1.9463,1.9463,,,,260.0,62.0,1.0,197.0,0.0,63.0
mode=stablequeue2s_blocking=0_defpreempt=1,nodes=16_prio=1_arrival=4s,2219457405427907235,7199.7809,0.8532,0.8256,0.8744,0.8409,0.869,0.8917,788994.386,0.0,0.0,0.0,2846.0,0.0,0.0,0.0,1.7952,1.7952,,,,257.0,46.0,1.0,210.0,0.0,47.0
mode=stablequeue2s_blocking=0_defpreempt=1,nodes=16_prio=1_arrival=4s,3848061858430934892,7199.886,0.8742,0.6689,0.8907,0.6765,0.8742,0.8907,651094.5724,0.0,0.0,0.0,3087.0,0.0,0.0,0.0,1.1405,1.1405,,,,231.0,51.0,1.0,179.0,0.0,52.0
mode=stablequeue2s_blocking=0_defpreempt=1,nodes=16_prio=1_arrival=8s,1420052706459400740,7199.5415,0.8699,0.8457,0.8803,0.8571,0.8791,0.8913,835935.5289,0.0,0.0,0.0,1483.0,0.0,0.0,0.0,2.4867,2.4867,,,,190.0,45.0,1.0,144.0,0.0,46.0
mode=stablequeue2s_blocking=0_defpreempt=1,nodes=16_prio=1_arrival=8s,2219457405427907235,7199.5944,0.8576,0.8588,0.8687,0.8692,0.8814,0.8933,802167.8738,0.0,0.0,0.0,1395.0,0.0,0.0,0.0,3.0091,3.0091,,,,194.0,50.0,2.0,142.0,0.0,52.0
mode=stablequeue2s_blocking=0_defpreempt=1,nodes=16_prio=1_arrival=8s,3848061858430934892,7199.3571,0.887,0.6662,0.8985,0.6733,0.887,0.8985,668522.1034,0.0,0.0,0.0,1610.0,0.0,0.0,0.0,2.3811,2.3811,,,,201.0,53.0,3.0,145.0,0.0,56.0
mode=stablequeue2s_blocking=0_defpreempt=1,nodes=16_prio=4_arrival=16s,1420052706459400740,7199.7605,0.8773,0.8391,0.8873,0.8517,0.8802,0.8908,262615.3971,167030.0451,210897.4794,158965.4721,494.0,232.0,208.0,149.0,1.9988,6.7632,0.1448,0.1292,0.0676,123.0,28.0,2.0,93.0,0.0,30.0
mode=stablequeue2s_blocking=0_defpreempt=1,nodes=16_prio=4_arrival=16s,2219457405427907235,7199.0158,0.7748,0.8768,0.7851,0.8932,0.877,0.8933,220799.6379,223064.4461,98106.7905,100008.0539,672.0,223.0,215.0,156.0,0.7783,2.1918,0.1316,0.1182,0.037,213.0,42.0,6.0,165.0,0.0,48.0
mode=stablequeue2s_blocking=0_defpreempt=1,nodes=16_prio=4_arrival=16s,3848061858430934892,7199.9039,0.8812,0.783,0.8895,0.7874,0.8814,0.8904,231774.4384,138253.7131,180135.4617,141604.1024,710.0,265.0,203.0,139.0,0.7961,2.2534,0.1132,0.0721,0.0979,293.0,62.0,1.0,230.0,0.0,63.0
mode=stablequeue2s_blocking=0_defpreempt=1,nodes=16_prio=4_arrival=4s,1420052706459400740,7199.7086,0.8626,0.8263,0.8795,0.8494,0.8704,0.89,261384.727,173463.9862,194820.6163,163395.3353,1988.0,883.0,751.0,615.0,0.6241,1.8571,0.135,0.1075,0.1097,260.0,85.0,4.0,171.0,0.0,89.0
mode=stablequeue2s_blocking=0_defpreempt=1,nodes=16_prio=4_arrival=4s,2219457405427907235,7199.6227,0.8006,0.839,0.8213,0.8591,0.8679,0.8917,216831.7056,185265.4372,150228.9069,107623.909,2161.0,913.0,812.0,605.0,0.6111,1.7195,0.1065,0.1102,0.0835,277.0,89.0,2.0,186.0,0.0,91.0
mode=stablequeue2s_blocking=0_defpreempt=1,nodes=16_prio=4_arrival=4s,3848061858430934892,7199.2594,0.8703,0.7408,0.8909,0.7484,0.8704,0.891,231450.3692,167566.4405,186595.965,114607.0899,2055.0,1050.0,800.0,669.0,0.2568,0.6379,0.0817,0.0882,0.0863,650.0,101.0,1.0,548.0,1.0,101.0
mode=stablequeue2s_blocking=0_defpreempt=1,nodes=16_prio=4_arrival=8s,1420052706459400740,7199.952,0.8735,0.8497,0.8838,0.8637,0.8807,0.8927,271205.2345,174220.8864,218083.1785,151418.5148,963.0,420.0,401.0,278.0,0.6775,2.071,0.0687,0.0934,0.1071,170.0,52.0,3.0,115.0,0.0,55.0
mode=stablequeue2s_blocking=0_defpreempt=1,nodes=16_prio=4_arrival=8s,2219457405427907235,7199.7504,0.776,0.8691,0.7865,0.8871,0.8737,0.8917,216800.6952,224525.5078,128152.568,98001.529,1125.0,429.0,348.0,259.0,0.5546,1.5265,0.1349,0.0909,0.0752,221.0,71.0,4.0,146.0,0.0,75.0
mode=stablequeue2s_blocking=0_defpreempt=1,nodes=16_prio=4_arrival=8s,3848061858430934892,7199.6182,0.878,0.7444,0.8904,0.7485,0.8782,0.8906,231425.1069,146343.5534,171249.1931,131571.9522,1208.0,500.0,392.0,318.0,0.4464,1.1552,0.1247,0.113,0.1153,346.0,77.0,1.0,268.0,0.0,78.0
mode=stablequeue2s_blocking=0_defpreempt=1,nodes=32_prio=1_arrival=16s,1420052706459400740,7199.5731,0.8908,0.8625,0.8982,0.8682,0.8979,0.9053,1669419.2008,0.0,0.0,0.0,811.0,0.0,0.0,0.0,5.3231,5.3231,,,,165.0,25.0,0.0,140.0,0.0,25.0
mode=stablequeue2s_blocking=0_defpreempt=1,nodes=32_prio=1_arrival=16s,2219457405427907235,7199.0798,0.8776,0.8346,0.886,0.8399,0.883,0.8917,1592945.2308,0.0,0.0,0.0,743.0,0.0,0.0,0.0,4.5078,4.5078,,,,137.0,21.0,0.0,116.0,0.0,21.0
mode=stablequeue2s_blocking=0_defpreempt=1,nodes=32_prio=1_arrival=16s,3848061858430934892,7199.677,0.8777,0.7329,0.8915,0.7381,0.8777,0.8915,1442408.1701,0.0,0.0,0.0,962.0,0.0,0.0,0.0,8.0,8.0,,,,178.0,16.0,0.0,162.0,0.0,16.0
mode=stablequeue2s_blocking=0_defpreempt=1,nodes=32_prio=1_arrival=4s,1420052706459400740,7199.5189,0.8775,0.8327,0.8909,0.8436,0.8783,0.8925,1610239.3848,0.0,0.0,0.0,2961.0,0.0,0.0,0.0,2.3394,2.3394,,,,308.0,33.0,0.0,275.0,0.0,33.0
mode=stablequeue2s_blocking=0_defpreempt=1,nodes=32_prio=1_arrival=4s,2219457405427907235,7199.5949,0.8782,0.8184,0.8896,0.8283,0.8805,0.8923,1609644.9454,0.0,0.0,0.0,3055.0,0.0,0.0,0.0,2.1782,2.1782,,,,282.0,40.0,0.0,242.0,0.0,40.0
mode=stablequeue2s_blocking=0_defpreempt=1,nodes=32_prio=1_arrival=4s,3848061858430934892,7199.3516,0.8821,0.7247,0.8924,0.7287,0.8821,0.8924,1403939.3938,0.0,0.0,0.0,3170.0,0.0,0.0,0.0,1.1134,1.1134,,,,223.0,40.0,0.0,183.0,0.0,40.0
mode=stablequeue2s_blocking=0_defpreempt=1,nodes=32_prio=1_arrival=8s,1420052706459400740,7199.3828,0.8795,0.8488,0.8884,0.8588,0.8809,0.8911,1662373.8003,0.0,0.0,0.0,1561.0,0.0,0.0,0.0,4.3974,4.3974,,,,233.0,30.0,0.0,203.0,0.0,30.0
mode=stablequeue2s_blocking=0_defpreempt=1,nodes=32_prio=1_arrival=8s,2219457405427907235,7199.0451,0.8743,0.8213,0.8881,0.8342,0.8783,0.8923,1596387.5051,0.0,0.0,0.0,1493.0,0.0,0.0,0.0,4.6389,4.6389,,,,201.0,21.0,0.0,180.0,0.0,21.0
mode=stablequeue2s_blocking=0_defpreempt=1,nodes=32_prio=1_arrival=8s,3848061858430934892,7199.8705,0.8747,0.7307,0.8912,0.7361,0.8747,0.8912,1441764.4311,0.0,0.0,0.0,1651.0,0.0,0.0,0.0,4.5712,4.5712,,,,204.0,22.0,0.0,182.0,0.0,22.0
mode=stablequeue2s_blocking=0_defpreempt=1,nodes=32_prio=4_arrival=16s,1420052706459400740,7199.5611,0.8864,0.8098,0.8927,0.815,0.8865,0.8927,590592.9899,357513.5602,427771.1614,279661.5531,445.0,231.0,213.0,144.0,1.302,4.4192,0.0543,0.0574,0.1074,105.0,23.0,0.0,82.0,0.0,23.0
mode=stablequeue2s_blocking=0_defpreempt=1,nodes=32_prio=4_arrival=16s,2219457405427907235,7199.7479,0.8082,0.8876,0.8103,0.8912,0.8876,0.8912,490748.98,446022.4928,261189.8512,206055.4464,520.0,225.0,223.0,162.0,0.6677,1.8146,0.0435,0.0543,0.0617,89.0,32.0,1.0,56.0,0.0,33.0
mode=stablequeue2s_blocking=0_defpreempt=1,nodes=32_prio=4_arrival=16s,3848061858430934892,7199.2876,0.8867,0.7669,0.8916,0.7695,0.8867,0.8916,449751.5552,314335.0022,321469.121,300484.8917,551.0,270.0,202.0,141.0,0.5499,1.4472,0.094,0.0569,0.1049,93.0,25.0,4.0,64.0,0.0,29.0
mode=stablequeue2s_blocking=0_defpreempt=1,nodes=32_prio=4_arrival=4s,1420052706459400740,7199.4256,0.8818,0.8266,0.8917,0.835,0.8822,0.8924,586831.8472,366986.9864,428599.0634,292592.767,1561.0,878.0,744.0,616.0,0.4581,1.2755,0.0993,0.1107,0.0781,236.0,46.0,1.0,189.0,0.0,47.0
mode=stablequeue2s_blocking=0_defpreempt=1,nodes=32_prio=4_arrival=4s,2219457405427907235,7199.1213,0.8306,0.8693,0.8376,0.8769,0.8836,0.8926,481943.8801,411842.0069,351049.8622,214813.9398,1791.0,921.0,807.0,609.0,0.4091,1.0751,0.0703,0.0885,0.0739,220.0,55.0,4.0,161.0,0.0,59.0
mode=stablequeue2s_blocking=0_defpreempt=1,nodes=32_prio=4_arrival=4s,3848061858430934892,7199.1834,0.8813,0.7485,0.8894,0.7525,0.8813,0.8894,456582.5998,329886.6558,333650.1291,303823.5112,1836.0,1033.0,788.0,670.0,0.3327,0.8859,0.0681,0.0634,0.0638,265.0,62.0,0.0,203.0,0.0,62.0
mode=stablequeue2s_blocking=0_defpreempt=1,nodes=32_prio=4_arrival=8s,1420052706459400740,7199.6293,0.8864,0.8365,0.8908,0.8418,0.887,0.8922,607775.4709,356768.4474,445754.9225,277488.2459,835.0,422.0,403.0,280.0,0.7096,2.0741,0.09,0.0756,0.1107,141.0,36.0,1.0,104.0,0.0,37.0
mode=stablequeue2s_blocking=0_defpreempt=1,nodes=32_prio=4_arrival=8s,2219457405427907235,7199.2712,0.8126,0.88,0.8197,0.8923,0.88,0.8923,480098.8141,456739.8334,291490.188,204973.3121,814.0,426.0,353.0,268.0,0.7395,2.0695,0.0903,0.0627,0.0677,158.0,21.0,4.0,133.0,0.0,25.0
mode=stablequeue2s_blocking=0_defpreempt=1,nodes=32_prio=4_arrival=8s,3848061858430934892,7199.7261,0.8826,0.757,0.8902,0.76,0.8826,0.8902,457629.9363,312039.5636,326054.2814,306735.3655,973.0,498.0,392.0,309.0,0.3575,0.9983,0.052,0.0784,0.0405,183.0,42.0,2.0,139.0,0.0,44.0
mode=stablequeue2s_blocking=1_defpreempt=0,nodes=16_prio=1_arrival=16s,1420052706459400740,7199.4042,0.8843,0.8487,0.892,0.8555,0.8999,0.9084,846792.9099,0.0,0.0,0.0,791.0,0.0,0.0,0.0,3.2189,3.2189,,,,125.0,29.0,2.0,94.0,0.0,31.0
mode=stablequeue2s_blocking=1_defpreempt=0,nodes=16_prio=1_arrival=16s,2219457405427907235,7199.4625,0.8679,0.8515,0.8735,0.8562,0.8846,0.8909,790722.9461,0.0,0.0,0.0,728.0,0.0,0.0,0.0,2.9464,2.9464,,,,110.0,30.0,4.0,76.0,0.0,34.0
mode=stablequeue2s_blocking=1_defpreempt=0,nodes=16_prio=1_arrival=16s,3848061858430934892,7199.0707,0.8942,0.6875,0.9068,0.6942,0.8942,0.9068,687784.5655,0.0,0.0,0.0,952.0,0.0,0.0,0.0,3.8863,3.8863,,,,207.0,41.0,6.0,160.0,0.0,47.0
mode=stablequeue2s_blocking=1_defpreempt=0,nodes=16_prio=1_arrival=4s,1420052706459400740,7199.531,0.8678,0.8396,0.8841,0.8546,0.8749,0.8924,816336.0751,0.0,0.0,0.0,2846.0,0.0,0.0,0.0,2.2007,2.2007,,,,248.0,59.0,0.0,189.0,0.0,59.0
mode=stablequeue2s_blocking=1_defpreempt=0,nodes=16_prio=1_arrival=4s,2219457405427907235,7199.0984,0.8567,0.8249,0.8742,0.8409,0.8721,0.8916,789210.2042,0.0,0.0,0.0,2791.0,0.0,0.0,0.0,1.7473,1.7473,,,,255.0,51.0,4.0,200.0,0.0,55.0
mode=stablequeue2s_blocking=1_defpreempt=0,nodes=16_prio=1_arrival=4s,3848061858430934892,7199.4644,0.8756,0.6685,0.8906,0.6764,0.8756,0.8906,650917.3422,0.0,0.0,0.0,3032.0,0.0,0.0,0.0,1.1827,1.1827,,,,229.0,56.0,2.0,171.0,0.0,58.0
mode=stablequeue2s_blocking=1_defpreempt=0,nodes=16_prio=1_arrival=8s,1420052706459400740,7199.6244,0.87,0.845,0.8802,0.857,0.8792,0.8912,835798.3742,0.0,0.0,0.0,1500.0,0.0,0.0,0.0,2.8051,2.8051,,,,197.0,43.0,0.0,154.0,0.0,43.0
mode=stablequeue2s_blocking=1_defpreempt=0,nodes=16_prio=1_arrival=8s,2219457405427907235,7199.6375,0.8574,0.858,0.8686,0.8691,0.8805,0.8932,802407.1606,0.0,0.0,0.0,1427.0,0.0,0.0,0.0,2.9553,2.9553,,,,202.0,52.0,0.0,150.0,0.0,52.0
mode=stablequeue2s_blocking=1_defpreempt=0,nodes=16_prio=1_arrival=8s,3848061858430934892,7199.4587,0.8872,0.6664,0.8987,0.6734,0.8872,0.8987,668421.8168,0.0,0.0,0.0,1609.0,0.0,0.0,0.0,2.2215,2.2215,,,,218.0,57.0,2.0,159.0,0.0,59.0
mode=stablequeue2s_blocking=1_defpreempt=0,nodes=16_prio=4_arrival=16s,1420052706459400740,7199.2619,0.8745,0.8392,0.8873,0.8517,0.8776,0.8908,267875.7991,165809.0471,208609.0346,157833.3553,343.0,208.0,188.0,133.0,6.5068,3.4009,5.1777,10.8254,7.5303,131.0,40.0,4.0,87.0,0.0,44.0
mode=stablequeue2s_blocking=1_defpreempt=0,nodes=16_prio=4_arrival=16s,2219457405427907235,7199.8522,0.7722,0.8774,0.7852,0.8934,0.8774,0.8934,222702.4867,221518.5294,96002.2886,99578.8921,382.0,158.0,152.0,122.0,6.5057,9.698,5.3614,6.3949,1.7656,300.0,43.0,3.0,254.0,0.0,46.0
mode=stablequeue2s_blocking=1_defpreempt=0,nodes=16_prio=4_arrival=16s,3848061858430934892,7199.325,0.8813,0.7821,0.8898,0.7876,0.8815,0.8906,233095.0039,137143.8143,179583.4098,141336.0959,450.0,227.0,172.0,126.0,1.7965,2.1558,1.7237,1.5254,1.5308,269.0,47.0,6.0,216.0,0.0,53.0
mode=stablequeue2s_blocking=1_defpreempt=0,nodes=16_prio=4_arrival=4s,1420052706459400740,7199.7149,0.8649,0.8379,0.8801,0.8502,0.8757,0.8906,268657.687,171278.8951,193191.7928,161945.4198,1111.0,702.0,629.0,512.0,1.9799,2.4838,1.8813,1.7605,1.5029,249.0,83.0,1.0,165.0,0.0,84.0
mode=stablequeue2s_blocking=1_defpreempt=0,nodes=16_prio=4_arrival=4s,2219457405427907235,7199.7822,0.8021,0.8412,0.8224,0.8602,0.87,0.8929,223057.4716,182770.5688,147376.9056,105829.6517,1239.0,728.0,633.0,485.0,2.2208,2.7257,1.6975,1.9668,2.2889,268.0,72.0,3.0,193.0,0.0,75.0
mode=stablequeue2s_blocking=1_defpreempt=0,nodes=16_prio=4_arrival=4s,3848061858430934892,7199.2762,0.8763,0.7385,0.8918,0.7491,0.8764,0.8919,235025.8498,165711.1995,185362.0645,113149.2757,1302.0,831.0,669.0,553.0,1.312,1.3267,1.1485,1.1142,1.7708,317.0,87.0,0.0,230.0,0.0,87.0
mode=stablequeue2s_blocking=1_defpreempt=0,nodes=16_prio=4_arrival=8s,1420052706459400740,7199.4583,0.8736,0.8542,0.8841,0.8641,0.8821,0.8931,275229.1076,172588.5834,216968.5047,149722.5497,573.0,336.0,333.0,234.0,3.1781,2.9839,2.9201,2.1159,5.3814,189.0,58.0,4.0,127.0,0.0,62.0
mode=stablequeue2s_blocking=1_defpreempt=0,nodes=16_prio=4_arrival=8s,2219457405427907235,7199.1359,0.7757,0.8718,0.7869,0.8877,0.8764,0.8922,219628.0793,222525.1946,125773.1862,96985.2472,563.0,318.0,247.0,195.0,3.837,5.3037,3.2222,2.8365,2.9455,212.0,46.0,2.0,164.0,0.0,48.0
mode=stablequeue2s_blocking=1_defpreempt=0,nodes=16_prio=4_arrival=8s,3848061858430934892,7199.8399,0.8794,0.7424,0.8906,0.7487,0.8796,0.8908,233416.5657,145067.6466,170252.7308,130790.7539,760.0,398.0,319.0,250.0,1.9024,1.7857,2.3192,1.6138,1.8617,275.0,81.0,1.0,193.0,0.0,82.0
mode=stablequeue2s_blocking=1_defpreempt=0,nodes=32_prio=1_arrival=16s,1420052706459400740,7199.1242,0.8887,0.8611,0.8982,0.8683,0.8961,0.9053,1667779.9501,0.0,0.0,0.0,807.0,0.0,0.0,0.0,6.577,6.577,,,,192.0,27.0,1.0,164.0,0.0,28.0
mode=stablequeue2s_blocking=1_defpreempt=0,nodes=32_prio=1_arrival=16s,2219457405427907235,7199.8791,0.8728,0.8328,0.886,0.8399,0.878,0.8916,1589852.8049,0.0,0.0,0.0,742.0,0.0,0.0,0.0,7.5978,7.5978,,,,171.0,19.0,1.0,151.0,0.0,20.0
mode=stablequeue2s_blocking=1_defpreempt=0,nodes=32_prio=1_arrival=16s,3848061858430934892,7199.3361,0.8784,0.7335,0.8915,0.7381,0.8784,0.8915,1443184.6946,0.0,0.0,0.0,956.0,0.0,0.0,0.0,6.8353,6.8353,,,,167.0,10.0,0.0,157.0,0.0,10.0
mode=stablequeue2s_blocking=1_defpreempt=0,nodes=32_prio=1_arrival=4s,1420052706459400740,7199.9577,0.8774,0.8323,0.8909,0.8435,0.8781,0.8925,1610037.157,0.0,0.0,0.0,2959.0,0.0,0.0,0.0,2.2401,2.2401,,,,321.0,43.0,0.0,278.0,0.0,43.0
mode=stablequeue2s_blocking=1_defpreempt=0,nodes=32_prio=1_arrival=4s,2219457405427907235,7199.812,0.8777,0.8182,0.8896,0.8283,0.8798,0.8923,1609451.2518,0.0,0.0,0.0,3056.0,0.0,0.0,0.0,2.1387,2.1387,,,,289.0,47.0,0.0,242.0,0.0,47.0
mode=stablequeue2s_blocking=1_defpreempt=0,nodes=32_prio=1_arrival=4s,3848061858430934892,7199.7825,0.8837,0.7251,0.8923,0.7286,0.8837,0.8923,1404658.786,0.0,0.0,0.0,3158.0,0.0,0.0,0.0,1.0965,1.0965,,,,228.0,35.0,0.0,193.0,0.0,35.0
mode=stablequeue2s_blocking=1_defpreempt=0,nodes=32_prio=1_arrival=8s,1420052706459400740,7199.3558,0.8793,0.8501,0.8885,0.8589,0.881,0.8912,1663345.2645,0.0,0.0,0.0,1550.0,0.0,0.0,0.0,3.3338,3.3338,,,,228.0,25.0,0.0,203.0,0.0,25.0
mode=stablequeue2s_blocking=1_defpreempt=0,nodes=32_prio=1_arrival=8s,2219457405427907235,7197.1397,0.8754,0.8248,0.888,0.8341,0.8795,0.8922,1597908.1376,0.0,0.0,0.0,1506.0,0.0,0.0,0.0,5.3185,5.3185,,,,222.0,21.0,0.0,201.0,0.0,21.0
mode=stablequeue2s_blocking=1_defpreempt=0,nodes=32_prio=1_arrival=8s,3848061858430934892,7199.4813,0.878,0.7302,0.8912,0.7361,0.878,0.8912,1442475.9475,0.0,0.0,0.0,1646.0,0.0,0.0,0.0,3.517,3.517,,,,211.0,25.0,1.0,185.0,0.0,26.0
mode=stablequeue2s_blocking=1_defpreempt=0,nodes=32_prio=4_arrival=16s,1420052706459400740,7199.0097,0.8862,0.8104,0.8927,0.8151,0.8862,0.8927,594798.608,356703.7637,426122.2614,277898.5817,311.0,207.0,195.0,123.0,5.4887,7.5966,2.3503,4.1466,8.4844,125.0,27.0,2.0,96.0,0.0,29.0
mode=stablequeue2s_blocking=1_defpreempt=0,nodes=32_prio=4_arrival=16s,2219457405427907235,7199.3198,0.808,0.8886,0.8103,0.8912,0.8886,0.8912,491878.0599,445520.0854,260231.4189,205737.3793,380.0,194.0,198.0,140.0,2.5621,3.3097,1.201,3.6837,1.2714,94.0,30.0,2.0,62.0,0.0,32.0
mode=stablequeue2s_blocking=1_defpreempt=0,nodes=32_prio=4_arrival=16s,3848061858430934892,7199.8081,0.8855,0.7664,0.8916,0.7695,0.8855,0.8916,451735.0497,312929.3432,320230.7247,300152.5779,417.0,255.0,183.0,135.0,3.971,3.6761,4.5498,5.9271,0.854,101.0,23.0,2.0,76.0,0.0,25.0
mode=stablequeue2s_blocking=1_defpreempt=0,nodes=32_prio=4_arrival=4s,1420052706459400740,7199.603,0.8819,0.829,0.8919,0.8353,0.8824,0.8927,592793.3602,363818.4352,426959.1361,291232.893,1067.0,729.0,663.0,535.0,1.5761,1.8232,1.5475,1.7195,1.0073,248.0,48.0,0.0,200.0,0.0,48.0
mode=stablequeue2s_blocking=1_defpreempt=0,nodes=32_prio=4_arrival=4s,2219457405427907235,7199.106,0.8313,0.8697,0.8381,0.8773,0.8849,0.893,486298.3954,409728.029,349138.652,213719.1911,1263.0,788.0,694.0,548.0,1.4497,1.6811,1.2741,1.4713,1.1941,237.0,61.0,2.0,174.0,0.0,63.0
mode=stablequeue2s_blocking=1_defpreempt=0,nodes=32_prio=4_arrival=4s,3848061858430934892,7199.4984,0.8838,0.7492,0.8897,0.7528,0.8838,0.8897,460267.8807,328472.5108,332851.2175,303099.3335,1323.0,931.0,720.0,605.0,0.7936,0.8663,0.85,0.6269,0.7701,188.0,47.0,0.0,141.0,0.0,47.0
mode=stablequeue2s_blocking=1_defpreempt=0,nodes=32_prio=4_arrival=8s,1420052706459400740,7199.7524,0.8855,0.8371,0.8909,0.8419,0.8865,0.8923,610987.4875,355257.6123,444313.6862,276385.0755,575.0,379.0,370.0,245.0,2.4824,2.6046,2.2876,2.1335,3.0653,164.0,36.0,0.0,128.0,0.0,36.0
mode=stablequeue2s_blocking=1_defpreempt=0,nodes=32_prio=4_arrival=8s,2219457405427907235,7199.1141,0.8139,0.8824,0.8198,0.8924,0.8824,0.8925,484191.3316,455372.5346,288776.9797,204128.0041,563.0,358.0,277.0,225.0,2.9751,4.1166,1.5385,3.7835,1.7623,179.0,31.0,1.0,147.0,0.0,32.0
mode=stablequeue2s_blocking=1_defpreempt=0,nodes=32_prio=4_arrival=8s,3848061858430934892,7199.0262,0.8828,0.7566,0.8902,0.7601,0.8828,0.8902,460641.5442,311008.9145,324851.8239,305443.4276,710.0,454.0,348.0,271.0,1.9565,1.2965,1.7891,2.5495,2.7951,164.0,33.0,5.0,126.0,0.0,38.0
mode=stablequeue2s_blocking=1_defpreempt=1,nodes=16_prio=1_arrival=16s,1420052706459400740,7199.7517,0.8847,0.8484,0.8919,0.8554,0.9,0.9083,846708.7734,0.0,0.0,0.0,780.0,0.0,0.0,0.0,3.273,3.273,,,,149.0,37.0,1.0,111.0,0.0,38.0
mode=stablequeue2s_blocking=1_defpreempt=1,nodes=16_prio=1_arrival=16s,2219457405427907235,7199.0708,0.8666,0.8498,0.8735,0.8562,0.8837,0.8909,789265.627,0.0,0.0,0.0,713.0,0.0,0.0,0.0,4.8979,4.8979,,,,121.0,33.0,0.0,88.0,0.0,33.0
mode=stablequeue2s_blocking=1_defpreempt=1,nodes=16_prio=1_arrival=16s,3848061858430934892,7199.5642,0.8945,0.6877,0.9069,0.6943,0.8945,0.9069,687687.935,0.0,0.0,0.0,934.0,0.0,0.0,0.0,4.4526,4.4526,,,,213.0,44.0,5.0,164.0,0.0,49.0
mode=stablequeue2s_blocking=1_defpreempt=1,nodes=16_prio=1_arrival=4s,1420052706459400740,7199.335,0.8679,0.8398,0.8841,0.8545,0.8752,0.8924,816860.8697,0.0,0.0,0.0,2883.0,0.0,0.0,0.0,1.9548,1.9548,,,,247.0,65.0,1.0,181.0,0.0,66.0
mode=stablequeue2s_blocking=1_defpreempt=1,nodes=16_prio=1_arrival=4s,2219457405427907235,7199.9297,0.8563,0.8258,0.8741,0.8407,0.8718,0.8915,789521.5839,0.0,0.0,0.0,2845.0,0.0,0.0,0.0,1.7686,1.7686,,,,264.0,57.0,4.0,203.0,0.0,61.0
mode=stablequeue2s_blocking=1_defpreempt=1,nodes=16_prio=1_arrival=4s,3848061858430934892,7199.6733,0.8756,0.6684,0.8907,0.6764,0.8756,0.8907,650959.5431,0.0,0.0,0.0,3029.0,0.0,0.0,0.0,1.2322,1.2322,,,,228.0,58.0,1.0,169.0,0.0,59.0
mode=stablequeue2s_blocking=1_defpreempt=1,nodes=16_prio=1_arrival=8s,1420052706459400740,7199.973,0.8706,0.8472,0.8803,0.8571,0.8804,0.8913,836618.7331,0.0,0.0,0.0,1504.0,0.0,0.0,0.0,2.3134,2.3134,,,,183.0,47.0,0.0,136.0,0.0,47.0
mode=stablequeue2s_blocking=1_defpreempt=1,nodes=16_prio=1_arrival=8s,2219457405427907235,7199.2565,0.8573,0.8587,0.8688,0.8693,0.8807,0.8934,802493.4913,0.0,0.0,0.0,1397.0,0.0,0.0,0.0,2.9744,2.9744,,,,203.0,45.0,0.0,158.0,0.0,45.0
mode=stablequeue2s_blocking=1_defpreempt=1,nodes=16_prio=1_arrival=8s,3848061858430934892,7199.0916,0.8874,0.6665,0.8984,0.6733,0.8874,0.8984,669071.1314,0.0,0.0,0.0,1658.0,0.0,0.0,0.0,1.9842,1.9842,,,,184.0,55.0,2.0,127.0,0.0,57.0
mode=stablequeue2s_blocking=1_defpreempt=1,nodes=16_prio=4_arrival=16s,1420052706459400740,7199.9837,0.8779,0.8387,0.8872,0.8516,0.8805,0.8907,262646.0463,166983.4326,210892.8915,158965.817,514.0,232.0,208.0,150.0,1.7643,6.0359,0.095,0.1244,0.1477,119.0,30.0,3.0,86.0,0.0,33.0
mode=stablequeue2s_blocking=1_defpreempt=1,nodes=16_prio=4_arrival=16s,2219457405427907235,7199.5837,0.7724,0.8724,0.785,0.8931,0.8728,0.8932,218923.6653,223082.8281,98098.345,100010.9118,684.0,222.0,215.0,156.0,0.9279,2.6164,0.1101,0.1364,0.1049,291.0,49.0,4.0,238.0,0.0,53.0
mode=stablequeue2s_blocking=1_defpreempt=1,nodes=16_prio=4_arrival=16s,3848061858430934892,7199.0132,0.88,0.7827,0.8896,0.7875,0.8801,0.8904,231583.2818,138208.6674,180094.9486,141599.44,695.0,267.0,205.0,139.0,0.8248,2.3167,0.109,0.1238,0.0559,305.0,64.0,8.0,233.0,0.0,72.0
mode=stablequeue2s_blocking=1_defpreempt=1,nodes=16_prio=4_arrival=4s,1420052706459400740,7199.3864,0.8648,0.8291,0.8796,0.8496,0.8735,0.8901,262906.5309,173547.8,194853.946,163439.2712,1848.0,885.0,751.0,617.0,0.4278,1.2129,0.1098,0.0847,0.0932,228.0,82.0,0.0,146.0,0.0,82.0
mode=stablequeue2s_blocking=1_defpreempt=1,nodes=16_prio=4_arrival=4s,2219457405427907235,7199.4071,0.8007,0.841,0.8212,0.8592,0.8686,0.8918,217761.4581,185226.6732,150205.4325,107596.05,2082.0,917.0,812.0,599.0,0.5802,1.5794,0.1199,0.0924,0.1041,289.0,82.0,5.0,202.0,0.0,87.0
mode=stablequeue2s_blocking=1_defpreempt=1,nodes=16_prio=4_arrival=4s,3848061858430934892,7199.3066,0.8721,0.7407,0.8909,0.7483,0.8722,0.891,231756.8141,167521.5361,186628.2088,114625.6668,2170.0,1049.0,802.0,672.0,0.2876,0.7876,0.0548,0.0409,0.08,540.0,114.0,0.0,426.0,0.0,114.0
mode=stablequeue2s_blocking=1_defpreempt=1,nodes=16_prio=4_arrival=8s,1420052706459400740,7199.2378,0.8734,0.8497,0.8838,0.8638,0.8808,0.8927,270934.7521,174207.3378,218081.2342,151401.3162,994.0,421.0,400.0,276.0,0.8506,2.6301,0.1066,0.1013,0.0683,173.0,56.0,4.0,113.0,0.0,60.0
mode=stablequeue2s_blocking=1_defpreempt=1,nodes=16_prio=4_arrival=8s,2219457405427907235,7199.3772,0.7757,0.8668,0.7866,0.8873,0.8715,0.8918,216374.5179,224547.8424,128176.7717,98021.7935,1085.0,426.0,347.0,259.0,0.7335,2.0693,0.0843,0.0909,0.1165,280.0,73.0,4.0,203.0,0.0,77.0
mode=stablequeue2s_blocking=1_defpreempt=1,nodes=16_prio=4_arrival=8s,3848061858430934892,7199.147,0.8768,0.7441,0.8904,0.7487,0.877,0.8907,231069.7102,146335.0974,171250.2624,131598.2712,1189.0,497.0,392.0,318.0,0.3929,1.03,0.0986,0.0909,0.1059,520.0,78.0,1.0,441.0,0.0,79.0
mode=stablequeue2s_blocking=1_defpreempt=1,nodes=32_prio=1_arrival=16s,1420052706459400740,7199.5997,0.8919,0.8633,0.8981,0.8683,0.899,0.9053,1670414.21,0.0,0.0,0.0,847.0,0.0,0.0,0.0,5.9704,5.9704,,,,142.0,27.0,1.0,114.0,0.0,28.0
mode=stablequeue2s_blocking=1_defpreempt=1,nodes=32_prio=1_arrival=16s,2219457405427907235,7199.8296,0.8778,0.8351,0.8861,0.8399,0.8831,0.8917,1593196.7769,0.0,0.0,0.0,738.0,0.0,0.0,0.0,4.835,4.835,,,,132.0,20.0,0.0,112.0,0.0,20.0
mode=stablequeue2s_blocking=1_defpreempt=1,nodes=32_prio=1_arrival=16s,3848061858430934892,7199.4474,0.8786,0.7325,0.8915,0.7382,0.8786,0.8915,1441850.8636,0.0,0.0,0.0,932.0,0.0,0.0,0.0,6.6869,6.6869,,,,178.0,13.0,0.0,165.0,0.0,13.0
mode=stablequeue2s_blocking=1_defpreempt=1,nodes=32_prio=1_arrival=4s,1420052706459400740,7199.3465,0.8786,0.8324,0.8907,0.8433,0.8791,0.8923,1610194.279,0.0,0.0,0.0,2968.0,0.0,0.0,0.0,2.5717,2.5717,,,,303.0,41.0,0.0,262.0,0.0,41.0
mode=stablequeue2s_blocking=1_defpreempt=1,nodes=32_prio=1_arrival=4s,2219457405427907235,7199.7892,0.8778,0.8171,0.8896,0.8282,0.8797,0.8922,1608748.7011,0.0,0.0,0.0,3013.0,0.0,0.0,0.0,2.281,2.281,,,,285.0,42.0,0.0,243.0,0.0,42.0
mode=stablequeue2s_blocking=1_defpreempt=1,nodes=32_prio=1_arrival=4s,3848061858430934892,7199.5884,0.8818,0.7247,0.8923,0.7286,0.8818,0.8923,1403847.0672,0.0,0.0,0.0,3170.0,0.0,0.0,0.0,1.0602,1.0602,,,,229.0,38.0,0.0,191.0,0.0,38.0
mode=stablequeue2s_blocking=1_defpreempt=1,nodes=32_prio=1_arrival=8s,1420052706459400740,7199.3793,0.8797,0.8501,0.8884,0.8588,0.8814,0.891,1663462.0016,0.0,0.0,0.0,1559.0,0.0,0.0,0.0,3.5617,3.5617,,,,218.0,30.0,0.0,188.0,0.0,30.0
mode=stablequeue2s_blocking=1_defpreempt=1,nodes=32_prio=1_arrival=8s,2219457405427907235,7200.1013,0.873,0.8216,0.8882,0.8341,0.8768,0.8923,1596043.4695,0.0,0.0,0.0,1512.0,0.0,0.0,0.0,4.7948,4.7948,,,,219.0,22.0,0.0,197.0,0.0,22.0
mode=stablequeue2s_blocking=1_defpreempt=1,nodes=32_prio=1_arrival=8s,3848061858430934892,7199.0837,0.8774,0.731,0.8912,0.736,0.8774,0.8912,1442895.8221,0.0,0.0,0.0,1645.0,0.0,0.0,0.0,3.2087,3.2087,,,,212.0,27.0,1.0,184.0,0.0,28.0
mode=stablequeue2s_blocking=1_defpreempt=1,nodes=32_prio=4_arrival=16s,1420052706459400740,7199.6192,0.8873,0.8101,0.8927,0.815,0.8873,0.8927,591417.7065,357517.2727,427792.1564,279667.2159,452.0,231.0,213.0,145.0,1.2601,4.2128,0.0588,0.0574,0.08,109.0,20.0,5.0,84.0,0.0,25.0
mode=stablequeue2s_blocking=1_defpreempt=1,nodes=32_prio=4_arrival=16s,2219457405427907235,7199.8636,0.8086,0.888,0.8102,0.8912,0.888,0.8912,490932.8948,446028.2734,261216.2081,206044.6843,511.0,225.0,224.0,162.0,0.652,1.775,0.1,0.0586,0.0309,93.0,33.0,2.0,58.0,0.0,35.0
mode=stablequeue2s_blocking=1_defpreempt=1,nodes=32_prio=4_arrival=16s,3848061858430934892,7199.9077,0.8864,0.7674,0.8916,0.7695,0.8864,0.8916,449817.5546,314311.437,321490.3754,300541.6504,559.0,270.0,202.0,140.0,0.4556,1.2247,0.0602,0.09,0.0282,97.0,26.0,3.0,68.0,0.0,29.0
mode=stablequeue2s_blocking=1_defpreempt=1,nodes=32_prio=4_arrival=4s,1420052706459400740,7199.1569,0.8827,0.8282,0.8918,0.8351,0.8831,0.8925,588037.0231,366997.0357,428632.3438,292545.7585,1579.0,874.0,748.0,612.0,0.4198,1.1807,0.0791,0.0658,0.0899,230.0,46.0,4.0,180.0,0.0,50.0
mode=stablequeue2s_blocking=1_defpreempt=1,nodes=32_prio=4_arrival=4s,2219457405427907235,7199.5969,0.8301,0.8682,0.8378,0.8771,0.8824,0.8927,481251.8765,411870.1713,351074.8742,214813.7804,1806.0,922.0,806.0,607.0,0.3889,1.0209,0.067,0.0757,0.0725,232.0,58.0,1.0,173.0,0.0,59.0
mode=stablequeue2s_blocking=1_defpreempt=1,nodes=32_prio=4_arrival=4s,3848061858430934892,7199.3766,0.8824,0.7493,0.8894,0.7526,0.8824,0.8894,457261.0509,329980.7106,333656.1656,303845.1514,1816.0,1033.0,792.0,671.0,0.2904,0.7606,0.0729,0.0532,0.0696,222.0,66.0,0.0,156.0,0.0,66.0
mode=stablequeue2s_blocking=1_defpreempt=1,nodes=32_prio=4_arrival=8s,1420052706459400740,7199.0866,0.8854,0.836,0.8908,0.8418,0.8861,0.8922,606653.4725,356774.3028,445719.6328,277486.8073,852.0,422.0,403.0,280.0,0.6861,2.0567,0.0735,0.0579,0.0821,147.0,35.0,0.0,112.0,0.0,35.0
mode=stablequeue2s_blocking=1_defpreempt=1,nodes=32_prio=4_arrival=8s,2219457405427907235,7199.3719,0.8107,0.8777,0.8197,0.8923,0.8777,0.8923,478488.0362,456763.1487,291449.5723,204957.7654,810.0,422.0,348.0,266.0,0.5868,1.5895,0.0935,0.0856,0.0568,170.0,32.0,0.0,138.0,0.0,32.0
mode=stablequeue2s_blocking=1_defpreempt=1,nodes=32_prio=4_arrival=8s,3848061858430934892,7199.9874,0.8837,0.7571,0.8902,0.7601,0.8837,0.8902,458103.0262,312213.5411,326080.9886,306713.6349,984.0,495.0,392.0,309.0,0.3187,0.8424,0.0803,0.0613,0.053,157.0,40.0,2.0,115.0,0.0,42.0
