util,nodes,pods,pods_per_node,priorities,timeout_s,config_dir,n_seeds,n_seeds_not_all_running,n_default_all_running,default_all_running_rate,n_solver_called,solver_called_rate,n_solver_failed,solver_failed_rate,n_default_optimal,default_optimal_rate,n_solver_optimal,solver_optimal_rate,n_solver_feasible,solver_feasible_rate,n_solver_improve,solver_improve_rate,n_other,other_rate,solver_duration_ms_sum,solver_duration_ms_mean,cpu_delta_sum,mem_delta_sum,cpu_delta_mean,mem_delta_mean,total_pods,n_solver_solution,moves_pct_sum_default_optimal,evictions_pct_sum_default_optimal,moves_pct_sum_solver_optimal,evictions_pct_sum_solver_optimal,moves_pct_sum_solver_feasible,evictions_pct_sum_solver_feasible
90.0,4,16,4,1,1,nodes4_pods16_prio1_util090_timeout01,100,77,23,0.2300,77,0.7700,3,0.0300,0,0.0000,72,0.7200,2,0.0200,74,0.7400,0,0.0000,74149.0,975.6447,6.33,7.07,0.0822,0.0918,16,76,0.0,0.0,781.25,6.25,43.75,6.25
90.0,4,16,4,1,10,nodes4_pods16_prio1_util090_timeout10,100,77,23,0.2300,77,0.7700,1,0.0100,1,0.0100,74,0.7400,1,0.0100,75,0.7500,0,0.0000,72151.0,937.026,6.397,6.977,0.0831,0.0906,16,77,0.0,6.25,825.0,6.25,6.25,6.25
90.0,4,16,4,1,20,nodes4_pods16_prio1_util090_timeout20,100,77,23,0.2300,77,0.7700,1,0.0100,1,0.0100,74,0.7400,1,0.0100,75,0.7500,0,0.0000,83620.0,1085.974,6.314,7.098,0.082,0.0922,16,77,0.0,6.25,812.5,6.25,6.25,6.25
90.0,4,16,4,2,1,nodes4_pods16_prio2_util090_timeout01,100,76,24,0.2400,76,0.7600,3,0.0300,23,0.2300,49,0.4900,1,0.0100,50,0.5000,0,0.0000,63640.0,848.5333,3.793,4.097,0.0499,0.0539,16,75,56.25,112.5,550.0,12.5,6.25,6.25
90.0,4,16,4,2,10,nodes4_pods16_prio2_util090_timeout10,100,76,24,0.2400,76,0.7600,2,0.0200,23,0.2300,51,0.5100,0,0.0000,51,0.5100,0,0.0000,73927.0,972.7237,3.765,4.024,0.0495,0.0529,16,76,56.25,112.5,562.5,18.75,0.0,0.0
90.0,4,16,4,2,20,nodes4_pods16_prio2_util090_timeout20,100,77,23,0.2300,77,0.7700,0,0.0000,26,0.2600,51,0.5100,0,0.0000,51,0.5100,0,0.0000,73166.0,950.2078,3.841,4.151,0.0499,0.0539,16,77,68.75,125.0,562.5,18.75,0.0,0.0
90.0,4,16,4,4,1,nodes4_pods16_prio4_util090_timeout01,100,77,23,0.2300,77,0.7700,1,0.0100,48,0.4800,28,0.2800,0,0.0000,28,0.2800,0,0.0000,65717.0,853.4675,2.08,1.955,0.027,0.0254,16,77,87.5,231.25,343.75,37.5,0.0,0.0
90.0,4,16,4,4,10,nodes4_pods16_prio4_util090_timeout10,100,77,23,0.2300,77,0.7700,1,0.0100,48,0.4800,28,0.2800,0,0.0000,28,0.2800,0,0.0000,66458.0,863.0909,2.052,1.934,0.0266,0.0251,16,77,93.75,231.25,343.75,37.5,0.0,0.0
90.0,4,16,4,4,20,nodes4_pods16_prio4_util090_timeout20,100,77,23,0.2300,77,0.7700,1,0.0100,48,0.4800,28,0.2800,0,0.0000,28,0.2800,0,0.0000,66214.0,859.9221,2.078,1.876,0.027,0.0244,16,77,87.5,231.25,343.75,37.5,0.0,0.0
90.0,4,32,8,1,1,nodes4_pods32_prio1_util090_timeout01,100,20,80,0.8000,20,0.2000,0,0.0000,1,0.0100,19,0.1900,0,0.0000,19,0.1900,0,0.0000,16772.0,838.6,0.725,0.784,0.0363,0.0392,32,20,3.125,0.0,59.375,0.0,0.0,0.0
90.0,4,32,8,1,10,nodes4_pods32_prio1_util090_timeout10,100,21,79,0.7900,21,0.2100,3,0.0300,2,0.0200,16,0.1600,0,0.0000,16,0.1600,0,0.0000,14808.0,822.6667,0.725,0.784,0.0345,0.0373,32,18,6.25,0.0,50.0,0.0,0.0,0.0
90.0,4,32,8,1,20,nodes4_pods32_prio1_util090_timeout20,100,21,79,0.7900,21,0.2100,4,0.0400,2,0.0200,15,0.1500,0,0.0000,15,0.1500,0,0.0000,14196.0,835.0588,0.725,0.784,0.0345,0.0373,32,17,6.25,0.0,46.875,0.0,0.0,0.0
90.0,4,32,8,2,1,nodes4_pods32_prio2_util090_timeout01,100,21,79,0.7900,21,0.2100,0,0.0000,9,0.0900,12,0.1200,0,0.0000,12,0.1200,0,0.0000,17906.0,852.6667,0.505,0.532,0.024,0.0253,32,21,28.125,0.0,37.5,0.0,0.0,0.0
90.0,4,32,8,2,10,nodes4_pods32_prio2_util090_timeout10,100,19,81,0.8100,19,0.1900,2,0.0200,7,0.0700,10,0.1000,0,0.0000,10,0.1000,0,0.0000,13989.0,822.8824,0.505,0.532,0.0266,0.028,32,17,21.875,0.0,31.25,0.0,0.0,0.0
90.0,4,32,8,2,20,nodes4_pods32_prio2_util090_timeout20,100,20,80,0.8000,20,0.2000,2,0.0200,8,0.0800,10,0.1000,0,0.0000,10,0.1000,0,0.0000,15712.0,872.8889,0.505,0.532,0.0253,0.0266,32,18,25.0,0.0,31.25,0.0,0.0,0.0
90.0,4,32,8,4,1,nodes4_pods32_prio4_util090_timeout01,100,19,81,0.8100,19,0.1900,1,0.0100,12,0.1200,6,0.0600,0,0.0000,6,0.0600,0,0.0000,17652.0,980.6667,0.31,0.289,0.0163,0.0152,32,18,34.375,3.125,18.75,0.0,0.0,0.0
90.0,4,32,8,4,10,nodes4_pods32_prio4_util090_timeout10,100,18,82,0.8200,18,0.1800,1,0.0100,11,0.1100,6,0.0600,0,0.0000,6,0.0600,0,0.0000,16653.0,979.5882,0.31,0.289,0.0172,0.0161,32,17,31.25,3.125,18.75,0.0,0.0,0.0
90.0,4,32,8,4,20,nodes4_pods32_prio4_util090_timeout20,100,19,81,0.8100,19,0.1900,1,0.0100,12,0.1200,6,0.0600,0,0.0000,6,0.0600,0,0.0000,17676.0,982.0,0.31,0.289,0.0163,0.0152,32,18,34.375,3.125,18.75,0.0,0.0,0.0
90.0,8,32,4,1,1,nodes8_pods32_prio1_util090_timeout01,100,96,4,0.0400,96,0.9600,0,0.0000,0,0.0000,84,0.8400,12,0.1200,96,0.9600,0,0.0000,118632.0,1235.75,7.434,7.339,0.0774,0.0764,32,96,0.0,0.0,603.125,0.0,168.75,0.0
90.0,8,32,4,1,10,nodes8_pods32_prio1_util090_timeout10,100,96,4,0.0400,96,0.9600,1,0.0100,0,0.0000,94,0.9400,1,0.0100,95,0.9500,0,0.0000,150110.0,1580.1053,7.434,7.339,0.0774,0.0764,32,95,0.0,0.0,721.875,0.0,18.75,0.0
90.0,8,32,4,1,20,nodes8_pods32_prio1_util090_timeout20,100,96,4,0.0400,96,0.9600,0,0.0000,0,0.0000,96,0.9600,0,0.0000,96,0.9600,0,0.0000,176628.0,1839.875,7.434,7.339,0.0774,0.0764,32,96,0.0,0.0,765.625,0.0,0.0,0.0
90.0,8,32,4,2,1,nodes8_pods32_prio2_util090_timeout01,100,96,4,0.0400,96,0.9600,0,0.0000,6,0.0600,81,0.8100,9,0.0900,90,0.9000,0,0.0000,107151.0,1116.1562,5.46,5.451,0.0569,0.0568,32,96,28.125,6.25,681.25,18.75,150.0,6.25
90.0,8,32,4,2,10,nodes8_pods32_prio2_util090_timeout10,100,95,5,0.0500,95,0.9500,0,0.0000,5,0.0500,87,0.8700,3,0.0300,90,0.9000,0,0.0000,139423.0,1467.6105,5.443,5.443,0.0573,0.0573,32,95,25.0,6.25,790.625,21.875,56.25,3.125
90.0,8,32,4,2,20,nodes8_pods32_prio2_util090_timeout20,100,96,4,0.0400,96,0.9600,0,0.0000,7,0.0700,87,0.8700,2,0.0200,89,0.8900,0,0.0000,173636.0,1808.7083,5.364,5.341,0.0559,0.0556,32,96,31.25,12.5,790.625,18.75,34.375,3.125
90.0,8,32,4,4,1,nodes8_pods32_prio4_util090_timeout01,100,96,4,0.0400,96,0.9600,3,0.0300,35,0.3500,56,0.5600,2,0.0200,58,0.5800,0,0.0000,97370.0,1014.2708,2.853,3.02,0.0297,0.0315,32,96,100.0,100.0,434.375,71.875,25.0,3.125
90.0,8,32,4,4,10,nodes8_pods32_prio4_util090_timeout10,100,96,4,0.0400,96,0.9600,2,0.0200,33,0.3300,60,0.6000,1,0.0100,61,0.6100,0,0.0000,110001.0,1145.8438,3.012,3.128,0.0314,0.0326,32,96,109.375,87.5,462.5,75.0,6.25,3.125
90.0,8,32,4,4,20,nodes8_pods32_prio4_util090_timeout20,100,96,4,0.0400,96,0.9600,3,0.0300,34,0.3400,59,0.5900,0,0.0000,59,0.5900,0,0.0000,101805.0,1060.4688,3.01,3.078,0.0314,0.0321,32,96,100.0,90.625,493.75,75.0,0.0,0.0
90.0,8,64,8,1,1,nodes8_pods64_prio1_util090_timeout01,100,45,55,0.5500,45,0.4500,10,0.1000,7,0.0700,28,0.2800,0,0.0000,28,0.2800,0,-0.0000,37490.0,1071.1429,0.858,0.934,0.0191,0.0208,64,35,10.9375,0.0,53.125,0.0,0.0,0.0
90.0,8,64,8,1,10,nodes8_pods64_prio1_util090_timeout10,100,42,58,0.5800,42,0.4200,9,0.0900,4,0.0400,29,0.2900,0,0.0000,29,0.2900,0,0.0000,35445.0,1074.0909,0.858,0.934,0.0204,0.0222,64,33,6.25,0.0,57.8125,0.0,0.0,0.0
90.0,8,64,8,1,20,nodes8_pods64_prio1_util090_timeout20,100,49,51,0.5100,49,0.4900,8,0.0800,11,0.1100,30,0.3000,0,0.0000,30,0.3000,0,0.0000,42801.0,1043.9268,0.858,0.934,0.0175,0.0191,64,41,17.1875,0.0,59.375,0.0,0.0,0.0
90.0,8,64,8,2,1,nodes8_pods64_prio2_util090_timeout01,100,41,59,0.5900,41,0.4100,6,0.0600,23,0.2300,12,0.1200,0,0.0000,12,0.1200,0,0.0000,35369.0,1010.5429,0.333,0.334,0.0081,0.0081,64,35,35.9375,0.0,18.75,0.0,0.0,0.0
90.0,8,64,8,2,10,nodes8_pods64_prio2_util090_timeout10,100,36,64,0.6400,36,0.3600,5,0.0500,18,0.1800,13,0.1300,0,0.0000,13,0.1300,0,0.0000,31435.0,1014.0323,0.333,0.334,0.0093,0.0093,64,31,35.9375,0.0,20.3125,0.0,0.0,0.0
90.0,8,64,8,2,20,nodes8_pods64_prio2_util090_timeout20,100,36,64,0.6400,36,0.3600,4,0.0400,18,0.1800,14,0.1400,0,0.0000,14,0.1400,0,0.0000,32123.0,1003.8438,0.333,0.334,0.0093,0.0093,64,32,29.6875,0.0,23.4375,0.0,0.0,0.0
90.0,8,64,8,4,1,nodes8_pods64_prio4_util090_timeout01,100,37,63,0.6300,37,0.3700,3,0.0300,24,0.2400,10,0.1000,0,0.0000,10,0.1000,0,0.0000,36128.0,1062.5882,0.309,0.331,0.0084,0.0089,64,34,42.1875,0.0,18.75,0.0,0.0,0.0
90.0,8,64,8,4,10,nodes8_pods64_prio4_util090_timeout10,100,37,63,0.6300,37,0.3700,2,0.0200,24,0.2400,11,0.1100,0,0.0000,11,0.1100,0,0.0000,37531.0,1072.3143,0.309,0.331,0.0084,0.0089,64,35,39.0625,0.0,20.3125,0.0,0.0,0.0
90.0,8,64,8,4,20,nodes8_pods64_prio4_util090_timeout20,100,34,66,0.6600,34,0.3400,4,0.0400,21,0.2100,9,0.0900,0,0.0000,9,0.0900,0,0.0000,31902.0,1063.4,0.309,0.331,0.0091,0.0097,64,30,35.9375,0.0,17.1875,0.0,0.0,0.0
90.0,16,64,4,1,1,nodes16_pods64_prio1_util090_timeout01,100,99,1,0.0100,99,0.9900,6,0.0600,0,0.0000,13,0.1300,80,0.8000,93,0.9300,0,0.0000,178239.0,1800.3939,6.611,5.96,0.0668,0.0602,64,93,0.0,0.0,46.875,0.0,667.1875,0.0
90.0,16,64,4,1,10,nodes16_pods64_prio1_util090_timeout10,100,99,1,0.0100,99,0.9900,2,0.0200,0,0.0000,60,0.6000,37,0.3700,97,0.9700,0,0.0000,657616.0,6642.5859,6.905,6.247,0.0697,0.0631,64,97,0.0,0.0,343.75,0.0,285.9375,0.0
90.0,16,64,4,1,20,nodes16_pods64_prio1_util090_timeout20,100,99,1,0.0100,99,0.9900,1,0.0100,0,0.0000,79,0.7900,19,0.1900,98,0.9800,0,0.0000,853320.0,8619.3939,6.906,6.311,0.0698,0.0637,64,98,0.0,0.0,464.0625,0.0,156.25,0.0
90.0,16,64,4,2,1,nodes16_pods64_prio2_util090_timeout01,100,99,1,0.0100,99,0.9900,9,0.0900,0,0.0000,47,0.4700,43,0.4300,90,0.9000,0,0.0000,167180.0,1688.6869,4.654,4.48,0.047,0.0453,64,90,0.0,0.0,278.125,0.0,415.625,1.5625
90.0,16,64,4,2,10,nodes16_pods64_prio2_util090_timeout10,100,99,1,0.0100,99,0.9900,1,0.0100,0,0.0000,82,0.8200,16,0.1600,98,0.9800,0,0.0000,396504.0,4005.0909,5.261,4.991,0.0531,0.0504,64,98,0.0,0.0,559.375,0.0,170.3125,0.0
90.0,16,64,4,2,20,nodes16_pods64_prio2_util090_timeout20,100,99,1,0.0100,99,0.9900,0,0.0000,0,0.0000,85,0.8500,14,0.1400,99,0.9900,0,0.0000,556365.0,5619.8485,5.344,5.086,0.054,0.0514,64,99,0.0,0.0,589.0625,1.5625,148.4375,0.0
90.0,16,64,4,4,1,nodes16_pods64_prio4_util090_timeout01,100,99,1,0.0100,99,0.9900,4,0.0400,13,0.1300,56,0.5600,26,0.2600,82,0.8200,0,0.0000,149257.0,1507.6465,3.266,2.977,0.033,0.0301,64,98,35.9375,29.6875,370.3125,42.1875,296.875,18.75
90.0,16,64,4,4,10,nodes16_pods64_prio4_util090_timeout10,100,99,1,0.0100,99,0.9900,3,0.0300,13,0.1300,78,0.7800,5,0.0500,83,0.8300,0,0.0000,229714.0,2320.3434,3.251,2.97,0.0328,0.03,64,99,45.3125,23.4375,543.75,59.375,64.0625,6.25
90.0,16,64,4,4,20,nodes16_pods64_prio4_util090_timeout20,100,99,1,0.0100,99,0.9900,1,0.0100,16,0.1600,79,0.7900,3,0.0300,82,0.8200,0,0.0000,272974.0,2757.3131,3.314,3.06,0.0335,0.0309,64,99,53.125,31.25,554.6875,54.6875,37.5,6.25
90.0,16,128,8,1,1,nodes16_pods128_prio1_util090_timeout01,100,54,46,0.4600,54,0.5400,27,0.2700,8,0.0800,12,0.1200,7,0.0700,19,0.1900,0,0.0000,73336.0,1629.6889,0.326,0.303,0.006,0.0056,128,33,6.25,0.0,9.375,0.0,12.5,0.0
90.0,16,128,8,1,10,nodes16_pods128_prio1_util090_timeout10,100,52,48,0.4800,52,0.5200,7,0.0700,12,0.1200,33,0.3300,0,0.0000,33,0.3300,0,0.0000,90497.0,2011.0444,0.61,0.599,0.0117,0.0115,128,45,12.5,0.0,41.4062,0.0,0.0,0.0
90.0,16,128,8,1,20,nodes16_pods128_prio1_util090_timeout20,100,53,47,0.4700,53,0.5300,6,0.0600,13,0.1300,33,0.3300,1,0.0100,34,0.3400,0,0.0000,118701.0,2525.5532,0.61,0.599,0.0115,0.0113,128,47,12.5,0.0,35.1562,0.0,2.3438,0.0
90.0,16,128,8,2,1,nodes16_pods128_prio2_util090_timeout01,100,55,45,0.4500,55,0.5500,11,0.1100,21,0.2100,19,0.1900,4,0.0400,23,0.2300,0,-0.0000,76960.0,1539.2,0.303,0.291,0.0055,0.0053,128,47,21.0938,0.0,17.1875,0.0,9.375,0.0
90.0,16,128,8,2,10,nodes16_pods128_prio2_util090_timeout10,100,51,49,0.4900,51,0.5100,5,0.0500,21,0.2100,25,0.2500,0,0.0000,25,0.2500,0,0.0000,82153.0,1785.9348,0.37,0.373,0.0073,0.0073,128,46,25.0,0.0,28.125,0.0,0.0,0.0
90.0,16,128,8,2,20,nodes16_pods128_prio2_util090_timeout20,100,53,47,0.4700,53,0.5300,4,0.0400,23,0.2300,26,0.2600,0,0.0000,26,0.2600,0,0.0000,81897.0,1671.3673,0.37,0.373,0.007,0.007,128,49,28.125,0.0,26.5625,0.0,0.0,0.0
90.0,16,128,8,4,1,nodes16_pods128_prio4_util090_timeout01,100,47,53,0.5300,47,0.4700,18,0.1800,17,0.1700,9,0.0900,3,0.0300,12,0.1200,0,0.0000,80112.0,1741.5652,0.141,0.103,0.003,0.0022,128,37,16.4062,0.0,8.5938,0.0,2.3438,1.5625
90.0,16,128,8,4,10,nodes16_pods128_prio4_util090_timeout10,100,49,51,0.5100,49,0.4900,3,0.0300,29,0.2900,17,0.1700,0,0.0000,17,0.1700,0,0.0000,82397.0,1791.2391,0.305,0.285,0.0062,0.0058,128,46,31.25,0.0,17.9688,0.0,0.0,0.0
90.0,16,128,8,4,20,nodes16_pods128_prio4_util090_timeout20,100,55,45,0.4500,55,0.5500,4,0.0400,35,0.3500,16,0.1600,0,0.0000,16,0.1600,0,0.0000,91784.0,1799.6863,0.305,0.285,0.0055,0.0052,128,51,35.1562,0.0,19.5312,0.0,0.0,0.0
90.0,32,128,4,1,1,nodes32_pods128_prio1_util090_timeout01,100,100,0,0.0000,100,1.0000,100,1.0000,0,0.0000,0,0.0000,0,0.0000,0,0.0000,0,0.0000,125887.0,1258.87,0.088,0.194,0.0009,0.0019,128,0,0.0,0.0,0.0,0.0,0.0,0.0
90.0,32,128,4,1,10,nodes32_pods128_prio1_util090_timeout10,100,100,0,0.0000,100,1.0000,40,0.4000,0,0.0000,8,0.0800,52,0.5200,60,0.6000,0,0.0000,1075647.0,10756.47,4.319,4.393,0.0432,0.0439,128,60,0.0,0.0,35.1562,0.0,345.3125,0.0
90.0,32,128,4,1,20,nodes32_pods128_prio1_util090_timeout20,100,100,0,0.0000,100,1.0000,28,0.2800,0,0.0000,24,0.2400,48,0.4800,72,0.7200,0,0.0000,1920035.0,19200.35,4.957,5.113,0.0496,0.0511,128,72,0.0,0.0,107.0312,0.0,313.2812,0.0
90.0,32,128,4,2,1,nodes32_pods128_prio2_util090_timeout01,100,100,0,0.0000,100,1.0000,100,1.0000,0,0.0000,0,0.0000,0,0.0000,0,0.0000,0,0.0000,125501.0,1255.01,-1.865,-1.777,-0.0186,-0.0178,128,0,0.0,0.0,0.0,0.0,0.0,0.0
90.0,32,128,4,2,10,nodes32_pods128_prio2_util090_timeout10,100,100,0,0.0000,100,1.0000,22,0.2200,0,0.0000,41,0.4100,37,0.3700,78,0.7800,0,0.0000,905876.0,9058.76,3.436,3.42,0.0344,0.0342,128,78,0.0,0.0,206.25,0.0,267.1875,0.7812
90.0,32,128,4,2,20,nodes32_pods128_prio2_util090_timeout20,100,100,0,0.0000,100,1.0000,13,0.1300,0,0.0000,63,0.6300,24,0.2400,87,0.8700,0,0.0000,1332573.0,13325.73,3.981,4.083,0.0398,0.0408,128,87,0.0,0.0,326.5625,0.0,185.9375,0.0
90.0,32,128,4,4,1,nodes32_pods128_prio4_util090_timeout01,100,100,0,0.0000,100,1.0000,100,1.0000,0,0.0000,0,0.0000,0,0.0000,0,0.0000,0,0.0000,140465.0,1404.65,-2.816,-2.769,-0.0282,-0.0277,128,0,0.0,0.0,0.0,0.0,0.0,0.0
90.0,32,128,4,4,10,nodes32_pods128_prio4_util090_timeout10,100,100,0,0.0000,100,1.0000,2,0.0200,2,0.0200,78,0.7800,18,0.1800,96,0.9600,0,0.0000,582870.0,5828.7,3.944,3.893,0.0394,0.0389,128,98,5.4688,0.0,530.4688,5.4688,169.5312,3.9062
90.0,32,128,4,4,20,nodes32_pods128_prio4_util090_timeout20,100,100,0,0.0000,100,1.0000,2,0.0200,1,0.0100,87,0.8700,10,0.1000,97,0.9700,0,0.0000,756667.0,7566.67,3.794,3.876,0.0379,0.0388,128,98,4.6875,0.0,605.4688,12.5,95.3125,2.3438
95.0,4,16,4,1,1,nodes4_pods16_prio1_util095_timeout01,100,98,2,0.0200,98,0.9800,12,0.1200,1,0.0100,58,0.5800,27,0.2700,85,0.8500,0,0.0000,122781.0,1252.8673,8.38,8.049,0.0855,0.0821,16,98,0.0,6.25,1125.0,25.0,118.75,100.0
95.0,4,16,4,1,10,nodes4_pods16_prio1_util095_timeout10,100,98,2,0.0200,98,0.9800,9,0.0900,4,0.0400,68,0.6800,17,0.1700,85,0.8500,0,0.0000,258999.0,2642.8469,8.563,7.904,0.0874,0.0807,16,98,0.0,25.0,1181.25,68.75,81.25,43.75
95.0,4,16,4,1,20,nodes4_pods16_prio1_util095_timeout20,100,98,2,0.0200,98,0.9800,7,0.0700,6,0.0600,71,0.7100,14,0.1400,85,0.8500,0,0.0000,358665.0,3659.8469,8.385,7.971,0.0856,0.0813,16,98,0.0,37.5,1193.75,68.75,56.25,50.0
95.0,4,16,4,2,1,nodes4_pods16_prio2_util095_timeout01,100,98,2,0.0200,98,0.9800,5,0.0500,34,0.3400,55,0.5500,4,0.0400,59,0.5900,0,-0.0000,90038.0,918.7551,4.13,4.232,0.0421,0.0432,16,98,31.25,218.75,537.5,193.75,18.75,18.75
95.0,4,16,4,2,10,nodes4_pods16_prio2_util095_timeout10,100,98,2,0.0200,98,0.9800,2,0.0200,38,0.3800,57,0.5700,1,0.0100,58,0.5800,0,0.0000,101214.0,1032.7959,4.211,4.217,0.043,0.043,16,98,31.25,250.0,537.5,206.25,6.25,0.0
95.0,4,16,4,2,20,nodes4_pods16_prio2_util095_timeout20,100,98,2,0.0200,98,0.9800,2,0.0200,38,0.3800,58,0.5800,0,0.0000,58,0.5800,0,0.0000,109371.0,1116.0306,4.294,4.184,0.0438,0.0427,16,98,31.25,250.0,550.0,206.25,0.0,0.0
95.0,4,16,4,4,1,nodes4_pods16_prio4_util095_timeout01,100,98,2,0.0200,98,0.9800,2,0.0200,57,0.5700,38,0.3800,1,0.0100,39,0.3900,0,0.0000,85688.0,874.3673,2.146,2.38,0.0219,0.0243,16,98,106.25,418.75,275.0,181.25,12.5,6.25
95.0,4,16,4,4,10,nodes4_pods16_prio4_util095_timeout10,100,98,2,0.0200,98,0.9800,2,0.0200,57,0.5700,39,0.3900,0,0.0000,39,0.3900,0,0.0000,85381.0,871.2347,2.329,2.345,0.0238,0.0239,16,98,106.25,418.75,287.5,187.5,0.0,0.0
95.0,4,16,4,4,20,nodes4_pods16_prio4_util095_timeout20,100,98,2,0.0200,98,0.9800,2,0.0200,58,0.5800,38,0.3800,0,0.0000,38,0.3800,0,0.0000,86498.0,882.6327,2.152,2.269,0.022,0.0232,16,98,106.25,431.25,268.75,187.5,0.0,0.0
95.0,4,32,8,1,1,nodes4_pods32_prio1_util095_timeout01,100,85,15,0.1500,85,0.8500,4,0.0400,1,0.0100,80,0.8000,0,0.0000,80,0.8000,0,0.0000,77891.0,961.6173,3.62,4.015,0.0426,0.0472,32,81,3.125,0.0,343.75,0.0,0.0,0.0
95.0,4,32,8,1,10,nodes4_pods32_prio1_util095_timeout10,100,84,16,0.1600,84,0.8400,3,0.0300,0,0.0000,81,0.8100,0,0.0000,81,0.8100,0,0.0000,74293.0,917.1975,3.62,4.015,0.0431,0.0478,32,81,0.0,0.0,346.875,0.0,0.0,0.0
95.0,4,32,8,1,20,nodes4_pods32_prio1_util095_timeout20,100,85,15,0.1500,85,0.8500,5,0.0500,1,0.0100,79,0.7900,0,0.0000,79,0.7900,0,0.0000,76812.0,960.15,3.62,4.015,0.0426,0.0472,32,80,3.125,0.0,337.5,0.0,0.0,0.0
95.0,4,32,8,2,1,nodes4_pods32_prio2_util095_timeout01,100,84,16,0.1600,84,0.8400,3,0.0300,6,0.0600,75,0.7500,0,0.0000,75,0.7500,0,0.0000,73494.0,896.2683,3.197,3.157,0.0381,0.0376,32,82,21.875,3.125,393.75,3.125,0.0,0.0
95.0,4,32,8,2,10,nodes4_pods32_prio2_util095_timeout10,100,84,16,0.1600,84,0.8400,3,0.0300,7,0.0700,74,0.7400,0,0.0000,74,0.7400,0,0.0000,73126.0,902.7901,3.204,3.162,0.0381,0.0376,32,81,18.75,6.25,393.75,3.125,0.0,0.0
95.0,4,32,8,2,20,nodes4_pods32_prio2_util095_timeout20,100,83,17,0.1700,83,0.8300,2,0.0200,6,0.0600,75,0.7500,0,0.0000,75,0.7500,0,0.0000,72903.0,900.037,3.197,3.157,0.0385,0.038,32,81,12.5,6.25,403.125,3.125,0.0,0.0
95.0,4,32,8,4,1,nodes4_pods32_prio4_util095_timeout01,100,84,16,0.1600,84,0.8400,6,0.0600,28,0.2800,50,0.5000,0,0.0000,50,0.5000,0,0.0000,80803.0,985.4024,1.824,2.007,0.0217,0.0239,32,82,28.125,68.75,290.625,21.875,0.0,0.0
95.0,4,32,8,4,10,nodes4_pods32_prio4_util095_timeout10,100,84,16,0.1600,84,0.8400,5,0.0500,28,0.2800,51,0.5100,0,0.0000,51,0.5100,0,0.0000,85961.0,1048.3049,2.009,2.057,0.0239,0.0245,32,82,28.125,65.625,284.375,18.75,0.0,0.0
95.0,4,32,8,4,20,nodes4_pods32_prio4_util095_timeout20,100,82,18,0.1800,82,0.8200,3,0.0300,26,0.2600,53,0.5300,0,0.0000,53,0.5300,0,0.0000,83287.0,1028.2346,2.012,2.047,0.0245,0.025,32,81,25.0,62.5,287.5,21.875,0.0,0.0
95.0,8,32,4,1,1,nodes8_pods32_prio1_util095_timeout01,100,100,0,0.0000,100,1.0000,2,0.0200,0,0.0000,7,0.0700,91,0.9100,98,0.9800,0,0.0000,174674.0,1746.74,10.951,11.124,0.1095,0.1112,32,98,0.0,0.0,75.0,0.0,2440.625,15.625
95.0,8,32,4,1,10,nodes8_pods32_prio1_util095_timeout10,100,100,0,0.0000,100,1.0000,0,0.0000,0,0.0000,23,0.2300,77,0.7700,100,1.0000,0,0.0000,892309.0,8923.09,11.722,11.78,0.1172,0.1178,32,100,0.0,0.0,290.625,0.0,1556.25,0.0
95.0,8,32,4,1,20,nodes8_pods32_prio1_util095_timeout20,100,100,0,0.0000,100,1.0000,0,0.0000,0,0.0000,39,0.3900,61,0.6100,100,1.0000,0,0.0000,1560290.0,15602.9,11.72,11.781,0.1172,0.1178,32,100,0.0,0.0,550.0,0.0,1256.25,0.0
95.0,8,32,4,2,1,nodes8_pods32_prio2_util095_timeout01,100,100,0,0.0000,100,1.0000,3,0.0300,6,0.0600,35,0.3500,56,0.5600,91,0.9100,0,0.0000,144381.0,1443.81,6.275,6.004,0.0628,0.06,32,97,12.5,28.125,284.375,62.5,871.875,81.25
95.0,8,32,4,2,10,nodes8_pods32_prio2_util095_timeout10,100,100,0,0.0000,100,1.0000,0,0.0000,7,0.0700,60,0.6000,33,0.3300,93,0.9300,0,0.0000,445234.0,4452.34,6.656,6.37,0.0666,0.0637,32,100,18.75,34.375,593.75,103.125,537.5,34.375
95.0,8,32,4,2,20,nodes8_pods32_prio2_util095_timeout20,100,100,0,0.0000,100,1.0000,0,0.0000,7,0.0700,72,0.7200,21,0.2100,93,0.9300,0,0.0000,596392.0,5963.92,6.616,6.295,0.0662,0.063,32,100,18.75,34.375,771.875,112.5,346.875,25.0
95.0,8,32,4,4,1,nodes8_pods32_prio4_util095_timeout01,100,100,0,0.0000,100,1.0000,2,0.0200,26,0.2600,60,0.6000,12,0.1200,72,0.7200,0,0.0000,110838.0,1108.38,3.341,3.051,0.0334,0.0305,32,100,31.25,153.125,443.75,215.625,159.375,50.0
95.0,8,32,4,4,10,nodes8_pods32_prio4_util095_timeout10,100,100,0,0.0000,100,1.0000,1,0.0100,25,0.2500,69,0.6900,5,0.0500,74,0.7400,0,0.0000,167110.0,1671.1,3.269,3.298,0.0327,0.033,32,100,21.875,140.625,521.875,259.375,50.0,15.625
95.0,8,32,4,4,20,nodes8_pods32_prio4_util095_timeout20,100,100,0,0.0000,100,1.0000,1,0.0100,26,0.2600,70,0.7000,3,0.0300,73,0.7300,0,0.0000,177479.0,1774.79,3.164,3.195,0.0316,0.032,32,100,31.25,159.375,540.625,250.0,25.0,9.375
95.0,8,64,8,1,1,nodes8_pods64_prio1_util095_timeout01,100,99,1,0.0100,99,0.9900,3,0.0300,1,0.0100,76,0.7600,19,0.1900,95,0.9500,0,0.0000,141448.0,1443.3469,3.899,3.469,0.0394,0.035,64,96,3.125,0.0,237.5,0.0,89.0625,0.0
95.0,8,64,8,1,10,nodes8_pods64_prio1_util095_timeout10,100,98,2,0.0200,98,0.9800,0,0.0000,0,0.0000,96,0.9600,2,0.0200,98,0.9800,0,0.0000,192500.0,1964.2857,4.038,3.59,0.0412,0.0366,64,98,0.0,0.0,339.0625,0.0,12.5,0.0
95.0,8,64,8,1,20,nodes8_pods64_prio1_util095_timeout20,100,100,0,0.0000,100,1.0000,2,0.0200,2,0.0200,96,0.9600,0,0.0000,96,0.9600,0,0.0000,184268.0,1880.2857,4.038,3.59,0.0404,0.0359,64,98,4.6875,0.0,348.4375,0.0,0.0,0.0
95.0,8,64,8,2,1,nodes8_pods64_prio2_util095_timeout01,100,98,2,0.0200,98,0.9800,0,0.0000,4,0.0400,87,0.8700,7,0.0700,94,0.9400,0,0.0000,125432.0,1279.9184,3.407,3.102,0.0348,0.0317,64,98,12.5,0.0,320.3125,0.0,43.75,0.0
95.0,8,64,8,2,10,nodes8_pods64_prio2_util095_timeout10,100,99,1,0.0100,99,0.9900,1,0.0100,5,0.0500,92,0.9200,1,0.0100,93,0.9300,0,0.0000,143600.0,1465.3061,3.407,3.102,0.0344,0.0313,64,98,12.5,0.0,367.1875,0.0,7.8125,0.0
95.0,8,64,8,2,20,nodes8_pods64_prio2_util095_timeout20,100,98,2,0.0200,98,0.9800,1,0.0100,4,0.0400,93,0.9300,0,0.0000,93,0.9300,0,0.0000,132037.0,1361.2062,3.407,3.102,0.0348,0.0317,64,97,10.9375,0.0,385.9375,0.0,0.0,0.0
95.0,8,64,8,4,1,nodes8_pods64_prio4_util095_timeout01,100,99,1,0.0100,99,0.9900,3,0.0300,6,0.0600,82,0.8200,8,0.0800,90,0.9000,0,0.0000,122226.0,1247.2041,2.651,2.645,0.0268,0.0267,64,98,17.1875,1.5625,339.0625,20.3125,60.9375,1.5625
95.0,8,64,8,4,10,nodes8_pods64_prio4_util095_timeout10,100,100,0,0.0000,100,1.0000,1,0.0100,10,0.1000,88,0.8800,1,0.0100,89,0.8900,0,0.0000,150811.0,1508.11,2.696,2.674,0.027,0.0267,64,100,17.1875,4.6875,414.0625,17.1875,7.8125,0.0
95.0,8,64,8,4,20,nodes8_pods64_prio4_util095_timeout20,100,100,0,0.0000,100,1.0000,2,0.0200,13,0.1300,84,0.8400,1,0.0100,85,0.8500,0,0.0000,173508.0,1735.08,2.52,2.506,0.0252,0.0251,64,99,34.375,6.25,360.9375,20.3125,9.375,0.0
95.0,16,64,4,1,1,nodes16_pods64_prio1_util095_timeout01,100,100,0,0.0000,100,1.0000,2,0.0200,0,0.0000,0,0.0000,98,0.9800,98,0.9800,0,0.0000,168219.0,1682.19,7.403,7.288,0.074,0.0729,64,99,0.0,0.0,0.0,0.0,3695.3125,150.0
95.0,16,64,4,1,10,nodes16_pods64_prio1_util095_timeout10,100,100,0,0.0000,100,1.0000,4,0.0400,0,0.0000,1,0.0100,95,0.9500,96,0.9600,0,0.0000,1074162.0,10741.62,10.474,10.009,0.1047,0.1001,64,96,0.0,0.0,6.25,0.0,1812.5,10.9375
95.0,16,64,4,1,20,nodes16_pods64_prio1_util095_timeout20,100,100,0,0.0000,100,1.0000,1,0.0100,0,0.0000,2,0.0200,97,0.9700,99,0.9900,0,0.0000,2067352.0,20673.52,10.853,10.437,0.1085,0.1044,64,99,0.0,0.0,17.1875,0.0,1525.0,3.125
95.0,16,64,4,2,1,nodes16_pods64_prio2_util095_timeout01,100,100,0,0.0000,100,1.0000,9,0.0900,0,0.0000,0,0.0000,91,0.9100,91,0.9100,0,0.0000,172647.0,1726.47,6.12,6.128,0.0612,0.0613,64,91,0.0,0.0,0.0,0.0,2370.3125,137.5
95.0,16,64,4,2,10,nodes16_pods64_prio2_util095_timeout10,100,100,0,0.0000,100,1.0000,3,0.0300,0,0.0000,6,0.0600,91,0.9100,97,0.9700,0,0.0000,1022042.0,10220.42,7.909,7.617,0.0791,0.0762,64,97,0.0,0.0,54.6875,12.5,1535.9375,48.4375
95.0,16,64,4,2,20,nodes16_pods64_prio2_util095_timeout20,100,100,0,0.0000,100,1.0000,2,0.0200,0,0.0000,16,0.1600,82,0.8200,98,0.9800,0,0.0000,1859137.0,18591.37,8.045,7.729,0.0804,0.0773,64,98,0.0,0.0,175.0,21.875,1375.0,34.375
95.0,16,64,4,4,1,nodes16_pods64_prio4_util095_timeout01,100,100,0,0.0000,100,1.0000,8,0.0800,7,0.0700,34,0.3400,51,0.5100,85,0.8500,0,0.0000,158194.0,1581.94,2.783,3.086,0.0278,0.0309,64,95,7.8125,26.5625,187.5,132.8125,662.5,171.875
95.0,16,64,4,4,10,nodes16_pods64_prio4_util095_timeout10,100,100,0,0.0000,100,1.0000,3,0.0300,6,0.0600,60,0.6000,31,0.3100,91,0.9100,0,0.0000,495653.0,4956.53,3.55,3.729,0.0355,0.0373,64,100,18.75,29.6875,387.5,203.125,359.375,64.0625
95.0,16,64,4,4,20,nodes16_pods64_prio4_util095_timeout20,100,100,0,0.0000,100,1.0000,4,0.0400,8,0.0800,70,0.7000,18,0.1800,88,0.8800,0,0.0000,720887.0,7208.87,3.576,3.797,0.0358,0.038,64,99,18.75,29.6875,521.875,239.0625,215.625,32.8125
95.0,16,128,8,1,1,nodes16_pods128_prio1_util095_timeout01,100,100,0,0.0000,100,1.0000,70,0.7000,0,0.0000,0,0.0000,30,0.3000,30,0.3000,0,0.0000,161693.0,1616.93,0.466,0.431,0.0047,0.0043,128,71,0.0,0.0,0.0,0.0,425.0,38.2812
95.0,16,128,8,1,10,nodes16_pods128_prio1_util095_timeout10,100,100,0,0.0000,100,1.0000,1,0.0100,0,0.0000,60,0.6000,39,0.3900,99,0.9900,0,0.0000,759951.0,7599.51,3.967,3.926,0.0397,0.0393,128,99,0.0,0.0,167.9688,0.0,146.875,0.0
95.0,16,128,8,1,20,nodes16_pods128_prio1_util095_timeout20,100,100,0,0.0000,100,1.0000,5,0.0500,0,0.0000,72,0.7200,23,0.2300,95,0.9500,0,0.0000,1168867.0,11688.67,3.812,3.744,0.0381,0.0374,128,95,0.0,0.0,209.375,0.0,89.8438,0.0
95.0,16,128,8,2,1,nodes16_pods128_prio2_util095_timeout01,100,99,1,0.0100,99,0.9900,26,0.2600,0,0.0000,4,0.0400,69,0.6900,73,0.7300,0,0.0000,179596.0,1814.101,1.568,1.876,0.0158,0.0189,128,79,0.0,0.0,4.6875,0.0,814.8438,15.625
95.0,16,128,8,2,10,nodes16_pods128_prio2_util095_timeout10,100,99,1,0.0100,99,0.9900,6,0.0600,2,0.0200,71,0.7100,20,0.2000,91,0.9100,0,0.0000,568878.0,5804.8776,2.554,2.67,0.0258,0.027,128,93,4.6875,0.0,204.6875,0.0,85.1562,0.0
95.0,16,128,8,2,20,nodes16_pods128_prio2_util095_timeout20,100,99,1,0.0100,99,0.9900,7,0.0700,1,0.0100,83,0.8300,8,0.0800,91,0.9100,0,0.0000,775550.0,7833.8384,2.492,2.583,0.0252,0.0261,128,93,2.3438,0.0,250.0,0.0,32.0312,0.0
95.0,16,128,8,4,1,nodes16_pods128_prio4_util095_timeout01,100,100,0,0.0000,100,1.0000,54,0.5400,0,0.0000,15,0.1500,31,0.3100,46,0.4600,0,0.0000,171146.0,1728.7475,0.395,0.348,0.0039,0.0035,128,55,0.0,0.0,28.9062,20.3125,311.7188,12.5
95.0,16,128,8,4,10,nodes16_pods128_prio4_util095_timeout10,100,100,0,0.0000,100,1.0000,3,0.0300,0,0.0000,90,0.9000,7,0.0700,97,0.9700,0,0.0000,385971.0,3898.697,2.489,2.481,0.0249,0.0248,128,97,0.0,0.0,317.9688,1.5625,39.0625,0.0
95.0,16,128,8,4,20,nodes16_pods128_prio4_util095_timeout20,100,100,0,0.0000,100,1.0000,6,0.0600,0,0.0000,91,0.9100,3,0.0300,94,0.9400,0,0.0000,505322.0,5156.3469,2.363,2.326,0.0236,0.0233,128,94,0.0,0.0,338.2812,1.5625,17.1875,0.0
95.0,32,128,4,1,1,nodes32_pods128_prio1_util095_timeout01,100,100,0,0.0000,100,1.0000,100,1.0000,0,0.0000,0,0.0000,0,0.0000,0,0.0000,0,0.0000,129349.0,1293.49,0.134,0.061,0.0013,0.0006,128,0,0.0,0.0,0.0,0.0,0.0,0.0
95.0,32,128,4,1,10,nodes32_pods128_prio1_util095_timeout10,100,100,0,0.0000,100,1.0000,10,0.1000,0,0.0000,0,0.0000,90,0.9000,90,0.9000,0,0.0000,1087513.0,10875.13,8.395,8.368,0.084,0.0837,128,90,0.0,0.0,0.0,0.0,3785.9375,88.2812
95.0,32,128,4,1,20,nodes32_pods128_prio1_util095_timeout20,100,100,0,0.0000,100,1.0000,25,0.2500,0,0.0000,0,0.0000,75,0.7500,75,0.7500,0,0.0000,2090389.0,20903.89,7.598,7.466,0.076,0.0747,128,75,0.0,0.0,0.0,0.0,2092.1875,39.0625
95.0,32,128,4,2,1,nodes32_pods128_prio2_util095_timeout01,100,100,0,0.0000,100,1.0000,99,0.9900,1,0.0100,0,0.0000,0,0.0000,0,0.0000,0,0.0000,126077.0,1260.77,-2.284,-2.331,-0.0228,-0.0233,128,1,0.0,55.4688,0.0,0.0,0.0,0.0
95.0,32,128,4,2,10,nodes32_pods128_prio2_util095_timeout10,100,100,0,0.0000,100,1.0000,14,0.1400,0,0.0000,0,0.0000,86,0.8600,86,0.8600,0,0.0000,1087682.0,10876.82,6.21,6.132,0.0621,0.0613,128,86,0.0,0.0,0.0,0.0,1854.6875,57.8125
95.0,32,128,4,2,20,nodes32_pods128_prio2_util095_timeout20,100,100,0,0.0000,100,1.0000,24,0.2400,0,0.0000,0,0.0000,76,0.7600,76,0.7600,0,0.0000,2089629.0,20896.29,5.104,5.205,0.051,0.052,128,76,0.0,0.0,0.0,0.0,1189.0625,43.75
95.0,32,128,4,4,1,nodes32_pods128_prio4_util095_timeout01,100,100,0,0.0000,100,1.0000,100,1.0000,0,0.0000,0,0.0000,0,0.0000,0,0.0000,0,0.0000,138493.0,1384.93,-3.113,-3.143,-0.0311,-0.0314,128,0,0.0,0.0,0.0,0.0,0.0,0.0
95.0,32,128,4,4,10,nodes32_pods128_prio4_util095_timeout10,100,100,0,0.0000,100,1.0000,4,0.0400,0,0.0000,17,0.1700,79,0.7900,96,0.9600,0,0.0000,975000.0,9750.0,4.298,4.273,0.043,0.0427,128,97,0.0,0.0,122.6562,39.0625,864.0625,146.0938
95.0,32,128,4,4,20,nodes32_pods128_prio4_util095_timeout20,100,100,0,0.0000,100,1.0000,4,0.0400,2,0.0200,23,0.2300,71,0.7100,94,0.9400,0,0.0000,1733299.0,17332.99,4.292,4.29,0.0429,0.0429,128,97,9.375,10.9375,175.7812,51.5625,779.6875,124.2188
95.0,32,256,8,1,1,nodes32_pods256_prio1_util095_timeout01,100,100,0,0.0000,100,1.0000,100,1.0000,0,0.0000,0,0.0000,0,0.0000,0,0.0000,0,0.0000,130899.0,1308.99,0.064,0.057,0.0006,0.0006,256,0,0.0,0.0,0.0,0.0,0.0,0.0
95.0,32,256,8,1,10,nodes32_pods256_prio1_util095_timeout10,100,100,0,0.0000,100,1.0000,35,0.3500,0,0.0000,0,0.0000,65,0.6500,65,0.6500,0,0.0000,1074997.0,10749.97,1.762,1.773,0.0176,0.0177,256,67,0.0,0.0,0.0,0.0,551.9531,26.5625
95.0,32,256,8,1,20,nodes32_pods256_prio1_util095_timeout20,100,100,0,0.0000,100,1.0000,85,0.8500,0,0.0000,9,0.0900,6,0.0600,15,0.1500,0,0.0000,2076402.0,20764.02,0.5,0.571,0.005,0.0057,256,15,0.0,0.0,19.1406,0.0,16.4062,0.3906
95.0,32,256,8,2,1,nodes32_pods256_prio2_util095_timeout01,100,100,0,0.0000,100,1.0000,100,1.0000,0,0.0000,0,0.0000,0,0.0000,0,0.0000,0,0.0000,132477.0,1324.77,-1.142,-1.017,-0.0114,-0.0102,256,0,0.0,0.0,0.0,0.0,0.0,0.0
95.0,32,256,8,2,10,nodes32_pods256_prio2_util095_timeout10,100,100,0,0.0000,100,1.0000,74,0.7400,1,0.0100,2,0.0200,23,0.2300,25,0.2500,0,0.0000,1096875.0,10968.75,-0.235,-0.202,-0.0024,-0.002,256,26,0.7812,0.0,4.6875,0.0,82.4219,0.0
95.0,32,256,8,2,20,nodes32_pods256_prio2_util095_timeout20,100,100,0,0.0000,100,1.0000,38,0.3800,1,0.0100,14,0.1400,47,0.4700,61,0.6100,0,0.0000,1990796.0,19907.96,1.157,1.104,0.0116,0.011,256,62,0.3906,0.0,32.0312,0.0,144.9219,0.0
95.0,32,256,8,4,1,nodes32_pods256_prio4_util095_timeout01,100,100,0,0.0000,100,1.0000,100,1.0000,0,0.0000,0,0.0000,0,0.0000,0,0.0000,0,0.0000,126593.0,1265.93,-1.418,-1.469,-0.0142,-0.0147,256,0,0.0,0.0,0.0,0.0,0.0,0.0
95.0,32,256,8,4,10,nodes32_pods256_prio4_util095_timeout10,100,100,0,0.0000,100,1.0000,54,0.5400,0,0.0000,28,0.2800,18,0.1800,46,0.4600,0,0.0000,1010448.0,10104.48,0.189,0.178,0.0019,0.0018,256,46,0.0,0.0,67.9688,0.0,65.2344,0.0
95.0,32,256,8,4,20,nodes32_pods256_prio4_util095_timeout20,100,100,0,0.0000,100,1.0000,40,0.4000,0,0.0000,47,0.4700,13,0.1300,60,0.6000,0,0.0000,1618380.0,16183.8,0.644,0.533,0.0064,0.0053,256,60,0.0,0.0,125.7812,0.0,44.5312,0.0
100.0,4,16,4,1,1,nodes4_pods16_prio1_util100_timeout01,100,99,1,0.0100,99,0.9900,2,0.0200,11,0.1100,69,0.6900,17,0.1700,86,0.8600,0,0.0000,125785.0,1270.5556,7.958,7.419,0.0804,0.0749,16,99,12.5,68.75,656.25,256.25,243.75,62.5
100.0,4,16,4,1,10,nodes4_pods16_prio1_util100_timeout10,100,99,1,0.0100,99,0.9900,1,0.0100,12,0.1200,82,0.8200,4,0.0400,86,0.8600,0,0.0000,156149.0,1577.2626,7.781,7.624,0.0786,0.077,16,99,12.5,75.0,831.25,312.5,37.5,12.5
100.0,4,16,4,1,20,nodes4_pods16_prio1_util100_timeout20,100,99,1,0.0100,99,0.9900,1,0.0100,12,0.1200,83,0.8300,3,0.0300,86,0.8600,0,0.0000,179482.0,1812.9495,7.912,7.494,0.0799,0.0757,16,99,12.5,75.0,850.0,312.5,31.25,6.25
100.0,4,16,4,2,1,nodes4_pods16_prio2_util100_timeout01,100,99,1,0.0100,99,0.9900,1,0.0100,36,0.3600,55,0.5500,7,0.0700,62,0.6200,0,0.0000,89940.0,908.4848,4.233,4.416,0.0428,0.0446,16,99,50.0,262.5,487.5,356.25,112.5,43.75
100.0,4,16,4,2,10,nodes4_pods16_prio2_util100_timeout10,100,100,0,0.0000,100,1.0000,1,0.0100,37,0.3700,61,0.6100,1,0.0100,62,0.6200,0,0.0000,98188.0,981.88,4.223,4.289,0.0422,0.0429,16,100,50.0,268.75,600.0,393.75,0.0,6.25
100.0,4,16,4,2,20,nodes4_pods16_prio2_util100_timeout20,100,99,1,0.0100,99,0.9900,0,0.0000,37,0.3700,62,0.6200,0,0.0000,62,0.6200,0,0.0000,96437.0,974.1111,4.291,4.269,0.0433,0.0431,16,99,50.0,268.75,587.5,412.5,0.0,0.0
100.0,4,16,4,4,1,nodes4_pods16_prio4_util100_timeout01,100,99,1,0.0100,99,0.9900,1,0.0100,57,0.5700,40,0.4000,1,0.0100,41,0.4100,0,0.0000,88006.0,888.9495,2.372,1.9,0.024,0.0192,16,99,93.75,481.25,268.75,375.0,31.25,6.25
100.0,4,16,4,4,10,nodes4_pods16_prio4_util100_timeout10,100,99,1,0.0100,99,0.9900,1,0.0100,57,0.5700,41,0.4100,0,0.0000,41,0.4100,0,0.0000,88339.0,892.3131,2.431,2.074,0.0246,0.0209,16,99,93.75,481.25,312.5,381.25,0.0,0.0
100.0,4,16,4,4,20,nodes4_pods16_prio4_util100_timeout20,100,99,1,0.0100,99,0.9900,1,0.0100,57,0.5700,41,0.4100,0,0.0000,41,0.4100,0,0.0000,88108.0,889.9798,2.408,2.067,0.0243,0.0209,16,99,87.5,481.25,312.5,381.25,0.0,0.0
100.0,4,32,8,1,1,nodes4_pods32_prio1_util100_timeout01,100,100,0,0.0000,100,1.0000,4,0.0400,0,0.0000,0,0.0000,96,0.9600,96,0.9600,0,0.0000,152637.0,1526.37,4.573,4.227,0.0457,0.0423,32,100,0.0,0.0,0.0,0.0,340.625,200.0
100.0,4,32,8,1,10,nodes4_pods32_prio1_util100_timeout10,100,100,0,0.0000,100,1.0000,4,0.0400,0,0.0000,0,0.0000,96,0.9600,96,0.9600,0,0.0000,622713.0,6227.13,4.507,4.334,0.0451,0.0433,32,100,0.0,0.0,0.0,0.0,343.75,193.75
100.0,4,32,8,1,20,nodes4_pods32_prio1_util100_timeout20,100,100,0,0.0000,100,1.0000,4,0.0400,0,0.0000,0,0.0000,96,0.9600,96,0.9600,0,0.0000,1115772.0,11157.72,4.529,4.239,0.0453,0.0424,32,100,0.0,0.0,0.0,0.0,334.375,190.625
100.0,4,32,8,2,1,nodes4_pods32_prio2_util100_timeout01,100,100,0,0.0000,100,1.0000,4,0.0400,9,0.0900,48,0.4800,39,0.3900,87,0.8700,0,0.0000,124452.0,1244.52,3.866,3.357,0.0387,0.0336,32,100,18.75,31.25,265.625,118.75,212.5,93.75
100.0,4,32,8,2,10,nodes4_pods32_prio2_util100_timeout10,100,100,0,0.0000,100,1.0000,0,0.0000,13,0.1300,81,0.8100,6,0.0600,87,0.8700,0,0.0000,192726.0,1927.26,3.995,3.362,0.0399,0.0336,32,100,21.875,43.75,431.25,200.0,15.625,15.625
100.0,4,32,8,2,20,nodes4_pods32_prio2_util100_timeout20,100,100,0,0.0000,100,1.0000,0,0.0000,14,0.1400,82,0.8200,4,0.0400,86,0.8600,0,0.0000,206823.0,2068.23,3.911,3.344,0.0391,0.0334,32,100,12.5,50.0,434.375,200.0,12.5,9.375
100.0,4,32,8,4,1,nodes4_pods32_prio4_util100_timeout01,100,100,0,0.0000,100,1.0000,4,0.0400,39,0.3900,53,0.5300,4,0.0400,57,0.5700,0,0.0000,101716.0,1017.16,1.82,1.94,0.0182,0.0194,32,100,43.75,196.875,287.5,178.125,12.5,15.625
100.0,4,32,8,4,10,nodes4_pods32_prio4_util100_timeout10,100,100,0,0.0000,100,1.0000,4,0.0400,39,0.3900,57,0.5700,0,0.0000,57,0.5700,0,0.0000,101401.0,1014.01,1.779,2.074,0.0178,0.0207,32,100,34.375,200.0,321.875,190.625,0.0,0.0
100.0,4,32,8,4,20,nodes4_pods32_prio4_util100_timeout20,100,100,0,0.0000,100,1.0000,2,0.0200,39,0.3900,59,0.5900,0,0.0000,59,0.5900,0,0.0000,105387.0,1053.87,2.01,2.097,0.0201,0.021,32,100,37.5,190.625,331.25,203.125,0.0,0.0
100.0,8,32,4,1,1,nodes8_pods32_prio1_util100_timeout01,100,100,0,0.0000,100,1.0000,2,0.0200,0,0.0000,0,0.0000,98,0.9800,98,0.9800,0,0.0000,167379.0,1673.79,11.299,10.83,0.113,0.1083,32,98,0.0,0.0,0.0,0.0,3575.0,275.0
100.0,8,32,4,1,10,nodes8_pods32_prio1_util100_timeout10,100,100,0,0.0000,100,1.0000,1,0.0100,0,0.0000,8,0.0800,91,0.9100,99,0.9900,0,0.0000,1021055.0,10210.55,12.23,11.817,0.1223,0.1182,32,99,0.0,0.0,106.25,12.5,1778.125,218.75
100.0,8,32,4,1,20,nodes8_pods32_prio1_util100_timeout20,100,100,0,0.0000,100,1.0000,1,0.0100,0,0.0000,11,0.1100,88,0.8800,99,0.9900,0,0.0000,1896538.0,18965.38,12.382,11.694,0.1238,0.1169,32,99,0.0,0.0,143.75,18.75,1718.75,206.25
100.0,8,32,4,2,1,nodes8_pods32_prio2_util100_timeout01,100,100,0,0.0000,100,1.0000,4,0.0400,6,0.0600,29,0.2900,61,0.6100,90,0.9000,0,0.0000,145830.0,1458.3,5.844,5.313,0.0584,0.0531,32,97,9.375,34.375,218.75,146.875,878.125,275.0
100.0,8,32,4,2,10,nodes8_pods32_prio2_util100_timeout10,100,100,0,0.0000,100,1.0000,0,0.0000,7,0.0700,60,0.6000,33,0.3300,93,0.9300,0,0.0000,489290.0,4892.9,6.377,5.909,0.0638,0.0591,32,100,18.75,40.625,500.0,309.375,562.5,103.125
100.0,8,32,4,2,20,nodes8_pods32_prio2_util100_timeout20,100,100,0,0.0000,100,1.0000,0,0.0000,7,0.0700,71,0.7100,22,0.2200,93,0.9300,0,0.0000,708313.0,7083.13,6.304,5.771,0.063,0.0577,32,100,12.5,40.625,709.375,340.625,384.375,78.125
100.0,8,32,4,4,1,nodes8_pods32_prio4_util100_timeout01,100,100,0,0.0000,100,1.0000,2,0.0200,25,0.2500,55,0.5500,18,0.1800,73,0.7300,0,0.0000,115191.0,1151.91,2.745,2.414,0.0275,0.0241,32,100,46.875,193.75,368.75,403.125,234.375,137.5
100.0,8,32,4,4,10,nodes8_pods32_prio4_util100_timeout10,100,100,0,0.0000,100,1.0000,2,0.0200,26,0.2600,68,0.6800,4,0.0400,72,0.7200,0,0.0000,165335.0,1653.35,2.85,2.528,0.0285,0.0253,32,100,53.125,200.0,546.875,496.875,21.875,25.0
100.0,8,32,4,4,20,nodes8_pods32_prio4_util100_timeout20,100,100,0,0.0000,100,1.0000,2,0.0200,29,0.2900,67,0.6700,2,0.0200,69,0.6900,0,0.0000,176396.0,1763.96,2.562,2.327,0.0256,0.0233,32,100,65.625,231.25,528.125,500.0,15.625,12.5
100.0,8,64,8,1,1,nodes8_pods64_prio1_util100_timeout01,100,100,0,0.0000,100,1.0000,0,0.0000,0,0.0000,0,0.0000,100,1.0000,100,1.0000,0,0.0000,172629.0,1726.29,5.597,5.336,0.056,0.0534,64,100,0.0,0.0,0.0,0.0,5087.5,140.625
100.0,8,64,8,1,10,nodes8_pods64_prio1_util100_timeout10,100,100,0,0.0000,100,1.0000,0,0.0000,0,0.0000,0,0.0000,100,1.0000,100,1.0000,0,0.0000,1064351.0,10643.51,5.86,5.56,0.0586,0.0556,64,100,0.0,0.0,0.0,0.0,1882.8125,126.5625
100.0,8,64,8,1,20,nodes8_pods64_prio1_util100_timeout20,100,100,0,0.0000,100,1.0000,0,0.0000,0,0.0000,0,0.0000,100,1.0000,100,1.0000,0,0.0000,2044100.0,20441.0,5.776,5.592,0.0578,0.0559,64,100,0.0,0.0,0.0,0.0,904.6875,135.9375
100.0,8,64,8,2,1,nodes8_pods64_prio2_util100_timeout01,100,100,0,0.0000,100,1.0000,11,0.1100,0,0.0000,1,0.0100,88,0.8800,89,0.8900,0,0.0000,180936.0,1809.36,4.504,4.265,0.045,0.0426,64,89,0.0,0.0,4.6875,1.5625,1946.875,129.6875
100.0,8,64,8,2,10,nodes8_pods64_prio2_util100_timeout10,100,100,0,0.0000,100,1.0000,4,0.0400,0,0.0000,8,0.0800,88,0.8800,96,0.9600,0,0.0000,1012421.0,10124.21,5.136,4.793,0.0514,0.0479,64,97,0.0,0.0,45.3125,9.375,879.6875,125.0
100.0,8,64,8,2,20,nodes8_pods64_prio2_util100_timeout20,100,100,0,0.0000,100,1.0000,1,0.0100,0,0.0000,19,0.1900,80,0.8000,99,0.9900,0,0.0000,1860964.0,18609.64,5.265,4.998,0.0526,0.05,64,99,0.0,0.0,114.0625,26.5625,740.625,109.375
100.0,8,64,8,4,1,nodes8_pods64_prio4_util100_timeout01,100,100,0,0.0000,100,1.0000,7,0.0700,6,0.0600,25,0.2500,62,0.6200,87,0.8700,0,0.0000,157453.0,1574.53,2.723,2.51,0.0272,0.0251,64,94,4.6875,23.4375,42.1875,103.125,560.9375,157.8125
100.0,8,64,8,4,10,nodes8_pods64_prio4_util100_timeout10,100,100,0,0.0000,100,1.0000,2,0.0200,4,0.0400,62,0.6200,32,0.3200,94,0.9400,0,0.0000,501078.0,5010.78,3.26,3.103,0.0326,0.031,64,100,1.5625,12.5,246.875,198.4375,306.25,62.5
100.0,8,64,8,4,20,nodes8_pods64_prio4_util100_timeout20,100,100,0,0.0000,100,1.0000,1,0.0100,6,0.0600,65,0.6500,28,0.2800,93,0.9300,0,0.0000,787196.0,7871.96,3.107,3.115,0.0311,0.0311,64,100,9.375,23.4375,262.5,196.875,248.4375,57.8125
100.0,16,64,4,1,1,nodes16_pods64_prio1_util100_timeout01,100,100,0,0.0000,100,1.0000,2,0.0200,0,0.0000,0,0.0000,98,0.9800,98,0.9800,0,0.0000,170610.0,1706.1,7.223,7.016,0.0722,0.0702,64,100,0.0,0.0,0.0,0.0,3764.0625,395.3125
100.0,16,64,4,1,10,nodes16_pods64_prio1_util100_timeout10,100,100,0,0.0000,100,1.0000,0,0.0000,0,0.0000,0,0.0000,100,1.0000,100,1.0000,0,0.0000,1072715.0,10727.15,10.639,10.485,0.1064,0.1048,64,100,0.0,0.0,0.0,0.0,3762.5,275.0
100.0,16,64,4,1,20,nodes16_pods64_prio1_util100_timeout20,100,100,0,0.0000,100,1.0000,0,0.0000,0,0.0000,0,0.0000,100,1.0000,100,1.0000,0,0.0000,2068859.0,20688.59,10.78,10.53,0.1078,0.1053,64,100,0.0,0.0,0.0,0.0,2435.9375,256.25
100.0,16,64,4,2,1,nodes16_pods64_prio2_util100_timeout01,100,100,0,0.0000,100,1.0000,10,0.1000,0,0.0000,1,0.0100,89,0.8900,90,0.9000,0,0.0000,167773.0,1677.73,4.921,4.942,0.0492,0.0494,64,90,0.0,0.0,4.6875,3.125,2195.3125,378.125
100.0,16,64,4,2,10,nodes16_pods64_prio2_util100_timeout10,100,100,0,0.0000,100,1.0000,1,0.0100,0,0.0000,5,0.0500,94,0.9400,99,0.9900,0,0.0000,1026729.0,10267.29,7.108,7.174,0.0711,0.0717,64,99,0.0,0.0,40.625,20.3125,1667.1875,301.5625
100.0,16,64,4,2,20,nodes16_pods64_prio2_util100_timeout20,100,100,0,0.0000,100,1.0000,0,0.0000,0,0.0000,9,0.0900,91,0.9100,100,1.0000,0,0.0000,1939601.0,19396.01,7.175,7.257,0.0717,0.0726,64,100,0.0,0.0,81.25,32.8125,1443.75,281.25
100.0,16,64,4,4,1,nodes16_pods64_prio4_util100_timeout01,100,100,0,0.0000,100,1.0000,22,0.2200,4,0.0400,32,0.3200,42,0.4200,74,0.7400,0,0.0000,161400.0,1614.0,1.713,1.468,0.0171,0.0147,64,81,4.6875,29.6875,142.1875,204.6875,456.25,282.8125
100.0,16,64,4,4,10,nodes16_pods64_prio4_util100_timeout10,100,100,0,0.0000,100,1.0000,4,0.0400,5,0.0500,61,0.6100,30,0.3000,91,0.9100,0,0.0000,516873.0,5168.73,3.188,3.047,0.0319,0.0305,64,100,17.1875,35.9375,328.125,364.0625,289.0625,168.75
100.0,16,64,4,4,20,nodes16_pods64_prio4_util100_timeout20,100,100,0,0.0000,100,1.0000,2,0.0200,7,0.0700,69,0.6900,22,0.2200,91,0.9100,0,0.0000,768536.0,7685.36,3.349,3.071,0.0335,0.0307,64,100,12.5,50.0,379.6875,426.5625,253.125,106.25
100.0,16,128,8,1,1,nodes16_pods128_prio1_util100_timeout01,100,100,0,0.0000,100,1.0000,80,0.8000,0,0.0000,0,0.0000,20,0.2000,20,0.2000,0,0.0000,154463.0,1544.63,0.091,0.185,0.0009,0.0019,128,63,0.0,0.0,0.0,0.0,198.4375,41.4062
100.0,16,128,8,1,10,nodes16_pods128_prio1_util100_timeout10,100,100,0,0.0000,100,1.0000,2,0.0200,0,0.0000,0,0.0000,98,0.9800,98,0.9800,0,0.0000,1075501.0,10755.01,5.059,5.056,0.0506,0.0506,128,98,0.0,0.0,0.0,0.0,4778.9062,157.8125
100.0,16,128,8,1,20,nodes16_pods128_prio1_util100_timeout20,100,100,0,0.0000,100,1.0000,2,0.0200,0,0.0000,0,0.0000,98,0.9800,98,0.9800,0,0.0000,2074952.0,20749.52,5.127,5.173,0.0513,0.0517,128,98,0.0,0.0,0.0,0.0,3389.8438,151.5625
100.0,16,128,8,2,1,nodes16_pods128_prio2_util100_timeout01,100,100,0,0.0000,100,1.0000,34,0.3400,0,0.0000,0,0.0000,66,0.6600,66,0.6600,0,0.0000,167262.0,1672.62,1.061,1.077,0.0106,0.0108,128,76,0.0,0.0,0.0,0.0,2296.875,197.6562
100.0,16,128,8,2,10,nodes16_pods128_prio2_util100_timeout10,100,100,0,0.0000,100,1.0000,0,0.0000,0,0.0000,0,0.0000,100,1.0000,100,1.0000,0,0.0000,1073842.0,10738.42,4.278,4.35,0.0428,0.0435,128,100,0.0,0.0,0.0,0.0,2396.875,149.2188
100.0,16,128,8,2,20,nodes16_pods128_prio2_util100_timeout20,100,100,0,0.0000,100,1.0000,0,0.0000,0,0.0000,0,0.0000,100,1.0000,100,1.0000,0,0.0000,2073434.0,20734.34,4.334,4.36,0.0433,0.0436,128,100,0.0,0.0,0.0,0.0,1452.3438,143.75
100.0,16,128,8,4,1,nodes16_pods128_prio4_util100_timeout01,100,100,0,0.0000,100,1.0000,79,0.7900,0,0.0000,1,0.0100,20,0.2000,21,0.2100,0,0.0000,164596.0,1645.96,-0.294,-0.59,-0.0029,-0.0059,128,34,0.0,0.0,8.5938,5.4688,267.9688,60.9375
100.0,16,128,8,4,10,nodes16_pods128_prio4_util100_timeout10,100,100,0,0.0000,100,1.0000,0,0.0000,0,0.0000,7,0.0700,93,0.9300,100,1.0000,0,0.0000,1027243.0,10272.43,3.406,3.088,0.0341,0.0309,128,100,0.0,0.0,25.0,22.6562,823.4375,163.2812
100.0,16,128,8,4,20,nodes16_pods128_prio4_util100_timeout20,100,100,0,0.0000,100,1.0000,3,0.0300,1,0.0100,9,0.0900,87,0.8700,96,0.9600,0,0.0000,1883633.0,18836.33,3.302,3.113,0.033,0.0311,128,98,3.9062,3.9062,19.5312,25.7812,708.5938,143.75
100.0,32,128,4,1,1,nodes32_pods128_prio1_util100_timeout01,100,100,0,0.0000,100,1.0000,100,1.0000,0,0.0000,0,0.0000,0,0.0000,0,0.0000,0,0.0000,127853.0,1278.53,0.004,0.055,0.0,0.0006,128,0,0.0,0.0,0.0,0.0,0.0,0.0
100.0,32,128,4,1,10,nodes32_pods128_prio1_util100_timeout10,100,100,0,0.0000,100,1.0000,7,0.0700,0,0.0000,0,0.0000,93,0.9300,93,0.9300,0,0.0000,1085587.0,10855.87,8.516,8.357,0.0852,0.0836,128,93,0.0,0.0,0.0,0.0,4633.5938,360.9375
100.0,32,128,4,1,20,nodes32_pods128_prio1_util100_timeout20,100,100,0,0.0000,100,1.0000,8,0.0800,0,0.0000,0,0.0000,92,0.9200,92,0.9200,0,0.0000,2086207.0,20862.07,8.515,8.299,0.0852,0.083,128,92,0.0,0.0,0.0,0.0,3279.6875,330.4688
100.0,32,128,4,2,1,nodes32_pods128_prio2_util100_timeout01,100,100,0,0.0000,100,1.0000,100,1.0000,0,0.0000,0,0.0000,0,0.0000,0,0.0000,0,0.0000,122443.0,1224.43,-2.53,-2.615,-0.0253,-0.0262,128,0,0.0,0.0,0.0,0.0,0.0,0.0
100.0,32,128,4,2,10,nodes32_pods128_prio2_util100_timeout10,100,100,0,0.0000,100,1.0000,1,0.0100,0,0.0000,0,0.0000,99,0.9900,99,0.9900,0,0.0000,1083149.0,10831.49,6.433,6.554,0.0643,0.0655,128,99,0.0,0.0,0.0,0.0,2271.0938,353.9062
100.0,32,128,4,2,20,nodes32_pods128_prio2_util100_timeout20,100,100,0,0.0000,100,1.0000,5,0.0500,0,0.0000,0,0.0000,95,0.9500,95,0.9500,0,0.0000,2082530.0,20825.3,6.282,6.364,0.0628,0.0636,128,95,0.0,0.0,0.0,0.0,1753.125,282.8125
100.0,32,128,4,4,1,nodes32_pods128_prio4_util100_timeout01,100,100,0,0.0000,100,1.0000,100,1.0000,0,0.0000,0,0.0000,0,0.0000,0,0.0000,0,0.0000,134607.0,1346.07,-3.166,-3.161,-0.0317,-0.0316,128,0,0.0,0.0,0.0,0.0,0.0,0.0
100.0,32,128,4,4,10,nodes32_pods128_prio4_util100_timeout10,100,100,0,0.0000,100,1.0000,6,0.0600,0,0.0000,16,0.1600,78,0.7800,94,0.9400,0,0.0000,1011362.0,10113.62,3.177,3.279,0.0318,0.0328,128,94,0.0,0.0,75.0,78.9062,664.0625,364.0625
100.0,32,128,4,4,20,nodes32_pods128_prio4_util100_timeout20,100,100,0,0.0000,100,1.0000,7,0.0700,0,0.0000,19,0.1900,74,0.7400,93,0.9300,0,0.0000,1833906.0,18339.06,3.386,3.453,0.0339,0.0345,128,95,0.0,0.0,119.5312,85.1562,667.1875,344.5312
100.0,32,256,8,1,1,nodes32_pods256_prio1_util100_timeout01,100,100,0,0.0000,100,1.0000,100,1.0000,0,0.0000,0,0.0000,0,0.0000,0,0.0000,0,0.0000,127407.0,1274.07,-0.048,0.067,-0.0005,0.0007,256,0,0.0,0.0,0.0,0.0,0.0,0.0
100.0,32,256,8,1,10,nodes32_pods256_prio1_util100_timeout10,100,100,0,0.0000,100,1.0000,38,0.3800,0,0.0000,0,0.0000,62,0.6200,62,0.6200,0,0.0000,1075115.0,10751.15,1.753,1.667,0.0175,0.0167,256,65,0.0,0.0,0.0,0.0,1905.4688,138.6719
100.0,32,256,8,1,20,nodes32_pods256_prio1_util100_timeout20,100,100,0,0.0000,100,1.0000,92,0.9200,0,0.0000,0,0.0000,8,0.0800,8,0.0800,0,0.0000,2107698.0,21076.98,0.392,0.432,0.0039,0.0043,256,8,0.0,0.0,0.0,0.0,270.7031,14.0625
100.0,32,256,8,2,1,nodes32_pods256_prio2_util100_timeout01,100,100,0,0.0000,100,1.0000,100,1.0000,0,0.0000,0,0.0000,0,0.0000,0,0.0000,0,0.0000,136261.0,1362.61,-1.511,-1.268,-0.0151,-0.0127,256,0,0.0,0.0,0.0,0.0,0.0,0.0
100.0,32,256,8,2,10,nodes32_pods256_prio2_util100_timeout10,100,100,0,0.0000,100,1.0000,47,0.4700,0,0.0000,0,0.0000,53,0.5300,53,0.5300,0,0.0000,1099204.0,10992.04,1.205,1.362,0.0121,0.0136,256,53,0.0,0.0,0.0,0.0,1830.4688,91.4062
100.0,32,256,8,2,20,nodes32_pods256_prio2_util100_timeout20,100,100,0,0.0000,100,1.0000,16,0.1600,0,0.0000,0,0.0000,84,0.8400,84,0.8400,0,0.0000,2086248.0,20862.48,2.947,2.952,0.0295,0.0295,256,84,0.0,0.0,0.0,0.0,2230.8594,137.1094
100.0,32,256,8,4,1,nodes32_pods256_prio4_util100_timeout01,100,100,0,0.0000,100,1.0000,100,1.0000,0,0.0000,0,0.0000,0,0.0000,0,0.0000,0,0.0000,128211.0,1282.11,-1.453,-1.712,-0.0145,-0.0171,256,0,0.0,0.0,0.0,0.0,0.0,0.0
100.0,32,256,8,4,10,nodes32_pods256_prio4_util100_timeout10,100,100,0,0.0000,100,1.0000,8,0.0800,0,0.0000,0,0.0000,92,0.9200,92,0.9200,0,0.0000,1087093.0,10870.93,2.541,2.374,0.0254,0.0237,256,92,0.0,0.0,0.0,0.0,1250.7812,189.8438
100.0,32,256,8,4,20,nodes32_pods256_prio4_util100_timeout20,100,100,0,0.0000,100,1.0000,40,0.4000,0,0.0000,0,0.0000,60,0.6000,60,0.6000,0,0.0000,2097001.0,20970.01,1.232,0.994,0.0123,0.0099,256,60,0.0,0.0,0.0,0.0,568.3594,108.9844
105.0,4,16,4,1,1,nodes4_pods16_prio1_util105_timeout01,100,100,0,0.0000,100,1.0000,7,0.0700,1,0.0100,30,0.3000,62,0.6200,92,0.9200,0,0.0000,131430.0,1314.3,8.687,7.541,0.0869,0.0754,16,100,0.0,6.25,443.75,118.75,450.0,287.5
105.0,4,16,4,1,10,nodes4_pods16_prio1_util105_timeout10,100,100,0,0.0000,100,1.0000,4,0.0400,4,0.0400,68,0.6800,24,0.2400,92,0.9200,0,0.0000,338947.0,3389.47,8.575,7.513,0.0857,0.0751,16,100,0.0,25.0,750.0,287.5,131.25,118.75
105.0,4,16,4,1,20,nodes4_pods16_prio1_util105_timeout20,100,100,0,0.0000,100,1.0000,2,0.0200,6,0.0600,77,0.7700,15,0.1500,92,0.9200,0,0.0000,455587.0,4555.87,8.66,7.394,0.0866,0.0739,16,100,0.0,37.5,806.25,331.25,81.25,75.0
105.0,4,16,4,2,1,nodes4_pods16_prio2_util105_timeout01,100,100,0,0.0000,100,1.0000,4,0.0400,39,0.3900,46,0.4600,11,0.1100,57,0.5700,0,0.0000,101314.0,1013.14,4.448,4.509,0.0445,0.0451,16,100,37.5,387.5,406.25,387.5,100.0,81.25
105.0,4,16,4,2,10,nodes4_pods16_prio2_util105_timeout10,100,100,0,0.0000,100,1.0000,0,0.0000,43,0.4300,57,0.5700,0,0.0000,57,0.5700,0,0.0000,121163.0,1211.63,4.522,4.535,0.0452,0.0454,16,100,37.5,425.0,468.75,468.75,0.0,0.0
105.0,4,16,4,2,20,nodes4_pods16_prio2_util105_timeout20,100,100,0,0.0000,100,1.0000,0,0.0000,43,0.4300,57,0.5700,0,0.0000,57,0.5700,0,0.0000,115638.0,1156.38,4.512,4.393,0.0451,0.0439,16,100,37.5,425.0,468.75,468.75,0.0,0.0
105.0,4,16,4,4,1,nodes4_pods16_prio4_util105_timeout01,100,100,0,0.0000,100,1.0000,2,0.0200,64,0.6400,33,0.3300,1,0.0100,34,0.3400,0,0.0000,91400.0,914.0,2.157,1.684,0.0216,0.0168,16,100,62.5,756.25,218.75,393.75,6.25,12.5
105.0,4,16,4,4,10,nodes4_pods16_prio4_util105_timeout10,100,100,0,0.0000,100,1.0000,2,0.0200,63,0.6300,35,0.3500,0,0.0000,35,0.3500,0,0.0000,88363.0,883.63,2.087,1.754,0.0209,0.0175,16,100,62.5,743.75,225.0,418.75,0.0,0.0
105.0,4,16,4,4,20,nodes4_pods16_prio4_util105_timeout20,100,100,0,0.0000,100,1.0000,2,0.0200,63,0.6300,35,0.3500,0,0.0000,35,0.3500,0,0.0000,89292.0,892.92,2.143,1.527,0.0214,0.0153,16,100,62.5,743.75,225.0,418.75,0.0,0.0
105.0,4,32,8,1,1,nodes4_pods32_prio1_util105_timeout01,100,100,0,0.0000,100,1.0000,1,0.0100,0,0.0000,53,0.5300,46,0.4600,99,0.9900,0,0.0000,135398.0,1353.98,4.73,4.763,0.0473,0.0476,32,100,0.0,0.0,128.125,171.875,312.5,175.0
105.0,4,32,8,1,10,nodes4_pods32_prio1_util105_timeout10,100,100,0,0.0000,100,1.0000,2,0.0200,0,0.0000,70,0.7000,28,0.2800,98,0.9800,0,0.0000,362093.0,3620.93,4.912,5.114,0.0491,0.0511,32,99,0.0,0.0,221.875,246.875,284.375,87.5
105.0,4,32,8,1,20,nodes4_pods32_prio1_util105_timeout20,100,100,0,0.0000,100,1.0000,1,0.0100,0,0.0000,73,0.7300,26,0.2600,99,0.9900,0,0.0000,570800.0,5708.0,4.974,5.217,0.0497,0.0522,32,100,0.0,0.0,253.125,256.25,265.625,81.25
105.0,4,32,8,2,1,nodes4_pods32_prio2_util105_timeout01,100,100,0,0.0000,100,1.0000,1,0.0100,8,0.0800,58,0.5800,33,0.3300,91,0.9100,0,0.0000,132034.0,1320.34,3.787,3.395,0.0379,0.0339,32,100,12.5,46.875,237.5,250.0,203.125,171.875
105.0,4,32,8,2,10,nodes4_pods32_prio2_util105_timeout10,100,100,0,0.0000,100,1.0000,0,0.0000,10,0.1000,87,0.8700,3,0.0300,90,0.9000,0,0.0000,214948.0,2149.48,3.582,3.335,0.0358,0.0333,32,100,12.5,59.375,418.75,390.625,3.125,21.875
105.0,4,32,8,2,20,nodes4_pods32_prio2_util105_timeout20,100,100,0,0.0000,100,1.0000,0,0.0000,10,0.1000,89,0.8900,1,0.0100,90,0.9000,0,0.0000,212793.0,2127.93,3.69,3.251,0.0369,0.0325,32,100,12.5,59.375,428.125,421.875,3.125,6.25
105.0,4,32,8,4,1,nodes4_pods32_prio4_util105_timeout01,100,100,0,0.0000,100,1.0000,1,0.0100,34,0.3400,59,0.5900,6,0.0600,65,0.6500,0,0.0000,109721.0,1097.21,2.448,2.43,0.0245,0.0243,32,100,34.375,231.25,234.375,403.125,65.625,40.625
105.0,4,32,8,4,10,nodes4_pods32_prio4_util105_timeout10,100,100,0,0.0000,100,1.0000,0,0.0000,38,0.3800,62,0.6200,0,0.0000,62,0.6200,0,0.0000,124960.0,1249.6,2.473,2.362,0.0247,0.0236,32,100,50.0,275.0,312.5,418.75,0.0,0.0
105.0,4,32,8,4,20,nodes4_pods32_prio4_util105_timeout20,100,100,0,0.0000,100,1.0000,0,0.0000,34,0.3400,66,0.6600,0,0.0000,66,0.6600,0,0.0000,131762.0,1317.62,2.524,2.438,0.0252,0.0244,32,100,43.75,234.375,328.125,450.0,0.0,0.0
105.0,8,32,4,1,1,nodes8_pods32_prio1_util105_timeout01,100,100,0,0.0000,100,1.0000,1,0.0100,0,0.0000,1,0.0100,98,0.9800,99,0.9900,0,0.0000,167150.0,1671.5,10.646,10.275,0.1065,0.1028,32,99,0.0,0.0,0.0,3.125,2784.375,459.375
105.0,8,32,4,1,10,nodes8_pods32_prio1_util105_timeout10,100,100,0,0.0000,100,1.0000,0,0.0000,0,0.0000,1,0.0100,99,0.9900,100,1.0000,0,0.0000,1042180.0,10421.8,11.428,10.842,0.1143,0.1084,32,100,0.0,0.0,0.0,3.125,1703.125,437.5
105.0,8,32,4,1,20,nodes8_pods32_prio1_util105_timeout20,100,100,0,0.0000,100,1.0000,0,0.0000,0,0.0000,7,0.0700,93,0.9300,100,1.0000,0,0.0000,1975512.0,19755.12,11.458,10.867,0.1146,0.1087,32,100,0.0,0.0,68.75,31.25,1559.375,384.375
105.0,8,32,4,2,1,nodes8_pods32_prio2_util105_timeout01,100,100,0,0.0000,100,1.0000,7,0.0700,13,0.1300,24,0.2400,56,0.5600,80,0.8000,0,0.0000,143671.0,1436.71,4.999,4.64,0.05,0.0464,32,99,21.875,121.875,137.5,146.875,753.125,362.5
105.0,8,32,4,2,10,nodes8_pods32_prio2_util105_timeout10,100,100,0,0.0000,100,1.0000,2,0.0200,16,0.1600,50,0.5000,32,0.3200,82,0.8200,0,0.0000,488138.0,4881.38,5.403,5.023,0.054,0.0502,32,100,21.875,150.0,390.625,331.25,528.125,184.375
105.0,8,32,4,2,20,nodes8_pods32_prio2_util105_timeout20,100,100,0,0.0000,100,1.0000,1,0.0100,18,0.1800,59,0.5900,22,0.2200,81,0.8100,0,0.0000,713659.0,7136.59,5.386,4.894,0.0539,0.0489,32,100,34.375,175.0,528.125,378.125,359.375,125.0
105.0,8,32,4,4,1,nodes8_pods32_prio4_util105_timeout01,100,100,0,0.0000,100,1.0000,11,0.1100,29,0.2900,42,0.4200,18,0.1800,60,0.6000,0,0.0000,120820.0,1208.2,2.488,1.946,0.0249,0.0195,32,97,62.5,246.875,303.125,368.75,187.5,196.875
105.0,8,32,4,4,10,nodes8_pods32_prio4_util105_timeout10,100,100,0,0.0000,100,1.0000,7,0.0700,30,0.3000,61,0.6100,2,0.0200,63,0.6300,0,0.0000,163957.0,1639.57,2.58,2.062,0.0258,0.0206,32,100,68.75,278.125,465.625,559.375,40.625,21.875
105.0,8,32,4,4,20,nodes8_pods32_prio4_util105_timeout20,100,100,0,0.0000,100,1.0000,6,0.0600,33,0.3300,59,0.5900,2,0.0200,61,0.6100,0,0.0000,200518.0,2005.18,2.59,2.19,0.0259,0.0219,32,100,68.75,309.375,446.875,546.875,34.375,15.625
105.0,8,64,8,1,1,nodes8_pods64_prio1_util105_timeout01,100,100,0,0.0000,100,1.0000,0,0.0000,0,0.0000,0,0.0000,100,1.0000,100,1.0000,0,0.0000,169841.0,1698.41,4.751,4.811,0.0475,0.0481,64,100,0.0,0.0,0.0,0.0,4609.375,375.0
105.0,8,64,8,1,10,nodes8_pods64_prio1_util105_timeout10,100,100,0,0.0000,100,1.0000,0,0.0000,0,0.0000,0,0.0000,100,1.0000,100,1.0000,0,0.0000,1063696.0,10636.96,5.077,5.152,0.0508,0.0515,64,100,0.0,0.0,0.0,0.0,1432.8125,368.75
105.0,8,64,8,1,20,nodes8_pods64_prio1_util105_timeout20,100,100,0,0.0000,100,1.0000,0,0.0000,0,0.0000,0,0.0000,100,1.0000,100,1.0000,0,0.0000,2058509.0,20585.09,5.007,5.209,0.0501,0.0521,64,100,0.0,0.0,0.0,0.0,665.625,353.125
105.0,8,64,8,2,1,nodes8_pods64_prio2_util105_timeout01,100,100,0,0.0000,100,1.0000,5,0.0500,0,0.0000,0,0.0000,95,0.9500,95,0.9500,0,0.0000,171460.0,1714.6,3.76,3.805,0.0376,0.038,64,96,0.0,0.0,0.0,0.0,1868.75,396.875
105.0,8,64,8,2,10,nodes8_pods64_prio2_util105_timeout10,100,100,0,0.0000,100,1.0000,1,0.0100,0,0.0000,5,0.0500,94,0.9400,99,0.9900,0,0.0000,1027273.0,10272.73,4.243,4.378,0.0424,0.0438,64,100,0.0,0.0,12.5,20.3125,853.125,371.875
105.0,8,64,8,2,20,nodes8_pods64_prio2_util105_timeout20,100,100,0,0.0000,100,1.0000,1,0.0100,0,0.0000,7,0.0700,92,0.9200,99,0.9900,0,0.0000,1922731.0,19227.31,4.263,4.346,0.0426,0.0435,64,100,0.0,0.0,23.4375,28.125,707.8125,360.9375
105.0,8,64,8,4,1,nodes8_pods64_prio4_util105_timeout01,100,100,0,0.0000,100,1.0000,11,0.1100,7,0.0700,16,0.1600,66,0.6600,82,0.8200,0,0.0000,155966.0,1559.66,1.914,2.52,0.0191,0.0252,64,92,4.6875,37.5,39.0625,98.4375,554.6875,395.3125
105.0,8,64,8,4,10,nodes8_pods64_prio4_util105_timeout10,100,100,0,0.0000,100,1.0000,3,0.0300,7,0.0700,46,0.4600,44,0.4400,90,0.9000,0,0.0000,620939.0,6209.39,2.331,2.774,0.0233,0.0277,64,99,14.0625,46.875,139.0625,267.1875,300.0,251.5625
105.0,8,64,8,4,20,nodes8_pods64_prio4_util105_timeout20,100,100,0,0.0000,100,1.0000,2,0.0200,6,0.0600,61,0.6100,31,0.3100,92,0.9200,0,0.0000,943666.0,9436.66,2.411,2.915,0.0241,0.0291,64,99,3.125,42.1875,185.9375,354.6875,239.0625,178.125
105.0,16,64,4,1,1,nodes16_pods64_prio1_util105_timeout01,100,100,0,0.0000,100,1.0000,2,0.0200,0,0.0000,0,0.0000,98,0.9800,98,0.9800,0,0.0000,167630.0,1676.3,6.254,6.798,0.0625,0.068,64,98,0.0,0.0,0.0,0.0,3709.375,620.3125
105.0,16,64,4,1,10,nodes16_pods64_prio1_util105_timeout10,100,100,0,0.0000,100,1.0000,0,0.0000,0,0.0000,0,0.0000,100,1.0000,100,1.0000,0,0.0000,1069867.0,10698.67,9.769,10.139,0.0977,0.1014,64,100,0.0,0.0,0.0,0.0,3370.3125,515.625
105.0,16,64,4,1,20,nodes16_pods64_prio1_util105_timeout20,100,100,0,0.0000,100,1.0000,0,0.0000,0,0.0000,0,0.0000,100,1.0000,100,1.0000,0,0.0000,2068405.0,20684.05,10.067,10.528,0.1007,0.1053,64,100,0.0,0.0,0.0,0.0,2462.5,450.0
105.0,16,64,4,2,1,nodes16_pods64_prio2_util105_timeout01,100,100,0,0.0000,100,1.0000,11,0.1100,0,0.0000,1,0.0100,88,0.8800,89,0.8900,0,0.0000,167025.0,1670.25,4.509,4.992,0.0451,0.0499,64,91,0.0,0.0,9.375,3.125,2034.375,607.8125
105.0,16,64,4,2,10,nodes16_pods64_prio2_util105_timeout10,100,100,0,0.0000,100,1.0000,0,0.0000,0,0.0000,5,0.0500,95,0.9500,100,1.0000,0,0.0000,1029748.0,10297.48,6.729,7.19,0.0673,0.0719,64,100,0.0,0.0,37.5,26.5625,1453.125,531.25
105.0,16,64,4,2,20,nodes16_pods64_prio2_util105_timeout20,100,100,0,0.0000,100,1.0000,0,0.0000,0,0.0000,12,0.1200,88,0.8800,100,1.0000,0,0.0000,1941554.0,19415.54,6.864,7.13,0.0686,0.0713,64,100,0.0,0.0,93.75,70.3125,1234.375,462.5
105.0,16,64,4,4,1,nodes16_pods64_prio4_util105_timeout01,100,100,0,0.0000,100,1.0000,26,0.2600,7,0.0700,15,0.1500,52,0.5200,67,0.6700,0,0.0000,150654.0,1506.54,0.876,1.172,0.0088,0.0117,64,77,15.625,70.3125,37.5,131.25,517.1875,520.3125
105.0,16,64,4,4,10,nodes16_pods64_prio4_util105_timeout10,100,100,0,0.0000,100,1.0000,1,0.0100,10,0.1000,52,0.5200,37,0.3700,89,0.8900,0,0.0000,601500.0,6015.0,3.151,2.906,0.0315,0.0291,64,100,28.125,89.0625,253.125,435.9375,350.0,334.375
105.0,16,64,4,4,20,nodes16_pods64_prio4_util105_timeout20,100,100,0,0.0000,100,1.0000,3,0.0300,9,0.0900,61,0.6100,27,0.2700,88,0.8800,0,0.0000,915687.0,9156.87,3.168,2.767,0.0317,0.0277,64,99,20.3125,84.375,318.75,526.5625,320.3125,223.4375
105.0,16,128,8,1,1,nodes16_pods128_prio1_util105_timeout01,100,100,0,0.0000,100,1.0000,83,0.8300,0,0.0000,0,0.0000,17,0.1700,17,0.1700,0,0.0000,154480.0,1544.8,0.023,0.211,0.0002,0.0021,128,61,0.0,0.0,0.0,0.0,199.2188,55.4688
105.0,16,128,8,1,10,nodes16_pods128_prio1_util105_timeout10,100,100,0,0.0000,100,1.0000,0,0.0000,0,0.0000,0,0.0000,100,1.0000,100,1.0000,0,0.0000,1070562.0,10705.62,4.498,4.776,0.045,0.0478,128,100,0.0,0.0,0.0,0.0,4506.25,470.3125
105.0,16,128,8,1,20,nodes16_pods128_prio1_util105_timeout20,100,100,0,0.0000,100,1.0000,0,0.0000,0,0.0000,0,0.0000,100,1.0000,100,1.0000,0,0.0000,2072485.0,20724.85,4.675,5.049,0.0467,0.0505,128,100,0.0,0.0,0.0,0.0,2892.1875,442.9688
105.0,16,128,8,2,1,nodes16_pods128_prio2_util105_timeout01,100,100,0,0.0000,100,1.0000,29,0.2900,0,0.0000,0,0.0000,71,0.7100,71,0.7100,0,0.0000,167781.0,1677.81,0.784,1.115,0.0078,0.0111,128,73,0.0,0.0,0.0,0.0,2336.7188,399.2188
105.0,16,128,8,2,10,nodes16_pods128_prio2_util105_timeout10,100,100,0,0.0000,100,1.0000,1,0.0100,0,0.0000,0,0.0000,99,0.9900,99,0.9900,0,0.0000,1065216.0,10652.16,3.728,3.982,0.0373,0.0398,128,99,0.0,0.0,0.0,0.0,2382.0312,421.0938
105.0,16,128,8,2,20,nodes16_pods128_prio2_util105_timeout20,100,100,0,0.0000,100,1.0000,1,0.0100,0,0.0000,0,0.0000,99,0.9900,99,0.9900,0,0.0000,2070533.0,20705.33,3.843,4.111,0.0384,0.0411,128,99,0.0,0.0,0.0,0.0,1542.1875,388.2812
105.0,16,128,8,4,1,nodes16_pods128_prio4_util105_timeout01,100,100,0,0.0000,100,1.0000,76,0.7600,0,0.0000,0,0.0000,24,0.2400,24,0.2400,0,0.0000,166271.0,1662.71,-0.683,-1.415,-0.0068,-0.0141,128,36,0.0,0.0,0.0,0.0,239.0625,160.1562
105.0,16,128,8,4,10,nodes16_pods128_prio4_util105_timeout10,100,100,0,0.0000,100,1.0000,3,0.0300,0,0.0000,6,0.0600,91,0.9100,97,0.9700,0,0.0000,1033595.0,10335.95,2.569,2.526,0.0257,0.0253,128,97,0.0,0.0,16.4062,37.5,642.9688,432.8125
105.0,16,128,8,4,20,nodes16_pods128_prio4_util105_timeout20,100,100,0,0.0000,100,1.0000,2,0.0200,1,0.0100,5,0.0500,92,0.9200,97,0.9700,0,0.0000,1969488.0,19694.88,2.654,2.614,0.0265,0.0261,128,99,1.5625,6.25,12.5,27.3438,567.1875,424.2188
105.0,32,128,4,1,1,nodes32_pods128_prio1_util105_timeout01,100,100,0,0.0000,100,1.0000,100,1.0000,0,0.0000,0,0.0000,0,0.0000,0,0.0000,0,0.0000,128256.0,1282.56,0.039,0.019,0.0004,0.0002,128,0,0.0,0.0,0.0,0.0,0.0,0.0
105.0,32,128,4,1,10,nodes32_pods128_prio1_util105_timeout10,100,100,0,0.0000,100,1.0000,7,0.0700,0,0.0000,0,0.0000,93,0.9300,93,0.9300,0,0.0000,1083597.0,10835.97,7.934,7.668,0.0793,0.0767,128,93,0.0,0.0,0.0,0.0,4021.0938,647.6562
105.0,32,128,4,1,20,nodes32_pods128_prio1_util105_timeout20,100,100,0,0.0000,100,1.0000,6,0.0600,0,0.0000,0,0.0000,94,0.9400,94,0.9400,0,0.0000,2083578.0,20835.78,8.581,8.303,0.0858,0.083,128,94,0.0,0.0,0.0,0.0,3200.7812,617.1875
105.0,32,128,4,2,1,nodes32_pods128_prio2_util105_timeout01,100,100,0,0.0000,100,1.0000,100,1.0000,0,0.0000,0,0.0000,0,0.0000,0,0.0000,0,0.0000,122692.0,1226.92,-3.045,-2.76,-0.0305,-0.0276,128,0,0.0,0.0,0.0,0.0,0.0,0.0
105.0,32,128,4,2,10,nodes32_pods128_prio2_util105_timeout10,100,100,0,0.0000,100,1.0000,5,0.0500,0,0.0000,0,0.0000,95,0.9500,95,0.9500,0,0.0000,1083833.0,10838.33,5.567,5.62,0.0557,0.0562,128,95,0.0,0.0,0.0,0.0,1960.9375,579.6875
105.0,32,128,4,2,20,nodes32_pods128_prio2_util105_timeout20,100,100,0,0.0000,100,1.0000,6,0.0600,0,0.0000,0,0.0000,94,0.9400,94,0.9400,0,0.0000,2081808.0,20818.08,5.717,5.78,0.0572,0.0578,128,94,0.0,0.0,0.0,0.0,1489.8438,528.125
105.0,32,128,4,4,1,nodes32_pods128_prio4_util105_timeout01,100,100,0,0.0000,100,1.0000,100,1.0000,0,0.0000,0,0.0000,0,0.0000,0,0.0000,0,0.0000,132824.0,1328.24,-3.838,-3.119,-0.0384,-0.0312,128,0,0.0,0.0,0.0,0.0,0.0,0.0
105.0,32,128,4,4,10,nodes32_pods128_prio4_util105_timeout10,100,100,0,0.0000,100,1.0000,15,0.1500,2,0.0200,11,0.1100,72,0.7200,83,0.8300,0,0.0000,1015342.0,10153.42,1.886,2.06,0.0189,0.0206,128,85,4.6875,17.9688,50.0,74.2188,521.0938,584.375
105.0,32,128,4,4,20,nodes32_pods128_prio4_util105_timeout20,100,100,0,0.0000,100,1.0000,5,0.0500,2,0.0200,14,0.1400,79,0.7900,93,0.9300,0,0.0000,1876032.0,18760.32,2.657,2.858,0.0266,0.0286,128,95,6.25,17.1875,60.1562,108.5938,579.6875,612.5
105.0,32,256,8,1,1,nodes32_pods256_prio1_util105_timeout01,100,100,0,0.0000,100,1.0000,100,1.0000,0,0.0000,0,0.0000,0,0.0000,0,0.0000,0,0.0000,119908.0,1199.08,0.032,0.061,0.0003,0.0006,256,0,0.0,0.0,0.0,0.0,0.0,0.0
105.0,32,256,8,1,10,nodes32_pods256_prio1_util105_timeout10,100,100,0,0.0000,100,1.0000,86,0.8600,0,0.0000,0,0.0000,14,0.1400,14,0.1400,0,0.0000,1101558.0,11015.58,0.351,0.457,0.0035,0.0046,256,15,0.0,0.0,0.0,0.0,607.4219,82.8125
105.0,32,256,8,1,20,nodes32_pods256_prio1_util105_timeout20,100,100,0,0.0000,100,1.0000,62,0.6200,0,0.0000,0,0.0000,38,0.3800,38,0.3800,0,0.0000,2101760.0,21017.6,1.481,1.442,0.0148,0.0144,256,38,0.0,0.0,0.0,0.0,2113.6719,191.7969
105.0,32,256,8,2,1,nodes32_pods256_prio2_util105_timeout01,100,100,0,0.0000,100,1.0000,100,1.0000,0,0.0000,0,0.0000,0,0.0000,0,0.0000,0,0.0000,125728.0,1257.28,-1.506,-1.553,-0.0151,-0.0155,256,0,0.0,0.0,0.0,0.0,0.0,0.0
105.0,32,256,8,2,10,nodes32_pods256_prio2_util105_timeout10,100,100,0,0.0000,100,1.0000,31,0.3100,0,0.0000,0,0.0000,69,0.6900,69,0.6900,0,0.0000,1095393.0,10953.93,1.352,1.555,0.0135,0.0156,256,69,0.0,0.0,0.0,0.0,2331.25,346.0938
105.0,32,256,8,2,20,nodes32_pods256_prio2_util105_timeout20,100,100,0,0.0000,100,1.0000,1,0.0100,0,0.0000,0,0.0000,99,0.9900,99,0.9900,0,0.0000,2076517.0,20765.17,2.777,2.803,0.0278,0.028,256,99,0.0,0.0,0.0,0.0,2960.5469,486.3281
105.0,32,256,8,4,1,nodes32_pods256_prio4_util105_timeout01,100,100,0,0.0000,100,1.0000,100,1.0000,0,0.0000,0,0.0000,0,0.0000,0,0.0000,0,0.0000,127103.0,1271.03,-1.522,-1.916,-0.0152,-0.0192,256,0,0.0,0.0,0.0,0.0,0.0,0.0
105.0,32,256,8,4,10,nodes32_pods256_prio4_util105_timeout10,100,100,0,0.0000,100,1.0000,41,0.4100,0,0.0000,0,0.0000,59,0.5900,59,0.5900,0,0.0000,1096580.0,10965.8,0.615,0.525,0.0062,0.0053,256,59,0.0,0.0,0.0,0.0,599.6094,305.8594
105.0,32,256,8,4,20,nodes32_pods256_prio4_util105_timeout20,100,100,0,0.0000,100,1.0000,42,0.4200,0,0.0000,0,0.0000,58,0.5800,58,0.5800,0,0.0000,2096359.0,20963.59,0.919,0.727,0.0092,0.0073,256,58,0.0,0.0,0.0,0.0,467.9688,281.6406
