pods_per_node,timeout_s,nodes,util,config_dir,default_all_running_rate,default_optimal_rate,solver_optimal_rate,solver_feasible_rate,solver_failed_rate,other_rate,solver_called_rate,solver_duration_ms_mean,cpu_delta_mean,mem_delta_mean,n_seeds
4,1,4,90.0,nodes4_pods16_prio1_util090_timeout01,23.0 ± 42.3,0.0 ± 0.0,72.0 ± 45.1,2.0 ± 14.1,3.0 ± 17.1,0.0 ± 0.0,77.0 ± 0.0,975.6 ± 176.0,0.082 ± 0.053,0.092 ± 0.050,100
4,1,4,95.0,nodes4_pods16_prio1_util095_timeout01,2.0 ± 14.1,1.0 ± 10.0,58.0 ± 49.6,27.0 ± 44.6,12.0 ± 32.7,0.0 ± 0.0,98.0 ± 0.0,1252.9 ± 232.9,0.086 ± 0.075,0.082 ± 0.067,100
4,1,4,100.0,nodes4_pods16_prio1_util100_timeout01,1.0 ± 10.0,11.0 ± 31.4,69.0 ± 46.5,17.0 ± 37.8,2.0 ± 14.1,0.0 ± 0.0,99.0 ± 0.0,1270.6 ± 254.7,0.080 ± 0.075,0.075 ± 0.073,100
4,1,4,105.0,nodes4_pods16_prio1_util105_timeout01,0.0 ± 0.0,1.0 ± 10.0,30.0 ± 46.1,62.0 ± 48.8,7.0 ± 25.6,0.0 ± 0.0,100.0 ± 0.0,1314.3 ± 222.6,0.087 ± 0.078,0.075 ± 0.068,100
4,1,8,90.0,nodes8_pods32_prio1_util090_timeout01,4.0 ± 19.7,0.0 ± 0.0,84.0 ± 36.8,12.0 ± 32.7,0.0 ± 0.0,0.0 ± 0.0,96.0 ± 0.0,1235.8 ± 256.5,0.077 ± 0.045,0.076 ± 0.043,100
4,1,8,95.0,nodes8_pods32_prio1_util095_timeout01,0.0 ± 0.0,0.0 ± 0.0,7.0 ± 25.6,91.0 ± 28.8,2.0 ± 14.1,0.0 ± 0.0,100.0 ± 0.0,1746.7 ± 157.0,0.110 ± 0.050,0.111 ± 0.051,100
4,1,8,100.0,nodes8_pods32_prio1_util100_timeout01,0.0 ± 0.0,0.0 ± 0.0,0.0 ± 0.0,98.0 ± 14.1,2.0 ± 14.1,0.0 ± 0.0,100.0 ± 0.0,1673.8 ± 89.6,0.113 ± 0.052,0.108 ± 0.054,100
4,1,8,105.0,nodes8_pods32_prio1_util105_timeout01,0.0 ± 0.0,0.0 ± 0.0,1.0 ± 10.0,98.0 ± 14.1,1.0 ± 10.0,0.0 ± 0.0,100.0 ± 0.0,1671.5 ± 95.6,0.106 ± 0.055,0.103 ± 0.049,100
4,1,16,90.0,nodes16_pods64_prio1_util090_timeout01,1.0 ± 10.0,0.0 ± 0.0,13.0 ± 33.8,80.0 ± 40.2,6.0 ± 23.9,0.0 ± 0.0,99.0 ± 0.0,1800.4 ± 138.2,0.067 ± 0.038,0.060 ± 0.034,100
4,1,16,95.0,nodes16_pods64_prio1_util095_timeout01,0.0 ± 0.0,0.0 ± 0.0,0.0 ± 0.0,98.0 ± 14.1,2.0 ± 14.1,0.0 ± 0.0,100.0 ± 0.0,1682.2 ± 107.4,0.074 ± 0.038,0.073 ± 0.039,100
4,1,16,100.0,nodes16_pods64_prio1_util100_timeout01,0.0 ± 0.0,0.0 ± 0.0,0.0 ± 0.0,98.0 ± 14.1,2.0 ± 14.1,0.0 ± 0.0,100.0 ± 0.0,1706.1 ± 94.2,0.072 ± 0.038,0.070 ± 0.038,100
4,1,16,105.0,nodes16_pods64_prio1_util105_timeout01,0.0 ± 0.0,0.0 ± 0.0,0.0 ± 0.0,98.0 ± 14.1,2.0 ± 14.1,0.0 ± 0.0,100.0 ± 0.0,1676.3 ± 100.3,0.062 ± 0.038,0.068 ± 0.042,100
4,1,32,90.0,nodes32_pods128_prio1_util090_timeout01,0.0 ± 0.0,0.0 ± 0.0,0.0 ± 0.0,0.0 ± 0.0,100.0 ± 0.0,0.0 ± 0.0,100.0 ± 0.0,1258.9 ± 69.0,0.001 ± 0.013,0.002 ± 0.012,100
4,1,32,95.0,nodes32_pods128_prio1_util095_timeout01,0.0 ± 0.0,0.0 ± 0.0,0.0 ± 0.0,0.0 ± 0.0,100.0 ± 0.0,0.0 ± 0.0,100.0 ± 0.0,1293.5 ± 70.5,0.001 ± 0.012,0.001 ± 0.012,100
4,1,32,100.0,nodes32_pods128_prio1_util100_timeout01,0.0 ± 0.0,0.0 ± 0.0,0.0 ± 0.0,0.0 ± 0.0,100.0 ± 0.0,0.0 ± 0.0,100.0 ± 0.0,1278.5 ± 82.3,0.000 ± 0.013,0.001 ± 0.013,100
4,1,32,105.0,nodes32_pods128_prio1_util105_timeout01,0.0 ± 0.0,0.0 ± 0.0,0.0 ± 0.0,0.0 ± 0.0,100.0 ± 0.0,0.0 ± 0.0,100.0 ± 0.0,1282.6 ± 84.5,0.000 ± 0.011,0.000 ± 0.011,100
4,1,64,90.0,nodes64_pods256_prio1_util090_timeout01,0.0 ± 0.0,0.0 ± 0.0,0.0 ± 0.0,0.0 ± 0.0,100.0 ± 0.0,0.0 ± 0.0,0.0 ± 0.0,-- ± --,-0.001 ± 0.006,-0.001 ± 0.006,100
4,1,64,95.0,nodes64_pods256_prio1_util095_timeout01,0.0 ± 0.0,0.0 ± 0.0,0.0 ± 0.0,0.0 ± 0.0,100.0 ± 0.0,0.0 ± 0.0,0.0 ± 0.0,-- ± --,-0.000 ± 0.008,-0.000 ± 0.007,100
4,1,64,100.0,nodes64_pods256_prio1_util100_timeout01,0.0 ± 0.0,0.0 ± 0.0,0.0 ± 0.0,0.0 ± 0.0,100.0 ± 0.0,0.0 ± 0.0,0.0 ± 0.0,-- ± --,-0.001 ± 0.007,-0.001 ± 0.006,100
4,1,64,105.0,nodes64_pods256_prio1_util105_timeout01,0.0 ± 0.0,0.0 ± 0.0,0.0 ± 0.0,0.0 ± 0.0,100.0 ± 0.0,0.0 ± 0.0,0.0 ± 0.0,-- ± --,0.001 ± 0.010,0.001 ± 0.009,100
4,10,4,90.0,nodes4_pods16_prio1_util090_timeout10,23.0 ± 42.3,1.0 ± 10.0,74.0 ± 44.1,1.0 ± 10.0,1.0 ± 10.0,0.0 ± 0.0,77.0 ± 0.0,937.0 ± 786.5,0.083 ± 0.052,0.091 ± 0.051,100
4,10,4,95.0,nodes4_pods16_prio1_util095_timeout10,2.0 ± 14.1,4.0 ± 19.7,68.0 ± 46.9,17.0 ± 37.8,9.0 ± 28.8,0.0 ± 0.0,98.0 ± 0.0,2642.8 ± 2108.3,0.087 ± 0.074,0.081 ± 0.068,100
4,10,4,100.0,nodes4_pods16_prio1_util100_timeout10,1.0 ± 10.0,12.0 ± 32.7,82.0 ± 38.6,4.0 ± 19.7,1.0 ± 10.0,0.0 ± 0.0,99.0 ± 0.0,1577.3 ± 1329.1,0.079 ± 0.075,0.077 ± 0.073,100
4,10,4,105.0,nodes4_pods16_prio1_util105_timeout10,0.0 ± 0.0,4.0 ± 19.7,68.0 ± 46.9,24.0 ± 42.9,4.0 ± 19.7,0.0 ± 0.0,100.0 ± 0.0,3389.5 ± 2173.5,0.086 ± 0.079,0.075 ± 0.065,100
4,10,8,90.0,nodes8_pods32_prio1_util090_timeout10,4.0 ± 19.7,0.0 ± 0.0,94.0 ± 23.9,1.0 ± 10.0,1.0 ± 10.0,0.0 ± 0.0,96.0 ± 0.0,1580.1 ± 1607.8,0.077 ± 0.045,0.076 ± 0.043,100
4,10,8,95.0,nodes8_pods32_prio1_util095_timeout10,0.0 ± 0.0,0.0 ± 0.0,23.0 ± 42.3,77.0 ± 42.3,0.0 ± 0.0,0.0 ± 0.0,100.0 ± 0.0,8923.1 ± 3359.5,0.117 ± 0.046,0.118 ± 0.049,100
4,10,8,100.0,nodes8_pods32_prio1_util100_timeout10,0.0 ± 0.0,0.0 ± 0.0,8.0 ± 27.3,91.0 ± 28.8,1.0 ± 10.0,0.0 ± 0.0,100.0 ± 0.0,10210.5 ± 1600.0,0.122 ± 0.050,0.118 ± 0.051,100
4,10,8,105.0,nodes8_pods32_prio1_util105_timeout10,0.0 ± 0.0,0.0 ± 0.0,1.0 ± 10.0,99.0 ± 10.0,0.0 ± 0.0,0.0 ± 0.0,100.0 ± 0.0,10421.8 ± 1180.1,0.114 ± 0.055,0.108 ± 0.046,100
4,10,16,90.0,nodes16_pods64_prio1_util090_timeout10,1.0 ± 10.0,0.0 ± 0.0,60.0 ± 49.2,37.0 ± 48.5,2.0 ± 14.1,0.0 ± 0.0,99.0 ± 0.0,6642.6 ± 3792.0,0.070 ± 0.035,0.063 ± 0.030,100
4,10,16,95.0,nodes16_pods64_prio1_util095_timeout10,0.0 ± 0.0,0.0 ± 0.0,1.0 ± 10.0,95.0 ± 21.9,4.0 ± 19.7,0.0 ± 0.0,100.0 ± 0.0,10741.6 ± 455.9,0.105 ± 0.042,0.100 ± 0.041,100
4,10,16,100.0,nodes16_pods64_prio1_util100_timeout10,0.0 ± 0.0,0.0 ± 0.0,0.0 ± 0.0,100.0 ± 0.0,0.0 ± 0.0,0.0 ± 0.0,100.0 ± 0.0,10727.1 ± 81.3,0.106 ± 0.034,0.105 ± 0.037,100
4,10,16,105.0,nodes16_pods64_prio1_util105_timeout10,0.0 ± 0.0,0.0 ± 0.0,0.0 ± 0.0,100.0 ± 0.0,0.0 ± 0.0,0.0 ± 0.0,100.0 ± 0.0,10698.7 ± 86.6,0.098 ± 0.037,0.101 ± 0.040,100
4,10,32,90.0,nodes32_pods128_prio1_util090_timeout10,0.0 ± 0.0,0.0 ± 0.0,8.0 ± 27.3,52.0 ± 50.2,40.0 ± 49.2,0.0 ± 0.0,100.0 ± 0.0,10756.5 ± 848.7,0.043 ± 0.041,0.044 ± 0.042,100
4,10,32,95.0,nodes32_pods128_prio1_util095_timeout10,0.0 ± 0.0,0.0 ± 0.0,0.0 ± 0.0,90.0 ± 30.2,10.0 ± 30.2,0.0 ± 0.0,100.0 ± 0.0,10875.1 ± 84.2,0.084 ± 0.036,0.084 ± 0.036,100
4,10,32,100.0,nodes32_pods128_prio1_util100_timeout10,0.0 ± 0.0,0.0 ± 0.0,0.0 ± 0.0,93.0 ± 25.6,7.0 ± 25.6,0.0 ± 0.0,100.0 ± 0.0,10855.9 ± 84.6,0.085 ± 0.036,0.084 ± 0.035,100
4,10,32,105.0,nodes32_pods128_prio1_util105_timeout10,0.0 ± 0.0,0.0 ± 0.0,0.0 ± 0.0,93.0 ± 25.6,7.0 ± 25.6,0.0 ± 0.0,100.0 ± 0.0,10836.0 ± 102.9,0.079 ± 0.037,0.077 ± 0.034,100
4,10,64,90.0,nodes64_pods256_prio1_util090_timeout10,0.0 ± 0.0,0.0 ± 0.0,0.0 ± 0.0,0.0 ± 0.0,100.0 ± 0.0,0.0 ± 0.0,0.0 ± 0.0,-- ± --,-0.000 ± 0.007,-0.000 ± 0.007,100
4,10,64,95.0,nodes64_pods256_prio1_util095_timeout10,0.0 ± 0.0,0.0 ± 0.0,0.0 ± 0.0,0.0 ± 0.0,100.0 ± 0.0,0.0 ± 0.0,0.0 ± 0.0,-- ± --,-0.000 ± 0.007,0.000 ± 0.007,100
4,10,64,100.0,nodes64_pods256_prio1_util100_timeout10,0.0 ± 0.0,0.0 ± 0.0,0.0 ± 0.0,0.0 ± 0.0,100.0 ± 0.0,0.0 ± 0.0,0.0 ± 0.0,-- ± --,0.000 ± 0.006,-0.000 ± 0.007,100
4,10,64,105.0,nodes64_pods256_prio1_util105_timeout10,0.0 ± 0.0,0.0 ± 0.0,0.0 ± 0.0,0.0 ± 0.0,100.0 ± 0.0,0.0 ± 0.0,0.0 ± 0.0,-- ± --,0.001 ± 0.009,0.000 ± 0.008,100
4,20,4,90.0,nodes4_pods16_prio1_util090_timeout20,23.0 ± 42.3,1.0 ± 10.0,74.0 ± 44.1,1.0 ± 10.0,1.0 ± 10.0,0.0 ± 0.0,77.0 ± 0.0,1086.0 ± 1655.1,0.082 ± 0.053,0.092 ± 0.050,100
4,20,4,95.0,nodes4_pods16_prio1_util095_timeout20,2.0 ± 14.1,6.0 ± 23.9,71.0 ± 45.6,14.0 ± 34.9,7.0 ± 25.6,0.0 ± 0.0,98.0 ± 0.0,3659.8 ± 4063.9,0.086 ± 0.075,0.081 ± 0.068,100
4,20,4,100.0,nodes4_pods16_prio1_util100_timeout20,1.0 ± 10.0,12.0 ± 32.7,83.0 ± 37.8,3.0 ± 17.1,1.0 ± 10.0,0.0 ± 0.0,99.0 ± 0.0,1812.9 ± 2169.0,0.080 ± 0.074,0.076 ± 0.074,100
4,20,4,105.0,nodes4_pods16_prio1_util105_timeout20,0.0 ± 0.0,6.0 ± 23.9,77.0 ± 42.3,15.0 ± 35.9,2.0 ± 14.1,0.0 ± 0.0,100.0 ± 0.0,4555.9 ± 4015.2,0.087 ± 0.078,0.074 ± 0.067,100
4,20,8,90.0,nodes8_pods32_prio1_util090_timeout20,4.0 ± 19.7,0.0 ± 0.0,96.0 ± 19.7,0.0 ± 0.0,0.0 ± 0.0,0.0 ± 0.0,96.0 ± 0.0,1839.9 ± 2719.1,0.077 ± 0.045,0.076 ± 0.043,100
4,20,8,95.0,nodes8_pods32_prio1_util095_timeout20,0.0 ± 0.0,0.0 ± 0.0,39.0 ± 49.0,61.0 ± 49.0,0.0 ± 0.0,0.0 ± 0.0,100.0 ± 0.0,15602.9 ± 7673.2,0.117 ± 0.046,0.118 ± 0.049,100
4,20,8,100.0,nodes8_pods32_prio1_util100_timeout20,0.0 ± 0.0,0.0 ± 0.0,11.0 ± 31.4,88.0 ± 32.7,1.0 ± 10.0,0.0 ± 0.0,100.0 ± 0.0,18965.4 ± 4464.8,0.124 ± 0.048,0.117 ± 0.051,100
4,20,8,105.0,nodes8_pods32_prio1_util105_timeout20,0.0 ± 0.0,0.0 ± 0.0,7.0 ± 25.6,93.0 ± 25.6,0.0 ± 0.0,0.0 ± 0.0,100.0 ± 0.0,19755.1 ± 2987.7,0.115 ± 0.056,0.109 ± 0.046,100
4,20,16,90.0,nodes16_pods64_prio1_util090_timeout20,1.0 ± 10.0,0.0 ± 0.0,79.0 ± 40.9,19.0 ± 39.4,1.0 ± 10.0,0.0 ± 0.0,99.0 ± 0.0,8619.4 ± 7370.8,0.070 ± 0.034,0.064 ± 0.029,100
4,20,16,95.0,nodes16_pods64_prio1_util095_timeout20,0.0 ± 0.0,0.0 ± 0.0,2.0 ± 14.1,97.0 ± 17.1,1.0 ± 10.0,0.0 ± 0.0,100.0 ± 0.0,20673.5 ± 1008.1,0.108 ± 0.038,0.104 ± 0.039,100
4,20,16,100.0,nodes16_pods64_prio1_util100_timeout20,0.0 ± 0.0,0.0 ± 0.0,0.0 ± 0.0,100.0 ± 0.0,0.0 ± 0.0,0.0 ± 0.0,100.0 ± 0.0,20688.6 ± 104.2,0.108 ± 0.033,0.105 ± 0.037,100
4,20,16,105.0,nodes16_pods64_prio1_util105_timeout20,0.0 ± 0.0,0.0 ± 0.0,0.0 ± 0.0,100.0 ± 0.0,0.0 ± 0.0,0.0 ± 0.0,100.0 ± 0.0,20684.0 ± 99.5,0.101 ± 0.035,0.105 ± 0.040,100
4,20,32,90.0,nodes32_pods128_prio1_util090_timeout20,0.0 ± 0.0,0.0 ± 0.0,24.0 ± 42.9,48.0 ± 50.2,28.0 ± 45.1,0.0 ± 0.0,100.0 ± 0.0,19200.3 ± 3741.3,0.050 ± 0.037,0.051 ± 0.038,100
4,20,32,95.0,nodes32_pods128_prio1_util095_timeout20,0.0 ± 0.0,0.0 ± 0.0,0.0 ± 0.0,75.0 ± 43.5,25.0 ± 43.5,0.0 ± 0.0,100.0 ± 0.0,20903.9 ± 107.7,0.076 ± 0.050,0.075 ± 0.049,100
4,20,32,100.0,nodes32_pods128_prio1_util100_timeout20,0.0 ± 0.0,0.0 ± 0.0,0.0 ± 0.0,92.0 ± 27.3,8.0 ± 27.3,0.0 ± 0.0,100.0 ± 0.0,20862.1 ± 95.6,0.085 ± 0.041,0.083 ± 0.039,100
4,20,32,105.0,nodes32_pods128_prio1_util105_timeout20,0.0 ± 0.0,0.0 ± 0.0,0.0 ± 0.0,94.0 ± 23.9,6.0 ± 23.9,0.0 ± 0.0,100.0 ± 0.0,20835.8 ± 98.5,0.086 ± 0.036,0.083 ± 0.036,100
4,20,64,90.0,nodes64_pods256_prio1_util090_timeout20,0.0 ± 0.0,0.0 ± 0.0,0.0 ± 0.0,0.0 ± 0.0,100.0 ± 0.0,0.0 ± 0.0,0.0 ± 0.0,-- ± --,-0.001 ± 0.007,-0.001 ± 0.007,100
4,20,64,95.0,nodes64_pods256_prio1_util095_timeout20,0.0 ± 0.0,0.0 ± 0.0,0.0 ± 0.0,0.0 ± 0.0,100.0 ± 0.0,0.0 ± 0.0,0.0 ± 0.0,-- ± --,0.000 ± 0.008,0.001 ± 0.007,100
4,20,64,100.0,nodes64_pods256_prio1_util100_timeout20,0.0 ± 0.0,0.0 ± 0.0,0.0 ± 0.0,0.0 ± 0.0,100.0 ± 0.0,0.0 ± 0.0,0.0 ± 0.0,-- ± --,0.001 ± 0.007,-0.000 ± 0.008,100
4,20,64,105.0,nodes64_pods256_prio1_util105_timeout20,0.0 ± 0.0,0.0 ± 0.0,0.0 ± 0.0,0.0 ± 0.0,100.0 ± 0.0,0.0 ± 0.0,0.0 ± 0.0,-- ± --,0.001 ± 0.008,0.001 ± 0.008,100
8,1,4,90.0,nodes4_pods32_prio1_util090_timeout01,80.0 ± 40.2,1.0 ± 10.0,19.0 ± 39.4,0.0 ± 0.0,0.0 ± 0.0,0.0 ± 0.0,20.0 ± 0.0,838.6 ± 81.2,0.036 ± 0.014,0.039 ± 0.012,100
8,1,4,95.0,nodes4_pods32_prio1_util095_timeout01,15.0 ± 35.9,1.0 ± 10.0,80.0 ± 40.2,0.0 ± 0.0,4.0 ± 19.7,0.0 ± 0.0,85.0 ± 0.0,961.6 ± 181.6,0.043 ± 0.024,0.047 ± 0.027,100
8,1,4,100.0,nodes4_pods32_prio1_util100_timeout01,0.0 ± 0.0,0.0 ± 0.0,0.0 ± 0.0,96.0 ± 19.7,4.0 ± 19.7,0.0 ± 0.0,100.0 ± 0.0,1526.4 ± 148.2,0.046 ± 0.037,0.042 ± 0.031,100
8,1,4,105.0,nodes4_pods32_prio1_util105_timeout01,0.0 ± 0.0,0.0 ± 0.0,53.0 ± 50.2,46.0 ± 50.1,1.0 ± 10.0,0.0 ± 0.0,100.0 ± 0.0,1354.0 ± 295.8,0.047 ± 0.036,0.048 ± 0.034,100
8,1,8,90.0,nodes8_pods64_prio1_util090_timeout01,55.0 ± 50.0,7.0 ± 25.6,28.0 ± 45.1,0.0 ± 0.0,10.0 ± 30.2,-0.0 ± 0.0,45.0 ± 0.0,1071.1 ± 144.4,0.019 ± 0.015,0.021 ± 0.013,100
8,1,8,95.0,nodes8_pods64_prio1_util095_timeout01,1.0 ± 10.0,1.0 ± 10.0,76.0 ± 42.9,19.0 ± 39.4,3.0 ± 17.1,0.0 ± 0.0,99.0 ± 0.0,1443.3 ± 285.3,0.039 ± 0.026,0.035 ± 0.021,100
8,1,8,100.0,nodes8_pods64_prio1_util100_timeout01,0.0 ± 0.0,0.0 ± 0.0,0.0 ± 0.0,100.0 ± 0.0,0.0 ± 0.0,0.0 ± 0.0,100.0 ± 0.0,1726.3 ± 87.7,0.056 ± 0.026,0.053 ± 0.023,100
8,1,8,105.0,nodes8_pods64_prio1_util105_timeout01,0.0 ± 0.0,0.0 ± 0.0,0.0 ± 0.0,100.0 ± 0.0,0.0 ± 0.0,0.0 ± 0.0,100.0 ± 0.0,1698.4 ± 87.3,0.048 ± 0.025,0.048 ± 0.023,100
8,1,16,90.0,nodes16_pods128_prio1_util090_timeout01,46.0 ± 50.1,8.0 ± 27.3,12.0 ± 32.7,7.0 ± 25.6,27.0 ± 44.6,0.0 ± 0.0,54.0 ± 0.0,1629.7 ± 232.2,0.006 ± 0.013,0.006 ± 0.012,100
8,1,16,95.0,nodes16_pods128_prio1_util095_timeout01,0.0 ± 0.0,0.0 ± 0.0,0.0 ± 0.0,30.0 ± 46.1,70.0 ± 46.1,0.0 ± 0.0,100.0 ± 0.0,1616.9 ± 183.1,0.005 ± 0.016,0.004 ± 0.016,100
8,1,16,100.0,nodes16_pods128_prio1_util100_timeout01,0.0 ± 0.0,0.0 ± 0.0,0.0 ± 0.0,20.0 ± 40.2,80.0 ± 40.2,0.0 ± 0.0,100.0 ± 0.0,1544.6 ± 200.9,0.001 ± 0.012,0.002 ± 0.012,100
8,1,16,105.0,nodes16_pods128_prio1_util105_timeout01,0.0 ± 0.0,0.0 ± 0.0,0.0 ± 0.0,17.0 ± 37.8,83.0 ± 37.8,0.0 ± 0.0,100.0 ± 0.0,1544.8 ± 200.1,0.000 ± 0.010,0.002 ± 0.013,100
8,1,32,95.0,nodes32_pods256_prio1_util095_timeout01,0.0 ± 0.0,0.0 ± 0.0,0.0 ± 0.0,0.0 ± 0.0,100.0 ± 0.0,0.0 ± 0.0,100.0 ± 0.0,1309.0 ± 70.7,0.001 ± 0.007,0.001 ± 0.007,100
8,1,32,100.0,nodes32_pods256_prio1_util100_timeout01,0.0 ± 0.0,0.0 ± 0.0,0.0 ± 0.0,0.0 ± 0.0,100.0 ± 0.0,0.0 ± 0.0,100.0 ± 0.0,1274.1 ± 96.1,-0.001 ± 0.007,0.001 ± 0.007,100
8,1,32,105.0,nodes32_pods256_prio1_util105_timeout01,0.0 ± 0.0,0.0 ± 0.0,0.0 ± 0.0,0.0 ± 0.0,100.0 ± 0.0,0.0 ± 0.0,100.0 ± 0.0,1199.1 ± 90.9,0.000 ± 0.007,0.001 ± 0.007,100
8,1,64,90.0,nodes64_pods512_prio1_util090_timeout01,22.0 ± 41.6,0.0 ± 0.0,0.0 ± 0.0,0.0 ± 0.0,78.0 ± 41.6,0.0 ± 0.0,0.0 ± 0.0,-- ± --,-0.001 ± 0.003,-0.000 ± 0.003,100
8,1,64,95.0,nodes64_pods512_prio1_util095_timeout01,0.0 ± 0.0,0.0 ± 0.0,0.0 ± 0.0,0.0 ± 0.0,100.0 ± 0.0,0.0 ± 0.0,0.0 ± 0.0,-- ± --,-0.000 ± 0.004,-0.000 ± 0.004,100
8,1,64,100.0,nodes64_pods512_prio1_util100_timeout01,0.0 ± 0.0,0.0 ± 0.0,0.0 ± 0.0,0.0 ± 0.0,100.0 ± 0.0,0.0 ± 0.0,0.0 ± 0.0,-- ± --,-0.001 ± 0.004,-0.001 ± 0.004,100
8,1,64,105.0,nodes64_pods512_prio1_util105_timeout01,0.0 ± 0.0,0.0 ± 0.0,0.0 ± 0.0,0.0 ± 0.0,100.0 ± 0.0,0.0 ± 0.0,0.0 ± 0.0,-- ± --,0.000 ± 0.005,-0.000 ± 0.004,100
8,10,4,90.0,nodes4_pods32_prio1_util090_timeout10,79.0 ± 40.9,2.0 ± 14.1,16.0 ± 36.8,0.0 ± 0.0,3.0 ± 17.1,0.0 ± 0.0,21.0 ± 0.0,822.7 ± 54.1,0.035 ± 0.016,0.037 ± 0.015,100
8,10,4,95.0,nodes4_pods32_prio1_util095_timeout10,16.0 ± 36.8,0.0 ± 0.0,81.0 ± 39.4,0.0 ± 0.0,3.0 ± 17.1,0.0 ± 0.0,84.0 ± 0.0,917.2 ± 141.2,0.043 ± 0.024,0.048 ± 0.027,100
8,10,4,100.0,nodes4_pods32_prio1_util100_timeout10,0.0 ± 0.0,0.0 ± 0.0,0.0 ± 0.0,96.0 ± 19.7,4.0 ± 19.7,0.0 ± 0.0,100.0 ± 0.0,6227.1 ± 886.2,0.045 ± 0.036,0.043 ± 0.031,100
8,10,4,105.0,nodes4_pods32_prio1_util105_timeout10,0.0 ± 0.0,0.0 ± 0.0,70.0 ± 46.1,28.0 ± 45.1,2.0 ± 14.1,0.0 ± 0.0,100.0 ± 0.0,3620.9 ± 3426.2,0.049 ± 0.038,0.051 ± 0.036,100
8,10,8,90.0,nodes8_pods64_prio1_util090_timeout10,58.0 ± 49.6,4.0 ± 19.7,29.0 ± 45.6,0.0 ± 0.0,9.0 ± 28.8,0.0 ± 0.0,42.0 ± 0.0,1074.1 ± 219.2,0.020 ± 0.014,0.022 ± 0.012,100
8,10,8,95.0,nodes8_pods64_prio1_util095_timeout10,2.0 ± 14.1,0.0 ± 0.0,96.0 ± 19.7,2.0 ± 14.1,0.0 ± 0.0,0.0 ± 0.0,98.0 ± 0.0,1964.3 ± 1672.0,0.041 ± 0.025,0.037 ± 0.020,100
8,10,8,100.0,nodes8_pods64_prio1_util100_timeout10,0.0 ± 0.0,0.0 ± 0.0,0.0 ± 0.0,100.0 ± 0.0,0.0 ± 0.0,0.0 ± 0.0,100.0 ± 0.0,10643.5 ± 171.8,0.059 ± 0.027,0.056 ± 0.023,100
8,10,8,105.0,nodes8_pods64_prio1_util105_timeout10,0.0 ± 0.0,0.0 ± 0.0,0.0 ± 0.0,100.0 ± 0.0,0.0 ± 0.0,0.0 ± 0.0,100.0 ± 0.0,10637.0 ± 441.6,0.051 ± 0.025,0.051 ± 0.024,100
8,10,16,90.0,nodes16_pods128_prio1_util090_timeout10,48.0 ± 50.2,12.0 ± 32.7,33.0 ± 47.3,0.0 ± 0.0,7.0 ± 25.6,0.0 ± 0.0,52.0 ± 0.0,2011.0 ± 1135.1,0.012 ± 0.011,0.011 ± 0.009,100
8,10,16,95.0,nodes16_pods128_prio1_util095_timeout10,0.0 ± 0.0,0.0 ± 0.0,60.0 ± 49.2,39.0 ± 49.0,1.0 ± 10.0,0.0 ± 0.0,100.0 ± 0.0,7599.5 ± 3129.0,0.040 ± 0.015,0.039 ± 0.016,100
8,10,16,100.0,nodes16_pods128_prio1_util100_timeout10,0.0 ± 0.0,0.0 ± 0.0,0.0 ± 0.0,98.0 ± 14.1,2.0 ± 14.1,0.0 ± 0.0,100.0 ± 0.0,10755.0 ± 92.8,0.051 ± 0.019,0.051 ± 0.020,100
8,10,16,105.0,nodes16_pods128_prio1_util105_timeout10,0.0 ± 0.0,0.0 ± 0.0,0.0 ± 0.0,100.0 ± 0.0,0.0 ± 0.0,0.0 ± 0.0,100.0 ± 0.0,10705.6 ± 91.2,0.045 ± 0.021,0.048 ± 0.021,100
8,10,32,95.0,nodes32_pods256_prio1_util095_timeout10,0.0 ± 0.0,0.0 ± 0.0,0.0 ± 0.0,65.0 ± 47.9,35.0 ± 47.9,0.0 ± 0.0,100.0 ± 0.0,10750.0 ± 764.5,0.018 ± 0.019,0.018 ± 0.019,100
8,10,32,100.0,nodes32_pods256_prio1_util100_timeout10,0.0 ± 0.0,0.0 ± 0.0,0.0 ± 0.0,62.0 ± 48.8,38.0 ± 48.8,0.0 ± 0.0,100.0 ± 0.0,10751.1 ± 788.4,0.018 ± 0.020,0.017 ± 0.019,100
8,10,32,105.0,nodes32_pods256_prio1_util105_timeout10,0.0 ± 0.0,0.0 ± 0.0,0.0 ± 0.0,14.0 ± 34.9,86.0 ± 34.9,0.0 ± 0.0,100.0 ± 0.0,11015.6 ± 403.6,0.004 ± 0.013,0.005 ± 0.015,100
8,10,64,90.0,nodes64_pods512_prio1_util090_timeout10,25.0 ± 43.5,0.0 ± 0.0,0.0 ± 0.0,0.0 ± 0.0,75.0 ± 43.5,0.0 ± 0.0,0.0 ± 0.0,-- ± --,0.000 ± 0.003,0.000 ± 0.003,100
8,10,64,95.0,nodes64_pods512_prio1_util095_timeout10,0.0 ± 0.0,0.0 ± 0.0,0.0 ± 0.0,0.0 ± 0.0,100.0 ± 0.0,0.0 ± 0.0,0.0 ± 0.0,-- ± --,-0.000 ± 0.005,0.000 ± 0.004,100
8,10,64,100.0,nodes64_pods512_prio1_util100_timeout10,0.0 ± 0.0,0.0 ± 0.0,0.0 ± 0.0,0.0 ± 0.0,100.0 ± 0.0,0.0 ± 0.0,0.0 ± 0.0,-- ± --,-0.000 ± 0.004,-0.001 ± 0.004,100
8,10,64,105.0,nodes64_pods512_prio1_util105_timeout10,0.0 ± 0.0,0.0 ± 0.0,0.0 ± 0.0,0.0 ± 0.0,100.0 ± 0.0,0.0 ± 0.0,0.0 ± 0.0,-- ± --,-0.000 ± 0.005,-0.001 ± 0.004,100
8,20,4,90.0,nodes4_pods32_prio1_util090_timeout20,79.0 ± 40.9,2.0 ± 14.1,15.0 ± 35.9,0.0 ± 0.0,4.0 ± 19.7,0.0 ± 0.0,21.0 ± 0.0,835.1 ± 107.2,0.035 ± 0.016,0.037 ± 0.015,100
8,20,4,95.0,nodes4_pods32_prio1_util095_timeout20,15.0 ± 35.9,1.0 ± 10.0,79.0 ± 40.9,0.0 ± 0.0,5.0 ± 21.9,0.0 ± 0.0,85.0 ± 0.0,960.1 ± 146.5,0.043 ± 0.024,0.047 ± 0.027,100
8,20,4,100.0,nodes4_pods32_prio1_util100_timeout20,0.0 ± 0.0,0.0 ± 0.0,0.0 ± 0.0,96.0 ± 19.7,4.0 ± 19.7,0.0 ± 0.0,100.0 ± 0.0,11157.7 ± 637.4,0.045 ± 0.038,0.042 ± 0.032,100
8,20,4,105.0,nodes4_pods32_prio1_util105_timeout20,0.0 ± 0.0,0.0 ± 0.0,73.0 ± 44.6,26.0 ± 44.1,1.0 ± 10.0,0.0 ± 0.0,100.0 ± 0.0,5708.0 ± 6645.8,0.050 ± 0.037,0.052 ± 0.035,100
8,20,8,90.0,nodes8_pods64_prio1_util090_timeout20,51.0 ± 50.2,11.0 ± 31.4,30.0 ± 46.1,0.0 ± 0.0,8.0 ± 27.3,0.0 ± 0.0,49.0 ± 0.0,1043.9 ± 146.0,0.018 ± 0.015,0.019 ± 0.013,100
8,20,8,95.0,nodes8_pods64_prio1_util095_timeout20,0.0 ± 0.0,2.0 ± 14.1,96.0 ± 19.7,0.0 ± 0.0,2.0 ± 14.1,0.0 ± 0.0,100.0 ± 0.0,1880.3 ± 1518.6,0.040 ± 0.025,0.036 ± 0.021,100
8,20,8,100.0,nodes8_pods64_prio1_util100_timeout20,0.0 ± 0.0,0.0 ± 0.0,0.0 ± 0.0,100.0 ± 0.0,0.0 ± 0.0,0.0 ± 0.0,100.0 ± 0.0,20441.0 ± 1118.9,0.058 ± 0.027,0.056 ± 0.023,100
8,20,8,105.0,nodes8_pods64_prio1_util105_timeout20,0.0 ± 0.0,0.0 ± 0.0,0.0 ± 0.0,100.0 ± 0.0,0.0 ± 0.0,0.0 ± 0.0,100.0 ± 0.0,20585.1 ± 580.8,0.050 ± 0.025,0.052 ± 0.023,100
8,20,16,90.0,nodes16_pods128_prio1_util090_timeout20,47.0 ± 50.2,13.0 ± 33.8,33.0 ± 47.3,1.0 ± 10.0,6.0 ± 23.9,0.0 ± 0.0,53.0 ± 0.0,2525.6 ± 3407.8,0.011 ± 0.011,0.011 ± 0.009,100
8,20,16,95.0,nodes16_pods128_prio1_util095_timeout20,0.0 ± 0.0,0.0 ± 0.0,72.0 ± 45.1,23.0 ± 42.3,5.0 ± 21.9,0.0 ± 0.0,100.0 ± 0.0,11688.7 ± 7215.2,0.038 ± 0.017,0.037 ± 0.018,100
8,20,16,100.0,nodes16_pods128_prio1_util100_timeout20,0.0 ± 0.0,0.0 ± 0.0,0.0 ± 0.0,98.0 ± 14.1,2.0 ± 14.1,0.0 ± 0.0,100.0 ± 0.0,20749.5 ± 105.3,0.051 ± 0.018,0.052 ± 0.019,100
8,20,16,105.0,nodes16_pods128_prio1_util105_timeout20,0.0 ± 0.0,0.0 ± 0.0,0.0 ± 0.0,100.0 ± 0.0,0.0 ± 0.0,0.0 ± 0.0,100.0 ± 0.0,20724.8 ± 86.3,0.047 ± 0.021,0.051 ± 0.021,100
8,20,32,95.0,nodes32_pods256_prio1_util095_timeout20,0.0 ± 0.0,0.0 ± 0.0,9.0 ± 28.8,6.0 ± 23.9,85.0 ± 35.9,0.0 ± 0.0,100.0 ± 0.0,20764.0 ± 1214.6,0.005 ± 0.016,0.006 ± 0.015,100
8,20,32,100.0,nodes32_pods256_prio1_util100_timeout20,0.0 ± 0.0,0.0 ± 0.0,0.0 ± 0.0,8.0 ± 27.3,92.0 ± 27.3,0.0 ± 0.0,100.0 ± 0.0,21077.0 ± 48.1,0.004 ± 0.015,0.004 ± 0.017,100
8,20,32,105.0,nodes32_pods256_prio1_util105_timeout20,0.0 ± 0.0,0.0 ± 0.0,0.0 ± 0.0,38.0 ± 48.8,62.0 ± 48.8,0.0 ± 0.0,100.0 ± 0.0,21017.6 ± 99.2,0.015 ± 0.022,0.014 ± 0.021,100
8,20,64,90.0,nodes64_pods512_prio1_util090_timeout20,21.0 ± 40.9,3.0 ± 17.1,3.0 ± 17.1,0.0 ± 0.0,73.0 ± 44.6,0.0 ± 0.0,6.0 ± 23.9,19426.7 ± 1400.3,0.000 ± 0.004,0.000 ± 0.003,100
8,20,64,95.0,nodes64_pods512_prio1_util095_timeout20,0.0 ± 0.0,0.0 ± 0.0,0.0 ± 0.0,0.0 ± 0.0,100.0 ± 0.0,0.0 ± 0.0,0.0 ± 0.0,-- ± --,0.000 ± 0.004,-0.000 ± 0.004,100
8,20,64,100.0,nodes64_pods512_prio1_util100_timeout20,0.0 ± 0.0,0.0 ± 0.0,0.0 ± 0.0,0.0 ± 0.0,100.0 ± 0.0,0.0 ± 0.0,0.0 ± 0.0,-- ± --,-0.000 ± 0.004,-0.000 ± 0.004,100
8,20,64,105.0,nodes64_pods512_prio1_util105_timeout20,0.0 ± 0.0,0.0 ± 0.0,0.0 ± 0.0,0.0 ± 0.0,100.0 ± 0.0,0.0 ± 0.0,0.0 ± 0.0,-- ± --,-0.000 ± 0.004,-0.000 ± 0.004,100
